[13Mar2026 19:33:04.199] [main/INFO] [cpw.mods.modlauncher.Launcher/MODLAUNCHER]: ModLauncher running: args [--launchTarget, forgeclientdev, --version, 21.1.219, --assetIndex, 17, --assetsDir, C:\\Users\\JayDeeHome\\.gradle\\caches\\neoformruntime\\assets, --gameDir, ., --fml.fmlVersion, 4.0.42, --fml.mcVersion, 1.21.1, --fml.neoForgeVersion, 21.1.219, --fml.neoFormVersion, 20240808.144430]
[13Mar2026 19:33:04.202] [main/INFO] [cpw.mods.modlauncher.Launcher/MODLAUNCHER]: JVM identified as Amazon.com Inc. OpenJDK 64-Bit Server VM 21.0.7+6-LTS
[13Mar2026 19:33:04.203] [main/INFO] [cpw.mods.modlauncher.Launcher/MODLAUNCHER]: ModLauncher 11.0.5+main.901c6ea8 starting: java version 21.0.7 by Amazon.com Inc.; OS Windows 11 arch amd64 version 10.0
[13Mar2026 19:33:04.223] [main/DEBUG] [cpw.mods.modlauncher.LaunchServiceHandler/MODLAUNCHER]: Found launch services [minecraft,forgeclient,forgedatauserdev,testharness,forgeserverdev,forgeserveruserdev,forgejunitdev,forgeclientdev,forgeclientuserdev,forgeserver,forgejunituserdev,forgedatadev]
[13Mar2026 19:33:04.244] [main/DEBUG] [cpw.mods.modlauncher.LaunchPluginHandler/MODLAUNCHER]: Found launch plugins: [mixin,slf4jfixer,runtime_enum_extender,accesstransformer,runtimedistcleaner]
[13Mar2026 19:33:04.254] [main/DEBUG] [cpw.mods.modlauncher.TransformationServicesHandler/MODLAUNCHER]: Discovering transformation services
[13Mar2026 19:33:04.258] [main/DEBUG] [net.neoforged.fml.loading.FMLPaths/CORE]: Path GAMEDIR is C:\Users\JayDeeHome\Documents\Development\Jahdoo Neoforge\run
[13Mar2026 19:33:04.258] [main/DEBUG] [net.neoforged.fml.loading.FMLPaths/CORE]: Path MODSDIR is C:\Users\JayDeeHome\Documents\Development\Jahdoo Neoforge\run\mods
[13Mar2026 19:33:04.260] [main/DEBUG] [net.neoforged.fml.loading.FMLPaths/CORE]: Path CONFIGDIR is C:\Users\JayDeeHome\Documents\Development\Jahdoo Neoforge\run\config
[13Mar2026 19:33:04.260] [main/DEBUG] [net.neoforged.fml.loading.FMLPaths/CORE]: Path FMLCONFIG is C:\Users\JayDeeHome\Documents\Development\Jahdoo Neoforge\run\config\fml.toml
[13Mar2026 19:33:04.279] [main/WARN] [net.neoforged.fml.loading.FMLConfig/CORE]: Configuration file C:\Users\JayDeeHome\Documents\Development\Jahdoo Neoforge\run\config\fml.toml is not correct. Correcting
[13Mar2026 19:33:04.301] [main/DEBUG] [net.neoforged.fml.loading.targets.CommonLaunchHandler/CORE]: Got mod coordinates jahdoo%%C:\Users\JayDeeHome\Documents\Development\Jahdoo Neoforge\build\classes\java\main;jahdoo%%C:\Users\JayDeeHome\Documents\Development\Jahdoo Neoforge\build\classes\kotlin\main;jahdoo%%C:\Users\JayDeeHome\Documents\Development\Jahdoo Neoforge\build\resources\main from env
[13Mar2026 19:33:04.302] [main/DEBUG] [net.neoforged.fml.loading.targets.CommonLaunchHandler/CORE]: Found supplied mod coordinates [{jahdoo=[C:\Users\JayDeeHome\Documents\Development\Jahdoo Neoforge\build\classes\java\main, C:\Users\JayDeeHome\Documents\Development\Jahdoo Neoforge\build\classes\kotlin\main, C:\Users\JayDeeHome\Documents\Development\Jahdoo Neoforge\build\resources\main]}]
[13Mar2026 19:33:04.304] [main/DEBUG] [cpw.mods.modlauncher.TransformationServicesHandler/MODLAUNCHER]: Found additional transformation services from discovery services: 
[13Mar2026 19:33:04.311] [main/INFO] [net.neoforged.fml.loading.ImmediateWindowHandler/]: Loading ImmediateWindowProvider fmlearlywindow
[13Mar2026 19:33:04.417] [main/INFO] [EARLYDISPLAY/]: Trying GL version 4.6
[13Mar2026 19:33:04.708] [main/INFO] [EARLYDISPLAY/]: Requested GL version 4.6 got version 4.6
[13Mar2026 19:33:04.768] [main/DEBUG] [cpw.mods.modlauncher.TransformationServicesHandler/MODLAUNCHER]: Found transformer services : [mixin,fml]
[13Mar2026 19:33:04.768] [main/DEBUG] [cpw.mods.modlauncher.TransformationServicesHandler/MODLAUNCHER]: Transformation services loading
[13Mar2026 19:33:04.769] [main/DEBUG] [cpw.mods.modlauncher.TransformationServiceDecorator/MODLAUNCHER]: Loading service mixin
[13Mar2026 19:33:04.769] [main/DEBUG] [cpw.mods.modlauncher.TransformationServiceDecorator/MODLAUNCHER]: Loaded service mixin
[13Mar2026 19:33:04.769] [main/DEBUG] [cpw.mods.modlauncher.TransformationServiceDecorator/MODLAUNCHER]: Loading service fml
[13Mar2026 19:33:04.770] [main/DEBUG] [net.neoforged.fml.loading.FMLLoader/CORE]: FML 4.0.42 loading
[13Mar2026 19:33:04.770] [main/DEBUG] [net.neoforged.fml.loading.FMLLoader/CORE]: FML found ModLauncher version : 11.0.5+main.901c6ea8
[13Mar2026 19:33:04.770] [main/DEBUG] [net.neoforged.fml.loading.FMLLoader/CORE]: FML found AccessTransformer version : 10.0.1+139da711
[13Mar2026 19:33:04.771] [main/DEBUG] [net.neoforged.fml.loading.FMLLoader/CORE]: FML found EventBus version : null
[13Mar2026 19:33:04.772] [main/DEBUG] [net.neoforged.fml.loading.FMLLoader/CORE]: Found Runtime Dist Cleaner
[13Mar2026 19:33:04.772] [main/DEBUG] [cpw.mods.modlauncher.TransformationServiceDecorator/MODLAUNCHER]: Loaded service fml
[13Mar2026 19:33:04.773] [main/DEBUG] [cpw.mods.modlauncher.TransformationServicesHandler/MODLAUNCHER]: Configuring option handling for services
[13Mar2026 19:33:04.796] [main/DEBUG] [net.neoforged.fml.loading.FMLServiceProvider/CORE]: Received command line version data  : VersionInfo[neoForgeVersion=21.1.219, fmlVersion=4.0.42, mcVersion=1.21.1, neoFormVersion=20240808.144430]
[13Mar2026 19:33:04.796] [main/DEBUG] [cpw.mods.modlauncher.TransformationServicesHandler/MODLAUNCHER]: Transformation services initializing
[13Mar2026 19:33:04.798] [main/DEBUG] [cpw.mods.modlauncher.TransformationServiceDecorator/MODLAUNCHER]: Initializing transformation service mixin
[13Mar2026 19:33:04.813] [main/DEBUG] [mixin/]: MixinService [ModLauncher] was successfully booted in cpw.mods.cl.ModuleClassLoader@50caa560
[13Mar2026 19:33:04.823] [main/INFO] [mixin/]: SpongePowered MIXIN Subsystem Version=0.8.7 Source=union:/C:/Users/JayDeeHome/.gradle/caches/modules-2/files-2.1/net.fabricmc/sponge-mixin/0.15.2+mixin.0.8.7/2af2f021d8e02a0220dc27a7a72b4666d66d44ca/sponge-mixin-0.15.2+mixin.0.8.7.jar%23138!/ Service=ModLauncher Env=CLIENT
[13Mar2026 19:33:04.826] [main/DEBUG] [mixin/]: Initialising Mixin Platform Manager
[13Mar2026 19:33:04.826] [main/DEBUG] [mixin/]: Adding mixin platform agents for container ModLauncher Root Container(ModLauncher:4f56a0a2)
[13Mar2026 19:33:04.828] [main/DEBUG] [mixin/]: Instancing new MixinPlatformAgentMinecraftForge for ModLauncher Root Container(ModLauncher:4f56a0a2)
[13Mar2026 19:33:04.828] [main/DEBUG] [mixin/]: MixinPlatformAgentMinecraftForge rejected container ModLauncher Root Container(ModLauncher:4f56a0a2)
[13Mar2026 19:33:04.829] [main/DEBUG] [mixin/]: Instancing new MixinPlatformAgentDefault for ModLauncher Root Container(ModLauncher:4f56a0a2)
[13Mar2026 19:33:04.829] [main/DEBUG] [mixin/]: MixinPlatformAgentDefault accepted container ModLauncher Root Container(ModLauncher:4f56a0a2)
[13Mar2026 19:33:04.831] [main/DEBUG] [cpw.mods.modlauncher.TransformationServiceDecorator/MODLAUNCHER]: Initialized transformation service mixin
[13Mar2026 19:33:04.831] [main/DEBUG] [cpw.mods.modlauncher.TransformationServiceDecorator/MODLAUNCHER]: Initializing transformation service fml
[13Mar2026 19:33:04.831] [main/DEBUG] [net.neoforged.fml.loading.FMLServiceProvider/CORE]: Setting up basic FML game directories
[13Mar2026 19:33:04.831] [main/DEBUG] [net.neoforged.fml.loading.FMLPaths/CORE]: Path GAMEDIR is C:\Users\JayDeeHome\Documents\Development\Jahdoo Neoforge\run
[13Mar2026 19:33:04.832] [main/DEBUG] [net.neoforged.fml.loading.FMLPaths/CORE]: Path MODSDIR is C:\Users\JayDeeHome\Documents\Development\Jahdoo Neoforge\run\mods
[13Mar2026 19:33:04.832] [main/DEBUG] [net.neoforged.fml.loading.FMLPaths/CORE]: Path CONFIGDIR is C:\Users\JayDeeHome\Documents\Development\Jahdoo Neoforge\run\config
[13Mar2026 19:33:04.832] [main/DEBUG] [net.neoforged.fml.loading.FMLPaths/CORE]: Path FMLCONFIG is C:\Users\JayDeeHome\Documents\Development\Jahdoo Neoforge\run\config\fml.toml
[13Mar2026 19:33:04.832] [main/DEBUG] [net.neoforged.fml.loading.FMLServiceProvider/CORE]: Loading configuration
[13Mar2026 19:33:04.833] [main/WARN] [net.neoforged.fml.loading.FMLConfig/CORE]: Configuration file C:\Users\JayDeeHome\Documents\Development\Jahdoo Neoforge\run\config\fml.toml is not correct. Correcting
[13Mar2026 19:33:04.836] [main/DEBUG] [net.neoforged.fml.loading.FMLServiceProvider/CORE]: Preparing launch handler
[13Mar2026 19:33:04.836] [main/DEBUG] [net.neoforged.fml.loading.FMLLoader/CORE]: Using forgeclientdev as launch service
[13Mar2026 19:33:04.839] [main/DEBUG] [cpw.mods.modlauncher.TransformationServiceDecorator/MODLAUNCHER]: Initialized transformation service fml
[13Mar2026 19:33:04.839] [main/DEBUG] [cpw.mods.modlauncher.TransformationServicesHandler/MODLAUNCHER]: Transformation services begin scanning
[13Mar2026 19:33:04.839] [main/DEBUG] [cpw.mods.modlauncher.TransformationServiceDecorator/MODLAUNCHER]: Beginning scan trigger - transformation service mixin
[13Mar2026 19:33:04.840] [main/DEBUG] [cpw.mods.modlauncher.TransformationServiceDecorator/MODLAUNCHER]: End scan trigger - transformation service mixin
[13Mar2026 19:33:04.840] [main/DEBUG] [cpw.mods.modlauncher.TransformationServiceDecorator/MODLAUNCHER]: Beginning scan trigger - transformation service fml
[13Mar2026 19:33:04.840] [main/DEBUG] [net.neoforged.fml.loading.FMLServiceProvider/CORE]: Initiating mod scan
[13Mar2026 19:33:04.840] [main/DEBUG] [net.neoforged.fml.loading.targets.CommonLaunchHandler/CORE]: Got mod coordinates jahdoo%%C:\Users\JayDeeHome\Documents\Development\Jahdoo Neoforge\build\classes\java\main;jahdoo%%C:\Users\JayDeeHome\Documents\Development\Jahdoo Neoforge\build\classes\kotlin\main;jahdoo%%C:\Users\JayDeeHome\Documents\Development\Jahdoo Neoforge\build\resources\main from env
[13Mar2026 19:33:04.841] [main/DEBUG] [net.neoforged.fml.loading.targets.CommonLaunchHandler/CORE]: Found supplied mod coordinates [{jahdoo=[C:\Users\JayDeeHome\Documents\Development\Jahdoo Neoforge\build\classes\java\main, C:\Users\JayDeeHome\Documents\Development\Jahdoo Neoforge\build\classes\kotlin\main, C:\Users\JayDeeHome\Documents\Development\Jahdoo Neoforge\build\resources\main]}]
[13Mar2026 19:33:04.842] [main/DEBUG] [net.neoforged.fml.loading.targets.CommonDevLaunchHandler/]: Launching with NeoForge from C:\Users\JayDeeHome\Documents\Development\Jahdoo Neoforge\build\moddev\artifacts\neoforge-21.1.219-minecraft-merged.jar
[13Mar2026 19:33:04.855] [main/DEBUG] [net.neoforged.fml.util.ServiceLoaderUtil/CORE]: Found 4 implementations of IModFileCandidateLocator:
[13Mar2026 19:33:04.856] [main/DEBUG] [net.neoforged.fml.util.ServiceLoaderUtil/CORE]: 	       0 - [built-in] net.neoforged.fml.loading.moddiscovery.locators.NeoForgeDevProvider from loader-4.0.42.jar
[13Mar2026 19:33:04.856] [main/DEBUG] [net.neoforged.fml.util.ServiceLoaderUtil/CORE]: 	       0 - net.neoforged.fml.loading.moddiscovery.locators.ModsFolderLocator from loader-4.0.42.jar
[13Mar2026 19:33:04.857] [main/DEBUG] [net.neoforged.fml.util.ServiceLoaderUtil/CORE]: 	       0 - net.neoforged.fml.loading.moddiscovery.locators.MavenDirectoryLocator from loader-4.0.42.jar
[13Mar2026 19:33:04.857] [main/DEBUG] [net.neoforged.fml.util.ServiceLoaderUtil/CORE]: 	   -1000 - [built-in] net.neoforged.fml.loading.moddiscovery.locators.UserdevLocator from loader-4.0.42.jar
[13Mar2026 19:33:04.860] [main/DEBUG] [net.neoforged.fml.util.ServiceLoaderUtil/CORE]: Found 2 implementations of IModFileReader:
[13Mar2026 19:33:04.860] [main/DEBUG] [net.neoforged.fml.util.ServiceLoaderUtil/CORE]: 	       0 - net.neoforged.fml.loading.moddiscovery.readers.JarModsDotTomlModFileReader from loader-4.0.42.jar
[13Mar2026 19:33:04.861] [main/DEBUG] [net.neoforged.fml.util.ServiceLoaderUtil/CORE]: 	   -1000 - net.neoforged.fml.loading.moddiscovery.readers.NestedLibraryModReader from loader-4.0.42.jar
[13Mar2026 19:33:04.862] [main/DEBUG] [net.neoforged.fml.util.ServiceLoaderUtil/CORE]: Found 1 implementations of IDependencyLocator:
[13Mar2026 19:33:04.862] [main/DEBUG] [net.neoforged.fml.util.ServiceLoaderUtil/CORE]: 	       0 - net.neoforged.fml.loading.moddiscovery.locators.JarInJarDependencyLocator from loader-4.0.42.jar
[13Mar2026 19:33:04.949] [main/DEBUG] [net.neoforged.fml.loading.moddiscovery.ModFileInfo/LOADING]: Found valid mod file neoforge-21.1.219-minecraft-merged.jar with {minecraft} mods - versions {1.21.1}
[13Mar2026 19:33:04.957] [main/DEBUG] [net.neoforged.fml.loading.moddiscovery.ModFileParser/LOADING]: Considering mod file candidate C:\Users\JayDeeHome\Documents\Development\Jahdoo Neoforge\build\moddev\artifacts\neoforge-21.1.219-minecraft-merged.jar
[13Mar2026 19:33:04.972] [main/DEBUG] [net.neoforged.fml.loading.moddiscovery.ModFileInfo/LOADING]: Found valid mod file neoforge-21.1.219-minecraft-merged.jar with {neoforge} mods - versions {21.1.219}
[13Mar2026 19:33:04.975] [main/DEBUG] [net.neoforged.fml.loading.moddiscovery.ModFileParser/LOADING]: Considering mod file candidate C:\Users\JayDeeHome\Documents\Development\Jahdoo Neoforge\run\mods\dummmmmmy-1.21-2.0.11-neoforge.jar
[13Mar2026 19:33:04.979] [main/DEBUG] [net.neoforged.fml.loading.moddiscovery.ModFileInfo/LOADING]: Found valid mod file dummmmmmy-1.21-2.0.11-neoforge.jar with {dummmmmmy} mods - versions {1.21-2.0.11}
[13Mar2026 19:33:04.981] [main/DEBUG] [net.neoforged.fml.loading.moddiscovery.ModFileParser/LOADING]: Considering mod file candidate C:\Users\JayDeeHome\Documents\Development\Jahdoo Neoforge\run\mods\moonlight-1.21-2.29.20-neoforge.jar
[13Mar2026 19:33:04.983] [main/DEBUG] [net.neoforged.fml.loading.moddiscovery.ModFileInfo/LOADING]: Found valid mod file moonlight-1.21-2.29.20-neoforge.jar with {moonlight} mods - versions {1.21-2.29.20}
[13Mar2026 19:33:04.987] [main/DEBUG] [net.neoforged.fml.loading.moddiscovery.ModListHandler/CORE]: Found mod coordinates from lists: []
[13Mar2026 19:33:04.988] [main/DEBUG] [net.neoforged.fml.loading.moddiscovery.ModFileParser/LOADING]: Considering mod file candidate C:\Users\JayDeeHome\Documents\Development\Jahdoo Neoforge\build\classes\java\main
[13Mar2026 19:33:04.989] [main/DEBUG] [net.neoforged.fml.loading.moddiscovery.ModFileInfo/LOADING]: Found valid mod file main with {jahdoo} mods - versions {1.21-1.0}
[13Mar2026 19:33:04.994] [main/DEBUG] [net.neoforged.fml.loading.moddiscovery.ModFileParser/LOADING]: Considering mod file candidate C:\Users\JayDeeHome\Documents\Development\Jahdoo Neoforge\build\libs\ShoulderSurfing-NeoForge-1.21.1-4.10.4.jar
[13Mar2026 19:33:04.997] [main/DEBUG] [net.neoforged.fml.loading.moddiscovery.ModFileInfo/LOADING]: Found valid mod file ShoulderSurfing-NeoForge-1.21.1-4.10.4.jar with {shouldersurfing} mods - versions {1.21.1-4.10.4}
[13Mar2026 19:33:05.000] [main/DEBUG] [net.neoforged.fml.loading.moddiscovery.ModFileParser/LOADING]: Considering mod file candidate C:\Users\JayDeeHome\Documents\Development\Jahdoo Neoforge\build\libs\L_Ender's Cataclysm 1.21.1-3.23.jar
[13Mar2026 19:33:05.003] [main/DEBUG] [net.neoforged.fml.loading.moddiscovery.ModFileInfo/LOADING]: Found valid mod file L_Ender's Cataclysm 1.21.1-3.23.jar with {cataclysm} mods - versions {3.23}
[13Mar2026 19:33:05.005] [main/DEBUG] [net.neoforged.fml.loading.moddiscovery.ModFileParser/LOADING]: Considering mod file candidate C:\Users\JayDeeHome\Documents\Development\Jahdoo Neoforge\build\libs\lionfishapi-2.6.jar
[13Mar2026 19:33:05.007] [main/DEBUG] [net.neoforged.fml.loading.moddiscovery.ModFileInfo/LOADING]: Found valid mod file lionfishapi-2.6.jar with {lionfishapi} mods - versions {2.6}
[13Mar2026 19:33:05.009] [main/DEBUG] [net.neoforged.fml.loading.moddiscovery.ModFileParser/LOADING]: Considering mod file candidate C:\Users\JayDeeHome\Documents\Development\Jahdoo Neoforge\build\libs\balm-neoforge-1.21.1-21.0.56.jar
[13Mar2026 19:33:05.010] [main/DEBUG] [net.neoforged.fml.loading.moddiscovery.ModFileInfo/LOADING]: Found valid mod file balm-neoforge-1.21.1-21.0.56.jar with {balm} mods - versions {21.0.56}
[13Mar2026 19:33:05.012] [main/DEBUG] [net.neoforged.fml.loading.moddiscovery.ModFileParser/LOADING]: Considering mod file candidate C:\Users\JayDeeHome\Documents\Development\Jahdoo Neoforge\build\libs\waystones-neoforge-1.21.1-21.1.26.jar
[13Mar2026 19:33:05.013] [main/DEBUG] [net.neoforged.fml.loading.moddiscovery.ModFileInfo/LOADING]: Found valid mod file waystones-neoforge-1.21.1-21.1.26.jar with {waystones} mods - versions {21.1.26}
[13Mar2026 19:33:05.019] [pool-2-thread-1/INFO] [EARLYDISPLAY/]: GL info: NVIDIA GeForce RTX 2070 SUPER/PCIe/SSE2 GL version 4.6.0 NVIDIA 576.80, NVIDIA Corporation
[13Mar2026 19:33:05.019] [main/DEBUG] [net.neoforged.fml.loading.moddiscovery.ModFileParser/LOADING]: Considering mod file candidate C:\Users\JayDeeHome\Documents\Development\Jahdoo Neoforge\build\moddev\artifacts\neoforge-21.1.219-minecraft-merged.jar
[13Mar2026 19:33:05.020] [main/DEBUG] [net.neoforged.fml.loading.moddiscovery.ModFileInfo/LOADING]: Found valid mod file neoforge-21.1.219-minecraft-merged.jar with {neoforge} mods - versions {21.1.219}
[13Mar2026 19:33:05.022] [main/DEBUG] [net.neoforged.fml.loading.moddiscovery.ModFileParser/LOADING]: Considering mod file candidate C:\Users\JayDeeHome\.gradle\caches\modules-2\files-2.1\me.shedaniel.cloth\cloth-config-neoforge\15.0.140\c3e5733ba4503b102589a026000fd5ce0212f6f2\cloth-config-neoforge-15.0.140-neoforge.jar
[13Mar2026 19:33:05.025] [main/DEBUG] [net.neoforged.fml.loading.moddiscovery.ModFileInfo/LOADING]: Found valid mod file cloth-config-neoforge-15.0.140-neoforge.jar with {cloth_config} mods - versions {15.0.140}
[13Mar2026 19:33:05.027] [main/DEBUG] [net.neoforged.fml.loading.moddiscovery.ModFileParser/LOADING]: Considering mod file candidate C:\Users\JayDeeHome\.gradle\caches\modules-2\files-2.1\top.theillusivec4.curios\curios-neoforge\9.4.2+1.21.1\b31f58fd4606d7a3ab15d7e75f4ad61a9e7508b\curios-neoforge-9.4.2+1.21.1.jar
[13Mar2026 19:33:05.029] [main/DEBUG] [net.neoforged.fml.loading.moddiscovery.ModFileInfo/LOADING]: Found valid mod file curios-neoforge-9.4.2+1.21.1.jar with {curios} mods - versions {9.4.2+1.21.1}
[13Mar2026 19:33:05.031] [main/DEBUG] [net.neoforged.fml.loading.moddiscovery.ModFileParser/LOADING]: Considering mod file candidate C:\Users\JayDeeHome\.gradle\caches\modules-2\files-2.1\software.bernie.geckolib\geckolib-neoforge-1.21.1\4.8.3\fb0ac6ad63dc5f401c15c66a037c08e9709d1c42\geckolib-neoforge-1.21.1-4.8.3.jar
[13Mar2026 19:33:05.032] [main/DEBUG] [net.neoforged.fml.loading.moddiscovery.ModFileInfo/LOADING]: Found valid mod file geckolib-neoforge-1.21.1-4.8.3.jar with {geckolib} mods - versions {4.8.3}
[13Mar2026 19:33:05.033] [main/DEBUG] [net.neoforged.fml.loading.moddiscovery.ModFileParser/LOADING]: Considering mod file candidate C:\Users\JayDeeHome\.m2\repository\net\casualchampionships\arcade-neoforge\0.5.1\arcade-neoforge-0.5.1.jar
[13Mar2026 19:33:05.034] [main/DEBUG] [net.neoforged.fml.loading.moddiscovery.ModFileInfo/LOADING]: Found valid mod file arcade-neoforge-0.5.1.jar with {arcade} mods - versions {0.5.1}
[13Mar2026 19:33:05.036] [main/DEBUG] [net.neoforged.fml.loading.moddiscovery.ModFileParser/LOADING]: Considering mod file candidate C:\Users\JayDeeHome\.m2\repository\org\shaydee\loot-beams-neoforge\0.5.3\loot-beams-neoforge-0.5.3.jar
[13Mar2026 19:33:05.038] [main/DEBUG] [net.neoforged.fml.loading.moddiscovery.ModFileInfo/LOADING]: Found valid mod file loot-beams-neoforge-0.5.3.jar with {loot_beams_neoforge} mods - versions {0.5.3}
[13Mar2026 19:33:05.039] [main/DEBUG] [net.neoforged.fml.loading.moddiscovery.ModFileParser/LOADING]: Considering mod file candidate C:\Users\JayDeeHome\.m2\repository\org\shaydee\ShaydeeAPI\0.1-ALPHA\ShaydeeAPI-0.1-ALPHA.jar
[13Mar2026 19:33:05.042] [main/DEBUG] [net.neoforged.fml.loading.moddiscovery.ModFileInfo/LOADING]: Found valid mod file ShaydeeAPI-0.1-ALPHA.jar with {shaydeeapi} mods - versions {0.1-ALPHA}
[13Mar2026 19:33:05.044] [main/DEBUG] [net.neoforged.fml.loading.moddiscovery.ModFileParser/LOADING]: Considering mod file candidate C:\Users\JayDeeHome\.gradle\caches\modules-2\files-2.1\maven.modrinth\better-combat\2.2.4+1.21.1-neoforge\95384c80f25f23c10ade47dab9cbf17517b9ec88\better-combat-2.2.4+1.21.1-neoforge.jar
[13Mar2026 19:33:05.044] [main/DEBUG] [net.neoforged.fml.loading.moddiscovery.ModFileInfo/LOADING]: Found valid mod file better-combat-2.2.4+1.21.1-neoforge.jar with {bettercombat} mods - versions {2.2.4+1.21.1}
[13Mar2026 19:33:05.047] [main/DEBUG] [net.neoforged.fml.loading.moddiscovery.ModFileParser/LOADING]: Considering mod file candidate C:\Users\JayDeeHome\.gradle\caches\modules-2\files-2.1\dev.kosmx.player-anim\player-animation-lib-forge\2.0.1+1.21.1\c0a3d0cf0569b61302e17f35dc158ee75813f80f\player-animation-lib-forge-2.0.1+1.21.1.jar
[13Mar2026 19:33:05.048] [main/DEBUG] [net.neoforged.fml.loading.moddiscovery.ModFileInfo/LOADING]: Found valid mod file player-animation-lib-forge-2.0.1+1.21.1.jar with {playeranimator} mods - versions {2.0.1+1.21.1}
[13Mar2026 19:33:05.050] [main/DEBUG] [net.neoforged.fml.loading.moddiscovery.ModFileParser/LOADING]: Considering mod file candidate C:\Users\JayDeeHome\.gradle\caches\modules-2\files-2.1\me.djtheredstoner\DevAuth-neoforge\1.2.1\6862c9e06232e6b73c4346f403192dd9c94962ae\DevAuth-neoforge-1.2.1.jar
[13Mar2026 19:33:05.050] [main/DEBUG] [net.neoforged.fml.loading.moddiscovery.ModFileInfo/LOADING]: Found valid mod file DevAuth-neoforge-1.2.1.jar with {devauth} mods - versions {1.2.1}
[13Mar2026 19:33:05.052] [main/DEBUG] [net.neoforged.fml.loading.moddiscovery.ModFileParser/LOADING]: Considering mod file candidate C:\Users\JayDeeHome\.gradle\caches\modules-2\files-2.1\thedarkcolour\kffmod-neoforge\5.11.0\634df7e517d9bfbc4ee5c0ea5460b674b8e1a5ec\kffmod-neoforge-5.11.0.jar
[13Mar2026 19:33:05.053] [main/DEBUG] [net.neoforged.fml.loading.moddiscovery.ModFileInfo/LOADING]: Found valid mod file kffmod-neoforge-5.11.0.jar with {kotlinforforge} mods - versions {5.11.0}
[13Mar2026 19:33:05.102] [main/DEBUG] [net.neoforged.fml.loading.moddiscovery.ModDiscoverer/]: Skipping C:\Users\JayDeeHome\.gradle\caches\modules-2\files-2.1\net.neoforged.fancymodloader\earlydisplay\4.0.42\46555dbfff14e9e052f1f693aed14d542a74e111\earlydisplay-4.0.42.jar because it was already located earlier
[13Mar2026 19:33:05.102] [main/DEBUG] [net.neoforged.fml.loading.moddiscovery.ModDiscoverer/]: Skipping C:\Users\JayDeeHome\.gradle\caches\modules-2\files-2.1\net.neoforged.fancymodloader\loader\4.0.42\76e15f98bf676fb44b36c5e776f52a55581ec43a\loader-4.0.42.jar because it was already located earlier
[13Mar2026 19:33:05.102] [main/DEBUG] [net.neoforged.fml.loading.moddiscovery.ModDiscoverer/]: Skipping C:\Users\JayDeeHome\.gradle\caches\modules-2\files-2.1\net.neoforged.accesstransformers\at-modlauncher\10.0.1\5aba50202aceead086bc09fbc2751c9f05cb4890\at-modlauncher-10.0.1.jar because it was already located earlier
[13Mar2026 19:33:05.102] [main/DEBUG] [net.neoforged.fml.loading.moddiscovery.ModDiscoverer/]: Skipping C:\Users\JayDeeHome\.gradle\caches\modules-2\files-2.1\net.neoforged\accesstransformers\10.0.1\fd83b5725f76eae9115e9355fa1c456a6a441400\accesstransformers-10.0.1.jar because it was already located earlier
[13Mar2026 19:33:05.102] [main/DEBUG] [net.neoforged.fml.loading.moddiscovery.ModDiscoverer/]: Skipping C:\Users\JayDeeHome\.gradle\caches\modules-2\files-2.1\net.neoforged\bus\8.0.5\5b2d33285ab5d1554e9798ad98c40d6ea3868bd5\bus-8.0.5.jar because it was already located earlier
[13Mar2026 19:33:05.103] [main/DEBUG] [net.neoforged.fml.loading.moddiscovery.ModDiscoverer/]: Skipping C:\Users\JayDeeHome\.gradle\caches\modules-2\files-2.1\net.neoforged\coremods\7.0.3\9147e6f638b4272b3bd5fc8f92ad37802512c6c\coremods-7.0.3.jar because it was already located earlier
[13Mar2026 19:33:05.103] [main/DEBUG] [net.neoforged.fml.loading.moddiscovery.ModDiscoverer/]: Skipping C:\Users\JayDeeHome\.gradle\caches\modules-2\files-2.1\cpw.mods\modlauncher\11.0.5\b8f0d49294f733fdb6173931b263553e943dc950\modlauncher-11.0.5.jar because it was already located earlier
[13Mar2026 19:33:05.103] [main/DEBUG] [net.neoforged.fml.loading.moddiscovery.ModDiscoverer/]: Skipping C:\Users\JayDeeHome\.gradle\caches\modules-2\files-2.1\net.neoforged\mergetool\2.0.0\52fe1949be64e3303aabaaa21e315f551db9c9f4\mergetool-2.0.0-api.jar because it was already located earlier
[13Mar2026 19:33:05.103] [main/DEBUG] [net.neoforged.fml.loading.moddiscovery.ModDiscoverer/]: Skipping C:\Users\JayDeeHome\.gradle\caches\modules-2\files-2.1\com.electronwill.night-config\toml\3.8.3\90b2fd6efcb4a7d5b9810cf78f9d824994d717f2\toml-3.8.3.jar because it was already located earlier
[13Mar2026 19:33:05.103] [main/DEBUG] [net.neoforged.fml.loading.moddiscovery.ModDiscoverer/]: Skipping C:\Users\JayDeeHome\.gradle\caches\modules-2\files-2.1\com.electronwill.night-config\core\3.8.3\b442a95f09e349927f5a945ecb594455870fcf4f\core-3.8.3.jar because it was already located earlier
[13Mar2026 19:33:05.104] [main/DEBUG] [net.neoforged.fml.loading.moddiscovery.ModDiscoverer/]: Skipping C:\Users\JayDeeHome\.gradle\caches\modules-2\files-2.1\net.neoforged\JarJarSelector\0.4.1\fb3cc7a58af22ad2880adb98af6d518128c47dae\JarJarSelector-0.4.1.jar because it was already located earlier
[13Mar2026 19:33:05.104] [main/DEBUG] [net.neoforged.fml.loading.moddiscovery.ModDiscoverer/]: Skipping C:\Users\JayDeeHome\.gradle\caches\modules-2\files-2.1\net.neoforged\JarJarMetadata\0.4.1\f8da03683dc81694556dc3e177c5e3bb77ae6fcb\JarJarMetadata-0.4.1.jar because it was already located earlier
[13Mar2026 19:33:05.104] [main/DEBUG] [net.neoforged.fml.loading.moddiscovery.ModDiscoverer/]: Skipping C:\Users\JayDeeHome\.gradle\caches\modules-2\files-2.1\org.apache.maven\maven-artifact\3.8.5\4433f50c07debefaed0553bd0068f4f48d449313\maven-artifact-3.8.5.jar because it was already located earlier
[13Mar2026 19:33:05.104] [main/DEBUG] [net.neoforged.fml.loading.moddiscovery.ModDiscoverer/]: Skipping C:\Users\JayDeeHome\.gradle\caches\modules-2\files-2.1\net.jodah\typetools\0.6.3\a01aaa6ddaea9ec07ec4f209487b7a46a526283a\typetools-0.6.3.jar because it was already located earlier
[13Mar2026 19:33:05.104] [main/DEBUG] [net.neoforged.fml.loading.moddiscovery.ModDiscoverer/]: Skipping C:\Users\JayDeeHome\.gradle\caches\modules-2\files-2.1\net.minecrell\terminalconsoleappender\1.3.0\b562e9bb61235c9520e26282cdee71f8f802d1fc\terminalconsoleappender-1.3.0.jar because it was already located earlier
[13Mar2026 19:33:05.104] [main/DEBUG] [net.neoforged.fml.loading.moddiscovery.ModDiscoverer/]: Skipping C:\Users\JayDeeHome\.gradle\caches\modules-2\files-2.1\net.fabricmc\sponge-mixin\0.15.2+mixin.0.8.7\2af2f021d8e02a0220dc27a7a72b4666d66d44ca\sponge-mixin-0.15.2+mixin.0.8.7.jar because it was already located earlier
[13Mar2026 19:33:05.104] [main/DEBUG] [net.neoforged.fml.loading.moddiscovery.ModDiscoverer/]: Skipping C:\Users\JayDeeHome\.gradle\caches\modules-2\files-2.1\org.openjdk.nashorn\nashorn-core\15.4\f67f5ffaa5f5130cf6fb9b133da00c7df3b532a5\nashorn-core-15.4.jar because it was already located earlier
[13Mar2026 19:33:05.104] [main/DEBUG] [net.neoforged.fml.loading.moddiscovery.ModDiscoverer/]: Skipping C:\Users\JayDeeHome\.gradle\caches\modules-2\files-2.1\org.apache.commons\commons-lang3\3.14.0\1ed471194b02f2c6cb734a0cd6f6f107c673afae\commons-lang3-3.14.0.jar because it was already located earlier
[13Mar2026 19:33:05.111] [main/DEBUG] [net.neoforged.fml.loading.moddiscovery.ModDiscoverer/]: Skipping C:\Users\JayDeeHome\.gradle\caches\modules-2\files-2.1\net.sf.jopt-simple\jopt-simple\5.0.4\4fdac2fbe92dfad86aa6e9301736f6b4342a3f5c\jopt-simple-5.0.4.jar because it was already located earlier
[13Mar2026 19:33:05.112] [main/DEBUG] [net.neoforged.fml.loading.moddiscovery.ModDiscoverer/]: Skipping C:\Users\JayDeeHome\.gradle\caches\modules-2\files-2.1\commons-io\commons-io\2.15.1\f11560da189ab563a5c8e351941415430e9304ea\commons-io-2.15.1.jar because it was already located earlier
[13Mar2026 19:33:05.112] [main/DEBUG] [net.neoforged.fml.loading.moddiscovery.ModDiscoverer/]: Skipping C:\Users\JayDeeHome\.gradle\caches\modules-2\files-2.1\com.mojang\logging\1.2.7\24cb95ffb0e3433fd6e844c04e68009e504ca1c0\logging-1.2.7.jar because it was already located earlier
[13Mar2026 19:33:05.112] [main/DEBUG] [net.neoforged.fml.loading.moddiscovery.ModDiscoverer/]: Skipping C:\Users\JayDeeHome\.gradle\caches\modules-2\files-2.1\org.apache.logging.log4j\log4j-slf4j2-impl\2.22.1\d7e6693c2606cb7e7335047d7bb96dec52db5665\log4j-slf4j2-impl-2.22.1.jar because it was already located earlier
[13Mar2026 19:33:05.112] [main/DEBUG] [net.neoforged.fml.loading.moddiscovery.ModDiscoverer/]: Skipping C:\Users\JayDeeHome\.gradle\caches\modules-2\files-2.1\org.apache.logging.log4j\log4j-core\2.22.1\7183a25510a02ad00cc6a95d3b3d2a7d3c5a8dc4\log4j-core-2.22.1.jar because it was already located earlier
[13Mar2026 19:33:05.112] [main/DEBUG] [net.neoforged.fml.loading.moddiscovery.ModDiscoverer/]: Skipping C:\Users\JayDeeHome\.gradle\caches\modules-2\files-2.1\org.apache.logging.log4j\log4j-api\2.22.1\bea6fede6328fabafd7e68363161a7ea6605abd1\log4j-api-2.22.1.jar because it was already located earlier
[13Mar2026 19:33:05.112] [main/DEBUG] [net.neoforged.fml.loading.moddiscovery.ModDiscoverer/]: Skipping C:\Users\JayDeeHome\.gradle\caches\modules-2\files-2.1\com.google.guava\guava\32.1.2-jre\5e64ec7e056456bef3a4bc4c6fdaef71e8ab6318\guava-32.1.2-jre.jar because it was already located earlier
[13Mar2026 19:33:05.112] [main/DEBUG] [net.neoforged.fml.loading.moddiscovery.ModDiscoverer/]: Skipping C:\Users\JayDeeHome\.gradle\caches\modules-2\files-2.1\com.google.code.gson\gson\2.10.1\b3add478d4382b78ea20b1671390a858002feb6c\gson-2.10.1.jar because it was already located earlier
[13Mar2026 19:33:05.112] [main/DEBUG] [net.neoforged.fml.loading.moddiscovery.ModDiscoverer/]: Skipping C:\Users\JayDeeHome\.gradle\caches\modules-2\files-2.1\org.slf4j\slf4j-api\2.0.9\7cf2726fdcfbc8610f9a71fb3ed639871f315340\slf4j-api-2.0.9.jar because it was already located earlier
[13Mar2026 19:33:05.112] [main/DEBUG] [net.neoforged.fml.loading.moddiscovery.ModDiscoverer/]: Skipping C:\Users\JayDeeHome\.gradle\caches\modules-2\files-2.1\org.antlr\antlr4-runtime\4.13.1\17125bae1d965624e265ef49552f6465a2bfa307\antlr4-runtime-4.13.1.jar because it was already located earlier
[13Mar2026 19:33:05.113] [main/DEBUG] [net.neoforged.fml.loading.moddiscovery.ModDiscoverer/]: Skipping C:\Users\JayDeeHome\.gradle\caches\modules-2\files-2.1\net.minecraftforge\srgutils\0.4.15\ca408b131759478f164e010fae0d73997e125fb5\srgutils-0.4.15.jar because it was already located earlier
[13Mar2026 19:33:05.113] [main/DEBUG] [net.neoforged.fml.loading.moddiscovery.ModDiscoverer/]: Skipping C:\Users\JayDeeHome\.gradle\caches\modules-2\files-2.1\org.codehaus.plexus\plexus-utils\3.3.0\cf43b5391de623b36fe066a21127baef82c64022\plexus-utils-3.3.0.jar because it was already located earlier
[13Mar2026 19:33:05.113] [main/DEBUG] [net.neoforged.fml.loading.moddiscovery.ModDiscoverer/]: Skipping C:\Users\JayDeeHome\.gradle\caches\modules-2\files-2.1\org.jline\jline-reader\3.20.0\8f15415b022a25b473e8e16c28ae913186ffb9c4\jline-reader-3.20.0.jar because it was already located earlier
[13Mar2026 19:33:05.113] [main/DEBUG] [net.neoforged.fml.loading.moddiscovery.ModDiscoverer/]: Skipping C:\Users\JayDeeHome\.gradle\caches\modules-2\files-2.1\com.machinezoo.noexception\noexception\1.7.1\b65330c98e38a1f915fa54a6e5eca496505e3f0a\noexception-1.7.1.jar because it was already located earlier
[13Mar2026 19:33:05.113] [main/DEBUG] [net.neoforged.fml.loading.moddiscovery.ModDiscoverer/]: Skipping C:\Users\JayDeeHome\.gradle\caches\modules-2\files-2.1\com.github.oshi\oshi-core\6.4.10\b1d8ab82d11d92fd639b56d639f8f46f739dd5fa\oshi-core-6.4.10.jar because it was already located earlier
[13Mar2026 19:33:05.113] [main/DEBUG] [net.neoforged.fml.loading.moddiscovery.ModDiscoverer/]: Skipping C:\Users\JayDeeHome\.gradle\caches\modules-2\files-2.1\com.google.guava\failureaccess\1.0.1\1dcf1de382a0bf95a3d8b0849546c88bac1292c9\failureaccess-1.0.1.jar because it was already located earlier
[13Mar2026 19:33:05.113] [main/DEBUG] [net.neoforged.fml.loading.moddiscovery.ModDiscoverer/]: Skipping C:\Users\JayDeeHome\.gradle\caches\modules-2\files-2.1\com.ibm.icu\icu4j\73.2\61ad4ef7f9131fcf6d25c34b817f90d6da06c9e9\icu4j-73.2.jar because it was already located earlier
[13Mar2026 19:33:05.113] [main/DEBUG] [net.neoforged.fml.loading.moddiscovery.ModDiscoverer/]: Skipping C:\Users\JayDeeHome\.gradle\caches\modules-2\files-2.1\com.mojang\authlib\6.0.54\de8bc95660e1b2fe8793fd427a7a10dcec5b3ea7\authlib-6.0.54.jar because it was already located earlier
[13Mar2026 19:33:05.113] [main/DEBUG] [net.neoforged.fml.loading.moddiscovery.ModDiscoverer/]: Skipping C:\Users\JayDeeHome\.gradle\caches\modules-2\files-2.1\com.mojang\blocklist\1.0.10\5c685c5ffa94c4cd39496c7184c1d122e515ecef\blocklist-1.0.10.jar because it was already located earlier
[13Mar2026 19:33:05.113] [main/DEBUG] [net.neoforged.fml.loading.moddiscovery.ModDiscoverer/]: Skipping C:\Users\JayDeeHome\.gradle\caches\modules-2\files-2.1\com.mojang\brigadier\1.3.10\d15b53a14cf20fdcaa98f731af5dda654452c010\brigadier-1.3.10.jar because it was already located earlier
[13Mar2026 19:33:05.113] [main/DEBUG] [net.neoforged.fml.loading.moddiscovery.ModDiscoverer/]: Skipping C:\Users\JayDeeHome\.gradle\caches\modules-2\files-2.1\com.mojang\datafixerupper\8.0.16\67d4de6d7f95d89bcf5862995fb854ebaec02a34\datafixerupper-8.0.16.jar because it was already located earlier
[13Mar2026 19:33:05.113] [main/DEBUG] [net.neoforged.fml.loading.moddiscovery.ModDiscoverer/]: Skipping C:\Users\JayDeeHome\.gradle\caches\modules-2\files-2.1\com.mojang\patchy\2.2.10\da05971b07cbb379d002cf7eaec6a2048211fefc\patchy-2.2.10.jar because it was already located earlier
[13Mar2026 19:33:05.114] [main/DEBUG] [net.neoforged.fml.loading.moddiscovery.ModDiscoverer/]: Skipping C:\Users\JayDeeHome\.gradle\caches\modules-2\files-2.1\com.mojang\text2speech\1.17.9\3cad216e3a7f0c19b4b394388bc9ffc446f13b14\text2speech-1.17.9.jar because it was already located earlier
[13Mar2026 19:33:05.114] [main/DEBUG] [net.neoforged.fml.loading.moddiscovery.ModDiscoverer/]: Skipping C:\Users\JayDeeHome\.gradle\caches\modules-2\files-2.1\commons-codec\commons-codec\1.16.0\4e3eb3d79888d76b54e28b350915b5dc3919c9de\commons-codec-1.16.0.jar because it was already located earlier
[13Mar2026 19:33:05.114] [main/DEBUG] [net.neoforged.fml.loading.moddiscovery.ModDiscoverer/]: Skipping C:\Users\JayDeeHome\.gradle\caches\modules-2\files-2.1\commons-logging\commons-logging\1.2\4bfc12adfe4842bf07b657f0369c4cb522955686\commons-logging-1.2.jar because it was already located earlier
[13Mar2026 19:33:05.114] [main/DEBUG] [net.neoforged.fml.loading.moddiscovery.ModDiscoverer/]: Skipping C:\Users\JayDeeHome\.gradle\caches\modules-2\files-2.1\io.netty\netty-buffer\4.1.97.Final\f8f3d8644afa5e6e1a40a3a6aeb9d9aa970ecb4f\netty-buffer-4.1.97.Final.jar because it was already located earlier
[13Mar2026 19:33:05.114] [main/DEBUG] [net.neoforged.fml.loading.moddiscovery.ModDiscoverer/]: Skipping C:\Users\JayDeeHome\.gradle\caches\modules-2\files-2.1\io.netty\netty-codec\4.1.97.Final\384ba4d75670befbedb45c4d3b497a93639c206d\netty-codec-4.1.97.Final.jar because it was already located earlier
[13Mar2026 19:33:05.114] [main/DEBUG] [net.neoforged.fml.loading.moddiscovery.ModDiscoverer/]: Skipping C:\Users\JayDeeHome\.gradle\caches\modules-2\files-2.1\io.netty\netty-common\4.1.97.Final\7cceacaf11df8dc63f23d0fb58e9d4640fc88404\netty-common-4.1.97.Final.jar because it was already located earlier
[13Mar2026 19:33:05.114] [main/DEBUG] [net.neoforged.fml.loading.moddiscovery.ModDiscoverer/]: Skipping C:\Users\JayDeeHome\.gradle\caches\modules-2\files-2.1\io.netty\netty-handler\4.1.97.Final\abb86c6906bf512bf2b797a41cd7d2e8d3cd7c36\netty-handler-4.1.97.Final.jar because it was already located earlier
[13Mar2026 19:33:05.114] [main/DEBUG] [net.neoforged.fml.loading.moddiscovery.ModDiscoverer/]: Skipping C:\Users\JayDeeHome\.gradle\caches\modules-2\files-2.1\io.netty\netty-resolver\4.1.97.Final\cec8348108dc76c47cf87c669d514be52c922144\netty-resolver-4.1.97.Final.jar because it was already located earlier
[13Mar2026 19:33:05.114] [main/DEBUG] [net.neoforged.fml.loading.moddiscovery.ModDiscoverer/]: Skipping C:\Users\JayDeeHome\.gradle\caches\modules-2\files-2.1\io.netty\netty-transport-classes-epoll\4.1.97.Final\795da37ded759e862457a82d9d92c4d39ce8ecee\netty-transport-classes-epoll-4.1.97.Final.jar because it was already located earlier
[13Mar2026 19:33:05.114] [main/DEBUG] [net.neoforged.fml.loading.moddiscovery.ModDiscoverer/]: Skipping C:\Users\JayDeeHome\.gradle\caches\modules-2\files-2.1\io.netty\netty-transport-native-unix-common\4.1.97.Final\d469d84265ab70095b01b40886cabdd433b6e664\netty-transport-native-unix-common-4.1.97.Final.jar because it was already located earlier
[13Mar2026 19:33:05.114] [main/DEBUG] [net.neoforged.fml.loading.moddiscovery.ModDiscoverer/]: Skipping C:\Users\JayDeeHome\.gradle\caches\modules-2\files-2.1\io.netty\netty-transport\4.1.97.Final\f37380d23c9bb079bc702910833b2fd532c9abd0\netty-transport-4.1.97.Final.jar because it was already located earlier
[13Mar2026 19:33:05.115] [main/DEBUG] [net.neoforged.fml.loading.moddiscovery.ModDiscoverer/]: Skipping C:\Users\JayDeeHome\.gradle\caches\modules-2\files-2.1\it.unimi.dsi\fastutil\8.5.12\c24946d46824bd528054bface3231d2ecb7e95e8\fastutil-8.5.12.jar because it was already located earlier
[13Mar2026 19:33:05.115] [main/DEBUG] [net.neoforged.fml.loading.moddiscovery.ModDiscoverer/]: Skipping C:\Users\JayDeeHome\.gradle\caches\modules-2\files-2.1\net.java.dev.jna\jna-platform\5.14.0\28934d48aed814f11e4c584da55c49fa7032b31b\jna-platform-5.14.0.jar because it was already located earlier
[13Mar2026 19:33:05.115] [main/DEBUG] [net.neoforged.fml.loading.moddiscovery.ModDiscoverer/]: Skipping C:\Users\JayDeeHome\.gradle\caches\modules-2\files-2.1\net.java.dev.jna\jna\5.14.0\67bf3eaea4f0718cb376a181a629e5f88fa1c9dd\jna-5.14.0.jar because it was already located earlier
[13Mar2026 19:33:05.115] [main/DEBUG] [net.neoforged.fml.loading.moddiscovery.ModDiscoverer/]: Skipping C:\Users\JayDeeHome\.gradle\caches\modules-2\files-2.1\org.apache.commons\commons-compress\1.26.0\659feffdd12280201c8aacb8f7be94f9a883c824\commons-compress-1.26.0.jar because it was already located earlier
[13Mar2026 19:33:05.115] [main/DEBUG] [net.neoforged.fml.loading.moddiscovery.ModDiscoverer/]: Skipping C:\Users\JayDeeHome\.gradle\caches\modules-2\files-2.1\org.apache.httpcomponents\httpclient\4.5.13\e5f6cae5ca7ecaac1ec2827a9e2d65ae2869cada\httpclient-4.5.13.jar because it was already located earlier
[13Mar2026 19:33:05.115] [main/DEBUG] [net.neoforged.fml.loading.moddiscovery.ModDiscoverer/]: Skipping C:\Users\JayDeeHome\.gradle\caches\modules-2\files-2.1\org.apache.httpcomponents\httpcore\4.4.16\51cf043c87253c9f58b539c9f7e44c8894223850\httpcore-4.4.16.jar because it was already located earlier
[13Mar2026 19:33:05.115] [main/DEBUG] [net.neoforged.fml.loading.moddiscovery.ModDiscoverer/]: Skipping C:\Users\JayDeeHome\.gradle\caches\modules-2\files-2.1\org.jcraft\jorbis\0.0.17\8872d22b293e8f5d7d56ff92be966e6dc28ebdc6\jorbis-0.0.17.jar because it was already located earlier
[13Mar2026 19:33:05.115] [main/DEBUG] [net.neoforged.fml.loading.moddiscovery.ModDiscoverer/]: Skipping C:\Users\JayDeeHome\.gradle\caches\modules-2\files-2.1\org.joml\joml\1.10.5\22566d58af70ad3d72308bab63b8339906deb649\joml-1.10.5.jar because it was already located earlier
[13Mar2026 19:33:05.115] [main/DEBUG] [net.neoforged.fml.loading.moddiscovery.ModDiscoverer/]: Skipping C:\Users\JayDeeHome\.gradle\caches\modules-2\files-2.1\org.lwjgl\lwjgl-freetype\3.3.3\a0db6c84a8becc8ca05f9dbfa985edc348a824c7\lwjgl-freetype-3.3.3.jar because it was already located earlier
[13Mar2026 19:33:05.119] [main/DEBUG] [net.neoforged.fml.loading.moddiscovery.ModDiscoverer/]: Skipping C:\Users\JayDeeHome\.gradle\caches\modules-2\files-2.1\org.lwjgl\lwjgl-freetype\3.3.3\15a8c1de7f51d07a92eae7ce1222557073a0c0c3\lwjgl-freetype-3.3.3-natives-windows-x86.jar because it was already located earlier
[13Mar2026 19:33:05.119] [main/DEBUG] [net.neoforged.fml.loading.moddiscovery.ModDiscoverer/]: Skipping C:\Users\JayDeeHome\.gradle\caches\modules-2\files-2.1\org.lwjgl\lwjgl-glfw\3.3.3\efa1eb78c5ccd840e9f329717109b5e892d72f8e\lwjgl-glfw-3.3.3.jar because it was already located earlier
[13Mar2026 19:33:05.123] [main/DEBUG] [net.neoforged.fml.loading.moddiscovery.ModDiscoverer/]: Skipping C:\Users\JayDeeHome\.gradle\caches\modules-2\files-2.1\org.lwjgl\lwjgl-glfw\3.3.3\32334f3fd5270a59bad9939a93115acb6de36dcf\lwjgl-glfw-3.3.3-natives-windows-x86.jar because it was already located earlier
[13Mar2026 19:33:05.123] [main/DEBUG] [net.neoforged.fml.loading.moddiscovery.ModDiscoverer/]: Skipping C:\Users\JayDeeHome\.gradle\caches\modules-2\files-2.1\org.lwjgl\lwjgl-jemalloc\3.3.3\b543467b7ff3c6920539a88ee602d34098628be5\lwjgl-jemalloc-3.3.3.jar because it was already located earlier
[13Mar2026 19:33:05.123] [main/DEBUG] [net.neoforged.fml.loading.moddiscovery.ModDiscoverer/]: Skipping C:\Users\JayDeeHome\.gradle\caches\modules-2\files-2.1\org.lwjgl\lwjgl-jemalloc\3.3.3\426222fc027602a5f21b9c0fe79cde6a4c7a011f\lwjgl-jemalloc-3.3.3-natives-windows.jar because it was already located earlier
[13Mar2026 19:33:05.127] [main/DEBUG] [net.neoforged.fml.loading.moddiscovery.ModDiscoverer/]: Skipping C:\Users\JayDeeHome\.gradle\caches\modules-2\files-2.1\org.lwjgl\lwjgl-openal\3.3.3\daada81ceb5fc0c291fbfdd4433cb8d9423577f2\lwjgl-openal-3.3.3.jar because it was already located earlier
[13Mar2026 19:33:05.131] [main/DEBUG] [net.neoforged.fml.loading.moddiscovery.ModDiscoverer/]: Skipping C:\Users\JayDeeHome\.gradle\caches\modules-2\files-2.1\org.lwjgl\lwjgl-openal\3.3.3\87b8d5050e3adb46bb58fe1cb2669a4a48fce10d\lwjgl-openal-3.3.3-natives-windows-x86.jar because it was already located earlier
[13Mar2026 19:33:05.131] [main/DEBUG] [net.neoforged.fml.loading.moddiscovery.ModDiscoverer/]: Skipping C:\Users\JayDeeHome\.gradle\caches\modules-2\files-2.1\org.lwjgl\lwjgl-opengl\3.3.3\2f6b0147078396a58979125a4c947664e98293a\lwjgl-opengl-3.3.3.jar because it was already located earlier
[13Mar2026 19:33:05.133] [main/DEBUG] [net.neoforged.fml.loading.moddiscovery.ModDiscoverer/]: Skipping C:\Users\JayDeeHome\.gradle\caches\modules-2\files-2.1\org.lwjgl\lwjgl-opengl\3.3.3\65e956d3735a1abdc82eff4baec1b61174697d4b\lwjgl-opengl-3.3.3-natives-windows-arm64.jar because it was already located earlier
[13Mar2026 19:33:05.135] [main/DEBUG] [net.neoforged.fml.loading.moddiscovery.ModDiscoverer/]: Skipping C:\Users\JayDeeHome\.gradle\caches\modules-2\files-2.1\org.lwjgl\lwjgl-stb\3.3.3\25dd6161988d7e65f71d5065c99902402ee32746\lwjgl-stb-3.3.3.jar because it was already located earlier
[13Mar2026 19:33:05.135] [main/DEBUG] [net.neoforged.fml.loading.moddiscovery.ModDiscoverer/]: Skipping C:\Users\JayDeeHome\.gradle\caches\modules-2\files-2.1\org.lwjgl\lwjgl-stb\3.3.3\1d9facdf6541de114b0f963be33505b7679c78cb\lwjgl-stb-3.3.3-natives-windows.jar because it was already located earlier
[13Mar2026 19:33:05.139] [main/DEBUG] [net.neoforged.fml.loading.moddiscovery.ModDiscoverer/]: Skipping C:\Users\JayDeeHome\.gradle\caches\modules-2\files-2.1\org.lwjgl\lwjgl-tinyfd\3.3.3\82d755ca94b102e9ca77283b9e2dc46d1b15fbe5\lwjgl-tinyfd-3.3.3.jar because it was already located earlier
[13Mar2026 19:33:05.139] [main/DEBUG] [net.neoforged.fml.loading.moddiscovery.ModDiscoverer/]: Skipping C:\Users\JayDeeHome\.gradle\caches\modules-2\files-2.1\org.lwjgl\lwjgl-tinyfd\3.3.3\a6697981b0449a5087c1d546fc08b4f73e8f98c9\lwjgl-tinyfd-3.3.3-natives-windows.jar because it was already located earlier
[13Mar2026 19:33:05.143] [main/DEBUG] [net.neoforged.fml.loading.moddiscovery.ModDiscoverer/]: Skipping C:\Users\JayDeeHome\.gradle\caches\modules-2\files-2.1\org.lwjgl\lwjgl\3.3.3\29589b5f87ed335a6c7e7ee6a5775f81f97ecb84\lwjgl-3.3.3.jar because it was already located earlier
[13Mar2026 19:33:05.147] [main/DEBUG] [net.neoforged.fml.loading.moddiscovery.ModDiscoverer/]: Skipping C:\Users\JayDeeHome\.gradle\caches\modules-2\files-2.1\org.lwjgl\lwjgl\3.3.3\9e670718e050aeaeea0c2d5b907cffb142f2e58f\lwjgl-3.3.3-natives-windows-x86.jar because it was already located earlier
[13Mar2026 19:33:05.148] [main/DEBUG] [net.neoforged.fml.loading.moddiscovery.ModDiscoverer/]: Skipping C:\Users\JayDeeHome\.gradle\caches\modules-2\files-2.1\org.lz4\lz4-java\1.8.0\4b986a99445e49ea5fbf5d149c4b63f6ed6c6780\lz4-java-1.8.0.jar because it was already located earlier
[13Mar2026 19:33:05.148] [main/DEBUG] [net.neoforged.fml.loading.moddiscovery.ModDiscoverer/]: Skipping C:\Users\JayDeeHome\.gradle\caches\modules-2\files-2.1\org.jline\jline-terminal\3.20.0\d0ddcc708ddf527a3454c941b7b9225cc83a15ff\jline-terminal-3.20.0.jar because it was already located earlier
[13Mar2026 19:33:05.148] [main/DEBUG] [net.neoforged.fml.loading.moddiscovery.ModDiscoverer/]: Skipping C:\Users\JayDeeHome\.gradle\caches\modules-2\files-2.1\com.google.guava\listenablefuture\9999.0-empty-to-avoid-conflict-with-guava\b421526c5f297295adef1c886e5246c39d4ac629\listenablefuture-9999.0-empty-to-avoid-conflict-with-guava.jar because it was already located earlier
[13Mar2026 19:33:05.148] [main/DEBUG] [net.neoforged.fml.loading.moddiscovery.ModDiscoverer/]: Skipping C:\Users\JayDeeHome\.gradle\caches\modules-2\files-2.1\com.google.code.findbugs\jsr305\3.0.2\25ea2e8b0c338a877313bd4672d3fe056ea78f0d\jsr305-3.0.2.jar because it was already located earlier
[13Mar2026 19:33:05.148] [main/DEBUG] [net.neoforged.fml.loading.moddiscovery.ModDiscoverer/]: Skipping C:\Users\JayDeeHome\.gradle\caches\modules-2\files-2.1\org.checkerframework\checker-qual\3.33.0\de2b60b62da487644fc11f734e73c8b0b431238f\checker-qual-3.33.0.jar because it was already located earlier
[13Mar2026 19:33:05.148] [main/DEBUG] [net.neoforged.fml.loading.moddiscovery.ModDiscoverer/]: Skipping C:\Users\JayDeeHome\.gradle\caches\modules-2\files-2.1\com.google.errorprone\error_prone_annotations\2.18.0\89b684257096f548fa39a7df9fdaa409d4d4df91\error_prone_annotations-2.18.0.jar because it was already located earlier
[13Mar2026 19:33:05.148] [main/DEBUG] [net.neoforged.fml.loading.moddiscovery.ModDiscoverer/]: Skipping C:\Users\JayDeeHome\.gradle\caches\modules-2\files-2.1\com.google.j2objc\j2objc-annotations\2.8\c85270e307e7b822f1086b93689124b89768e273\j2objc-annotations-2.8.jar because it was already located earlier
[13Mar2026 19:33:05.150] [main/DEBUG] [net.neoforged.fml.loading.UniqueModListBuilder/]: Found 2 mods for first modid neoforge, selecting most recent based on version data
[13Mar2026 19:33:05.150] [main/DEBUG] [net.neoforged.fml.loading.UniqueModListBuilder/]: Selected file neoforge-21.1.219-minecraft-merged.jar for modid neoforge with version 21.1.219
[13Mar2026 19:33:05.325] [main/DEBUG] [net.neoforged.fml.loading.moddiscovery.ModFileParser/LOADING]: Considering mod file candidate 
[13Mar2026 19:33:05.327] [main/DEBUG] [net.neoforged.fml.loading.moddiscovery.ModFileInfo/LOADING]: Found valid mod file kuma-api-neoforge-21.0.7+1.21.jar with {kuma_api} mods - versions {21.0.7}
[13Mar2026 19:33:05.445] [main/DEBUG] [net.neoforged.fml.loading.moddiscovery.ModFileParser/LOADING]: Considering mod file candidate 
[13Mar2026 19:33:05.447] [main/DEBUG] [net.neoforged.fml.loading.moddiscovery.ModFileInfo/LOADING]: Found valid mod file kuma-api-neoforge-21.0.7+1.21.jar with {kuma_api} mods - versions {21.0.7}
[13Mar2026 19:33:05.455] [main/INFO] [net.neoforged.fml.loading.moddiscovery.locators.JarInJarDependencyLocator/]: Found 11 dependencies adding them to mods collection
[13Mar2026 19:33:05.456] [main/INFO] [net.neoforged.fml.loading.moddiscovery.ModDiscoverer/]: 
     Mod List:
		Name Version (Mod Id)

		Arcade 0.5.1 (arcade)
		Balm 21.0.56 (balm)
		Better Combat 2.2.4+1.21.1 (bettercombat)
		Cloth Config v15 API 15.0.140 (cloth_config)
		Curios API 9.4.2+1.21.1 (curios)
		DevAuth 1.2.1 (devauth)
		GeckoLib 4 4.8.3 (geckolib)
		Jahdoo 1.21-1.0 (jahdoo)
		Kotlin For Forge 5.11.0 (kotlinforforge)
		KumaAPI 21.0.7 (kuma_api)
		L_Ender's Cataclysm 1.21.1 3.23 (cataclysm)
		lionfishapi 2.6 (lionfishapi)
		Loot Beams Neoforge 0.5.3 (loot_beams_neoforge)
		Minecraft 1.21.1 (minecraft)
		MmmMmmMmmMmm 1.21-2.0.11 (dummmmmmy)
		Moonlight Lib 1.21-2.29.20 (moonlight)
		NeoForge 21.1.219 (neoforge)
		Player Animator 2.0.1+1.21.1 (playeranimator)
		ShaydeeAPI 0.1-ALPHA (shaydeeapi)
		Shoulder Surfing Reloaded 1.21.1-4.10.4 (shouldersurfing)
		Waystones 21.1.26 (waystones)
[13Mar2026 19:33:05.458] [main/DEBUG] [net.neoforged.fml.loading.moddiscovery.ModFileInfo/LOADING]: Found valid mod file neoforge-21.1.219-minecraft-merged.jar with {minecraft} mods - versions {1.21.1}
[13Mar2026 19:33:05.460] [main/DEBUG] [net.neoforged.fml.loading.moddiscovery.ModFile/LOADING]: Loading mod file C:\Users\JayDeeHome\Documents\Development\Jahdoo Neoforge\build\moddev\artifacts\neoforge-21.1.219-minecraft-merged.jar with languages [LanguageSpec[languageName=minecraft, acceptedVersions=1]]
[13Mar2026 19:33:05.462] [main/DEBUG] [net.neoforged.fml.loading.moddiscovery.ModFileParser/LOADING]: Considering mod file candidate 
[13Mar2026 19:33:05.463] [main/DEBUG] [net.neoforged.fml.loading.moddiscovery.ModFileInfo/LOADING]: Found valid mod file kuma-api-neoforge-21.0.7+1.21.jar with {kuma_api} mods - versions {21.0.7}
[13Mar2026 19:33:05.463] [main/DEBUG] [net.neoforged.fml.loading.moddiscovery.ModFile/LOADING]: Loading mod file  with languages [LanguageSpec[languageName=javafml, acceptedVersions=[1,)]]
[13Mar2026 19:33:05.464] [main/DEBUG] [net.neoforged.fml.loading.moddiscovery.ModFile/LOADING]: Found mixin config MixinConfig[config=kuma_api.mixins.json, requiredMods=[]]
[13Mar2026 19:33:05.464] [main/DEBUG] [net.neoforged.fml.loading.moddiscovery.ModFile/LOADING]: Found mixin config MixinConfig[config=kuma_api.neoforge.mixins.json, requiredMods=[]]
[13Mar2026 19:33:05.464] [main/DEBUG] [net.neoforged.fml.loading.moddiscovery.ModFileParser/LOADING]: Considering mod file candidate C:\Users\JayDeeHome\Documents\Development\Jahdoo Neoforge\run\mods\moonlight-1.21-2.29.20-neoforge.jar
[13Mar2026 19:33:05.465] [main/DEBUG] [net.neoforged.fml.loading.moddiscovery.ModFileInfo/LOADING]: Found valid mod file moonlight-1.21-2.29.20-neoforge.jar with {moonlight} mods - versions {1.21-2.29.20}
[13Mar2026 19:33:05.465] [main/DEBUG] [net.neoforged.fml.loading.moddiscovery.ModFile/LOADING]: Loading mod file C:\Users\JayDeeHome\Documents\Development\Jahdoo Neoforge\run\mods\moonlight-1.21-2.29.20-neoforge.jar with languages [LanguageSpec[languageName=javafml, acceptedVersions=[4,)]]
[13Mar2026 19:33:05.465] [main/DEBUG] [net.neoforged.fml.loading.moddiscovery.ModFile/LOADING]: Found mixin config MixinConfig[config=moonlight.mixins.json, requiredMods=[]]
[13Mar2026 19:33:05.465] [main/DEBUG] [net.neoforged.fml.loading.moddiscovery.ModFile/LOADING]: Found mixin config MixinConfig[config=moonlight-common.mixins.json, requiredMods=[]]
[13Mar2026 19:33:05.466] [main/DEBUG] [net.neoforged.fml.loading.moddiscovery.ModFileParser/LOADING]: Considering mod file candidate C:\Users\JayDeeHome\.gradle\caches\modules-2\files-2.1\maven.modrinth\better-combat\2.2.4+1.21.1-neoforge\95384c80f25f23c10ade47dab9cbf17517b9ec88\better-combat-2.2.4+1.21.1-neoforge.jar
[13Mar2026 19:33:05.467] [main/DEBUG] [net.neoforged.fml.loading.moddiscovery.ModFileInfo/LOADING]: Found valid mod file better-combat-2.2.4+1.21.1-neoforge.jar with {bettercombat} mods - versions {2.2.4+1.21.1}
[13Mar2026 19:33:05.468] [main/DEBUG] [net.neoforged.fml.loading.moddiscovery.ModFile/LOADING]: Loading mod file C:\Users\JayDeeHome\.gradle\caches\modules-2\files-2.1\maven.modrinth\better-combat\2.2.4+1.21.1-neoforge\95384c80f25f23c10ade47dab9cbf17517b9ec88\better-combat-2.2.4+1.21.1-neoforge.jar with languages [LanguageSpec[languageName=javafml, acceptedVersions=[2,)]]
[13Mar2026 19:33:05.468] [main/DEBUG] [net.neoforged.fml.loading.moddiscovery.ModFile/LOADING]: Found mixin config MixinConfig[config=bettercombat.mixins.json, requiredMods=[]]
[13Mar2026 19:33:05.468] [main/DEBUG] [net.neoforged.fml.loading.moddiscovery.ModFileParser/LOADING]: Considering mod file candidate C:\Users\JayDeeHome\.gradle\caches\modules-2\files-2.1\me.djtheredstoner\DevAuth-neoforge\1.2.1\6862c9e06232e6b73c4346f403192dd9c94962ae\DevAuth-neoforge-1.2.1.jar
[13Mar2026 19:33:05.469] [main/DEBUG] [net.neoforged.fml.loading.moddiscovery.ModFileInfo/LOADING]: Found valid mod file DevAuth-neoforge-1.2.1.jar with {devauth} mods - versions {1.2.1}
[13Mar2026 19:33:05.469] [main/DEBUG] [net.neoforged.fml.loading.moddiscovery.ModFile/LOADING]: Loading mod file C:\Users\JayDeeHome\.gradle\caches\modules-2\files-2.1\me.djtheredstoner\DevAuth-neoforge\1.2.1\6862c9e06232e6b73c4346f403192dd9c94962ae\DevAuth-neoforge-1.2.1.jar with languages [LanguageSpec[languageName=javafml, acceptedVersions=[1,)]]
[13Mar2026 19:33:05.469] [main/DEBUG] [net.neoforged.fml.loading.moddiscovery.ModFileParser/LOADING]: Considering mod file candidate C:\Users\JayDeeHome\Documents\Development\Jahdoo Neoforge\build\libs\ShoulderSurfing-NeoForge-1.21.1-4.10.4.jar
[13Mar2026 19:33:05.470] [main/DEBUG] [net.neoforged.fml.loading.moddiscovery.ModFileInfo/LOADING]: Found valid mod file ShoulderSurfing-NeoForge-1.21.1-4.10.4.jar with {shouldersurfing} mods - versions {1.21.1-4.10.4}
[13Mar2026 19:33:05.470] [main/DEBUG] [net.neoforged.fml.loading.moddiscovery.ModFile/LOADING]: Loading mod file C:\Users\JayDeeHome\Documents\Development\Jahdoo Neoforge\build\libs\ShoulderSurfing-NeoForge-1.21.1-4.10.4.jar with languages [LanguageSpec[languageName=javafml, acceptedVersions=[4,)]]
[13Mar2026 19:33:05.470] [main/DEBUG] [net.neoforged.fml.loading.moddiscovery.ModFile/LOADING]: Found mixin config MixinConfig[config=shouldersurfing.common.mixins.json, requiredMods=[]]
[13Mar2026 19:33:05.470] [main/DEBUG] [net.neoforged.fml.loading.moddiscovery.ModFile/LOADING]: Found mixin config MixinConfig[config=shouldersurfing.common.compat.mixins.json, requiredMods=[]]
[13Mar2026 19:33:05.470] [main/DEBUG] [net.neoforged.fml.loading.moddiscovery.ModFile/LOADING]: Found mixin config MixinConfig[config=shouldersurfing.neoforge.compat.mixins.json, requiredMods=[]]
[13Mar2026 19:33:05.471] [main/DEBUG] [net.neoforged.fml.loading.moddiscovery.ModFileParser/LOADING]: Considering mod file candidate C:\Users\JayDeeHome\.gradle\caches\modules-2\files-2.1\software.bernie.geckolib\geckolib-neoforge-1.21.1\4.8.3\fb0ac6ad63dc5f401c15c66a037c08e9709d1c42\geckolib-neoforge-1.21.1-4.8.3.jar
[13Mar2026 19:33:05.472] [main/DEBUG] [net.neoforged.fml.loading.moddiscovery.ModFileInfo/LOADING]: Found valid mod file geckolib-neoforge-1.21.1-4.8.3.jar with {geckolib} mods - versions {4.8.3}
[13Mar2026 19:33:05.472] [main/DEBUG] [net.neoforged.fml.loading.moddiscovery.ModFile/LOADING]: Loading mod file C:\Users\JayDeeHome\.gradle\caches\modules-2\files-2.1\software.bernie.geckolib\geckolib-neoforge-1.21.1\4.8.3\fb0ac6ad63dc5f401c15c66a037c08e9709d1c42\geckolib-neoforge-1.21.1-4.8.3.jar with languages [LanguageSpec[languageName=javafml, acceptedVersions=[4,)]]
[13Mar2026 19:33:05.472] [main/DEBUG] [net.neoforged.fml.loading.moddiscovery.ModFile/LOADING]: Found mixin config MixinConfig[config=geckolib.mixins.json, requiredMods=[]]
[13Mar2026 19:33:05.473] [main/DEBUG] [net.neoforged.fml.loading.moddiscovery.ModFileParser/LOADING]: Considering mod file candidate C:\Users\JayDeeHome\.gradle\caches\modules-2\files-2.1\dev.kosmx.player-anim\player-animation-lib-forge\2.0.1+1.21.1\c0a3d0cf0569b61302e17f35dc158ee75813f80f\player-animation-lib-forge-2.0.1+1.21.1.jar
[13Mar2026 19:33:05.473] [main/DEBUG] [net.neoforged.fml.loading.moddiscovery.ModFileInfo/LOADING]: Found valid mod file player-animation-lib-forge-2.0.1+1.21.1.jar with {playeranimator} mods - versions {2.0.1+1.21.1}
[13Mar2026 19:33:05.474] [main/DEBUG] [net.neoforged.fml.loading.moddiscovery.ModFile/LOADING]: Loading mod file C:\Users\JayDeeHome\.gradle\caches\modules-2\files-2.1\dev.kosmx.player-anim\player-animation-lib-forge\2.0.1+1.21.1\c0a3d0cf0569b61302e17f35dc158ee75813f80f\player-animation-lib-forge-2.0.1+1.21.1.jar with languages [LanguageSpec[languageName=javafml, acceptedVersions=*]]
[13Mar2026 19:33:05.474] [main/DEBUG] [net.neoforged.fml.loading.moddiscovery.ModFile/LOADING]: Found mixin config MixinConfig[config=playerAnimator-common.mixins.json, requiredMods=[]]
[13Mar2026 19:33:05.474] [main/DEBUG] [net.neoforged.fml.loading.moddiscovery.ModFileParser/LOADING]: Considering mod file candidate C:\Users\JayDeeHome\.m2\repository\org\shaydee\loot-beams-neoforge\0.5.3\loot-beams-neoforge-0.5.3.jar
[13Mar2026 19:33:05.475] [main/DEBUG] [net.neoforged.fml.loading.moddiscovery.ModFileInfo/LOADING]: Found valid mod file loot-beams-neoforge-0.5.3.jar with {loot_beams_neoforge} mods - versions {0.5.3}
[13Mar2026 19:33:05.475] [main/DEBUG] [net.neoforged.fml.loading.moddiscovery.ModFile/LOADING]: Loading mod file C:\Users\JayDeeHome\.m2\repository\org\shaydee\loot-beams-neoforge\0.5.3\loot-beams-neoforge-0.5.3.jar with languages [LanguageSpec[languageName=kotlinforforge, acceptedVersions=[5.3,)]]
[13Mar2026 19:33:05.475] [main/DEBUG] [net.neoforged.fml.loading.moddiscovery.ModFile/LOADING]: Found mixin config MixinConfig[config=loot_beams_neoforge.mixins.json, requiredMods=[]]
[13Mar2026 19:33:05.475] [main/DEBUG] [net.neoforged.fml.loading.moddiscovery.ModFileParser/LOADING]: Considering mod file candidate C:\Users\JayDeeHome\Documents\Development\Jahdoo Neoforge\build\libs\lionfishapi-2.6.jar
[13Mar2026 19:33:05.477] [main/DEBUG] [net.neoforged.fml.loading.moddiscovery.ModFileInfo/LOADING]: Found valid mod file lionfishapi-2.6.jar with {lionfishapi} mods - versions {2.6}
[13Mar2026 19:33:05.477] [main/DEBUG] [net.neoforged.fml.loading.moddiscovery.ModFile/LOADING]: Loading mod file C:\Users\JayDeeHome\Documents\Development\Jahdoo Neoforge\build\libs\lionfishapi-2.6.jar with languages [LanguageSpec[languageName=javafml, acceptedVersions=[4,)]]
[13Mar2026 19:33:05.477] [main/DEBUG] [net.neoforged.fml.loading.moddiscovery.ModFile/LOADING]: Found mixin config MixinConfig[config=lionfishapi.mixins.json, requiredMods=[]]
[13Mar2026 19:33:05.477] [main/DEBUG] [net.neoforged.fml.loading.moddiscovery.ModFileParser/LOADING]: Considering mod file candidate C:\Users\JayDeeHome\.gradle\caches\modules-2\files-2.1\thedarkcolour\kffmod-neoforge\5.11.0\634df7e517d9bfbc4ee5c0ea5460b674b8e1a5ec\kffmod-neoforge-5.11.0.jar
[13Mar2026 19:33:05.478] [main/DEBUG] [net.neoforged.fml.loading.moddiscovery.ModFileInfo/LOADING]: Found valid mod file kffmod-neoforge-5.11.0.jar with {kotlinforforge} mods - versions {5.11.0}
[13Mar2026 19:33:05.478] [main/DEBUG] [net.neoforged.fml.loading.moddiscovery.ModFile/LOADING]: Loading mod file C:\Users\JayDeeHome\.gradle\caches\modules-2\files-2.1\thedarkcolour\kffmod-neoforge\5.11.0\634df7e517d9bfbc4ee5c0ea5460b674b8e1a5ec\kffmod-neoforge-5.11.0.jar with languages [LanguageSpec[languageName=kotlinforforge, acceptedVersions=[5,)]]
[13Mar2026 19:33:05.478] [main/DEBUG] [net.neoforged.fml.loading.moddiscovery.ModFileParser/LOADING]: Considering mod file candidate C:\Users\JayDeeHome\Documents\Development\Jahdoo Neoforge\build\libs\L_Ender's Cataclysm 1.21.1-3.23.jar
[13Mar2026 19:33:05.479] [main/DEBUG] [net.neoforged.fml.loading.moddiscovery.ModFileInfo/LOADING]: Found valid mod file L_Ender's Cataclysm 1.21.1-3.23.jar with {cataclysm} mods - versions {3.23}
[13Mar2026 19:33:05.480] [main/DEBUG] [net.neoforged.fml.loading.moddiscovery.ModFile/LOADING]: Loading mod file C:\Users\JayDeeHome\Documents\Development\Jahdoo Neoforge\build\libs\L_Ender's Cataclysm 1.21.1-3.23.jar with languages [LanguageSpec[languageName=javafml, acceptedVersions=[4,)]]
[13Mar2026 19:33:05.480] [main/DEBUG] [net.neoforged.fml.loading.moddiscovery.ModFile/LOADING]: Found mixin config MixinConfig[config=cataclysm.mixins.json, requiredMods=[]]
[13Mar2026 19:33:05.480] [main/DEBUG] [net.neoforged.fml.loading.moddiscovery.ModFileParser/LOADING]: Considering mod file candidate C:\Users\JayDeeHome\.gradle\caches\modules-2\files-2.1\top.theillusivec4.curios\curios-neoforge\9.4.2+1.21.1\b31f58fd4606d7a3ab15d7e75f4ad61a9e7508b\curios-neoforge-9.4.2+1.21.1.jar
[13Mar2026 19:33:05.481] [main/DEBUG] [net.neoforged.fml.loading.moddiscovery.ModFileInfo/LOADING]: Found valid mod file curios-neoforge-9.4.2+1.21.1.jar with {curios} mods - versions {9.4.2+1.21.1}
[13Mar2026 19:33:05.481] [main/DEBUG] [net.neoforged.fml.loading.moddiscovery.ModFile/LOADING]: Loading mod file C:\Users\JayDeeHome\.gradle\caches\modules-2\files-2.1\top.theillusivec4.curios\curios-neoforge\9.4.2+1.21.1\b31f58fd4606d7a3ab15d7e75f4ad61a9e7508b\curios-neoforge-9.4.2+1.21.1.jar with languages [LanguageSpec[languageName=javafml, acceptedVersions=[1,)]]
[13Mar2026 19:33:05.481] [main/DEBUG] [net.neoforged.fml.loading.moddiscovery.ModFile/LOADING]: Found mixin config MixinConfig[config=curios.neoforge.mixins.json, requiredMods=[]]
[13Mar2026 19:33:05.481] [main/DEBUG] [net.neoforged.fml.loading.moddiscovery.ModFile/LOADING]: Found mixin config MixinConfig[config=curios.mixins.json, requiredMods=[]]
[13Mar2026 19:33:05.481] [main/DEBUG] [net.neoforged.fml.loading.moddiscovery.ModFileParser/LOADING]: Considering mod file candidate C:\Users\JayDeeHome\Documents\Development\Jahdoo Neoforge\build\libs\waystones-neoforge-1.21.1-21.1.26.jar
[13Mar2026 19:33:05.482] [main/DEBUG] [net.neoforged.fml.loading.moddiscovery.ModFileInfo/LOADING]: Found valid mod file waystones-neoforge-1.21.1-21.1.26.jar with {waystones} mods - versions {21.1.26}
[13Mar2026 19:33:05.482] [main/DEBUG] [net.neoforged.fml.loading.moddiscovery.ModFile/LOADING]: Loading mod file C:\Users\JayDeeHome\Documents\Development\Jahdoo Neoforge\build\libs\waystones-neoforge-1.21.1-21.1.26.jar with languages [LanguageSpec[languageName=javafml, acceptedVersions=[1,)]]
[13Mar2026 19:33:05.482] [main/DEBUG] [net.neoforged.fml.loading.moddiscovery.ModFile/LOADING]: Found mixin config MixinConfig[config=waystones.mixins.json, requiredMods=[]]
[13Mar2026 19:33:05.482] [main/DEBUG] [net.neoforged.fml.loading.moddiscovery.ModFile/LOADING]: Found mixin config MixinConfig[config=waystones.neoforge.mixins.json, requiredMods=[]]
[13Mar2026 19:33:05.482] [main/DEBUG] [net.neoforged.fml.loading.moddiscovery.ModFileParser/LOADING]: Considering mod file candidate C:\Users\JayDeeHome\Documents\Development\Jahdoo Neoforge\build\moddev\artifacts\neoforge-21.1.219-minecraft-merged.jar
[13Mar2026 19:33:05.483] [main/DEBUG] [net.neoforged.fml.loading.moddiscovery.ModFileInfo/LOADING]: Found valid mod file neoforge-21.1.219-minecraft-merged.jar with {neoforge} mods - versions {21.1.219}
[13Mar2026 19:33:05.483] [main/DEBUG] [net.neoforged.fml.loading.moddiscovery.ModFile/LOADING]: Loading mod file C:\Users\JayDeeHome\Documents\Development\Jahdoo Neoforge\build\moddev\artifacts\neoforge-21.1.219-minecraft-merged.jar with languages [LanguageSpec[languageName=javafml, acceptedVersions=[3,]]]
[13Mar2026 19:33:05.483] [main/DEBUG] [net.neoforged.fml.loading.moddiscovery.ModFile/LOADING]: Found mixin config MixinConfig[config=neoforge.mixins.json, requiredMods=[]]
[13Mar2026 19:33:05.483] [main/DEBUG] [net.neoforged.fml.loading.moddiscovery.ModFileParser/LOADING]: Considering mod file candidate C:\Users\JayDeeHome\.m2\repository\net\casualchampionships\arcade-neoforge\0.5.1\arcade-neoforge-0.5.1.jar
[13Mar2026 19:33:05.484] [main/DEBUG] [net.neoforged.fml.loading.moddiscovery.ModFileInfo/LOADING]: Found valid mod file arcade-neoforge-0.5.1.jar with {arcade} mods - versions {0.5.1}
[13Mar2026 19:33:05.484] [main/DEBUG] [net.neoforged.fml.loading.moddiscovery.ModFile/LOADING]: Loading mod file C:\Users\JayDeeHome\.m2\repository\net\casualchampionships\arcade-neoforge\0.5.1\arcade-neoforge-0.5.1.jar with languages [LanguageSpec[languageName=kotlinforforge, acceptedVersions=[5.3,)]]
[13Mar2026 19:33:05.484] [main/DEBUG] [net.neoforged.fml.loading.moddiscovery.ModFile/LOADING]: Found mixin config MixinConfig[config=arcade-utils.mixins.json, requiredMods=[]]
[13Mar2026 19:33:05.484] [main/DEBUG] [net.neoforged.fml.loading.moddiscovery.ModFile/LOADING]: Found mixin config MixinConfig[config=arcade-dimensions.mixins.json, requiredMods=[]]
[13Mar2026 19:33:05.484] [main/DEBUG] [net.neoforged.fml.loading.moddiscovery.ModFileParser/LOADING]: Considering mod file candidate C:\Users\JayDeeHome\Documents\Development\Jahdoo Neoforge\build\libs\balm-neoforge-1.21.1-21.0.56.jar
[13Mar2026 19:33:05.485] [main/DEBUG] [net.neoforged.fml.loading.moddiscovery.ModFileInfo/LOADING]: Found valid mod file balm-neoforge-1.21.1-21.0.56.jar with {balm} mods - versions {21.0.56}
[13Mar2026 19:33:05.485] [main/DEBUG] [net.neoforged.fml.loading.moddiscovery.ModFile/LOADING]: Loading mod file C:\Users\JayDeeHome\Documents\Development\Jahdoo Neoforge\build\libs\balm-neoforge-1.21.1-21.0.56.jar with languages [LanguageSpec[languageName=javafml, acceptedVersions=[1,)]]
[13Mar2026 19:33:05.486] [main/DEBUG] [net.neoforged.fml.loading.moddiscovery.ModFile/LOADING]: Found mixin config MixinConfig[config=balm.mixins.json, requiredMods=[]]
[13Mar2026 19:33:05.486] [main/DEBUG] [net.neoforged.fml.loading.moddiscovery.ModFile/LOADING]: Found mixin config MixinConfig[config=balm.neoforge.mixins.json, requiredMods=[]]
[13Mar2026 19:33:05.486] [main/DEBUG] [net.neoforged.fml.loading.moddiscovery.ModFileParser/LOADING]: Considering mod file candidate C:\Users\JayDeeHome\.m2\repository\org\shaydee\ShaydeeAPI\0.1-ALPHA\ShaydeeAPI-0.1-ALPHA.jar
[13Mar2026 19:33:05.487] [main/DEBUG] [net.neoforged.fml.loading.moddiscovery.ModFileInfo/LOADING]: Found valid mod file ShaydeeAPI-0.1-ALPHA.jar with {shaydeeapi} mods - versions {0.1-ALPHA}
[13Mar2026 19:33:05.487] [main/DEBUG] [net.neoforged.fml.loading.moddiscovery.ModFile/LOADING]: Loading mod file C:\Users\JayDeeHome\.m2\repository\org\shaydee\ShaydeeAPI\0.1-ALPHA\ShaydeeAPI-0.1-ALPHA.jar with languages [LanguageSpec[languageName=kotlinforforge, acceptedVersions=[5.3,)]]
[13Mar2026 19:33:05.487] [main/DEBUG] [net.neoforged.fml.loading.moddiscovery.ModFile/LOADING]: Found mixin config MixinConfig[config=shaydeeapi.mixins.json, requiredMods=[]]
[13Mar2026 19:33:05.487] [main/DEBUG] [net.neoforged.fml.loading.moddiscovery.ModFileParser/LOADING]: Considering mod file candidate C:\Users\JayDeeHome\.gradle\caches\modules-2\files-2.1\me.shedaniel.cloth\cloth-config-neoforge\15.0.140\c3e5733ba4503b102589a026000fd5ce0212f6f2\cloth-config-neoforge-15.0.140-neoforge.jar
[13Mar2026 19:33:05.488] [main/DEBUG] [net.neoforged.fml.loading.moddiscovery.ModFileInfo/LOADING]: Found valid mod file cloth-config-neoforge-15.0.140-neoforge.jar with {cloth_config} mods - versions {15.0.140}
[13Mar2026 19:33:05.488] [main/DEBUG] [net.neoforged.fml.loading.moddiscovery.ModFile/LOADING]: Loading mod file C:\Users\JayDeeHome\.gradle\caches\modules-2\files-2.1\me.shedaniel.cloth\cloth-config-neoforge\15.0.140\c3e5733ba4503b102589a026000fd5ce0212f6f2\cloth-config-neoforge-15.0.140-neoforge.jar with languages [LanguageSpec[languageName=javafml, acceptedVersions=[1,)]]
[13Mar2026 19:33:05.488] [main/DEBUG] [net.neoforged.fml.loading.moddiscovery.ModFileParser/LOADING]: Considering mod file candidate C:\Users\JayDeeHome\Documents\Development\Jahdoo Neoforge\run\mods\dummmmmmy-1.21-2.0.11-neoforge.jar
[13Mar2026 19:33:05.489] [main/DEBUG] [net.neoforged.fml.loading.moddiscovery.ModFileInfo/LOADING]: Found valid mod file dummmmmmy-1.21-2.0.11-neoforge.jar with {dummmmmmy} mods - versions {1.21-2.0.11}
[13Mar2026 19:33:05.489] [main/DEBUG] [net.neoforged.fml.loading.moddiscovery.ModFile/LOADING]: Loading mod file C:\Users\JayDeeHome\Documents\Development\Jahdoo Neoforge\run\mods\dummmmmmy-1.21-2.0.11-neoforge.jar with languages [LanguageSpec[languageName=javafml, acceptedVersions=[4,)]]
[13Mar2026 19:33:05.489] [main/DEBUG] [net.neoforged.fml.loading.moddiscovery.ModFile/LOADING]: Found mixin config MixinConfig[config=dummmmmmy.mixins.json, requiredMods=[]]
[13Mar2026 19:33:05.489] [main/DEBUG] [net.neoforged.fml.loading.moddiscovery.ModFile/LOADING]: Found mixin config MixinConfig[config=dummmmmmy-common.mixins.json, requiredMods=[]]
[13Mar2026 19:33:05.489] [main/DEBUG] [net.neoforged.fml.loading.moddiscovery.ModFileParser/LOADING]: Considering mod file candidate C:\Users\JayDeeHome\Documents\Development\Jahdoo Neoforge\build\classes\java\main
[13Mar2026 19:33:05.490] [main/DEBUG] [net.neoforged.fml.loading.moddiscovery.ModFileInfo/LOADING]: Found valid mod file main with {jahdoo} mods - versions {1.21-1.0}
[13Mar2026 19:33:05.490] [main/DEBUG] [net.neoforged.fml.loading.moddiscovery.ModFile/LOADING]: Loading mod file C:\Users\JayDeeHome\Documents\Development\Jahdoo Neoforge\build\classes\java\main with languages [LanguageSpec[languageName=javafml, acceptedVersions=[4,)]]
[13Mar2026 19:33:05.491] [main/DEBUG] [net.neoforged.fml.loading.moddiscovery.ModFile/LOADING]: Found mixin config MixinConfig[config=jahdoo.mixins.json, requiredMods=[]]
[13Mar2026 19:33:05.491] [main/DEBUG] [net.neoforged.fml.loading.moddiscovery.ModFile/LOADING]: Loading mod file C:\Users\JayDeeHome\.gradle\caches\modules-2\files-2.1\thedarkcolour\kfflib-neoforge\5.11.0\29a9da6835f9afdc6205e0bcb1bc111f4ba589ab\kfflib-neoforge-5.11.0.jar with languages []
[13Mar2026 19:33:05.491] [main/DEBUG] [net.neoforged.fml.loading.moddiscovery.ModFile/LOADING]: Loading mod file  with languages []
[13Mar2026 19:33:05.492] [main/DEBUG] [cpw.mods.modlauncher.TransformationServiceDecorator/MODLAUNCHER]: End scan trigger - transformation service fml
[13Mar2026 19:33:05.513] [main/DEBUG] [net.neoforged.fml.util.ServiceLoaderUtil/CORE]: Found 4 implementations of IModLanguageLoader:
[13Mar2026 19:33:05.513] [main/DEBUG] [net.neoforged.fml.util.ServiceLoaderUtil/CORE]: 	thedarkcolour.kotlinforforge.neoforge.KotlinLanguageLoader from kfflang-neoforge-5.11.0.jar
[13Mar2026 19:33:05.513] [main/DEBUG] [net.neoforged.fml.util.ServiceLoaderUtil/CORE]: 	net.neoforged.fml.javafmlmod.FMLJavaModLanguageProvider from loader-4.0.42.jar
[13Mar2026 19:33:05.513] [main/DEBUG] [net.neoforged.fml.util.ServiceLoaderUtil/CORE]: 	net.neoforged.fml.lowcodemod.LowCodeModLanguageProvider from loader-4.0.42.jar
[13Mar2026 19:33:05.514] [main/DEBUG] [net.neoforged.fml.util.ServiceLoaderUtil/CORE]: 	net.neoforged.fml.mclanguageprovider.MinecraftModLanguageProvider from loader-4.0.42.jar
[13Mar2026 19:33:05.514] [main/DEBUG] [net.neoforged.fml.loading.LanguageProviderLoader/CORE]: Found language provider kotlinforforge, version 5.11.0
[13Mar2026 19:33:05.514] [main/DEBUG] [net.neoforged.fml.loading.LanguageProviderLoader/CORE]: Found language provider javafml, version 4.0.42
[13Mar2026 19:33:05.515] [main/DEBUG] [net.neoforged.fml.loading.LanguageProviderLoader/CORE]: Found language provider lowcodefml, version 4.0.42
[13Mar2026 19:33:05.515] [main/DEBUG] [net.neoforged.fml.loading.LanguageProviderLoader/CORE]: Found language provider minecraft, version 4.0.42
[13Mar2026 19:33:05.519] [main/DEBUG] [net.neoforged.fml.loading.ModSorter/]: Configured system mods: [minecraft, neoforge]
[13Mar2026 19:33:05.519] [main/DEBUG] [net.neoforged.fml.loading.ModSorter/]: Found system mod: minecraft
[13Mar2026 19:33:05.519] [main/DEBUG] [net.neoforged.fml.loading.ModSorter/]: Found system mod: neoforge
[13Mar2026 19:33:05.521] [main/DEBUG] [net.neoforged.fml.loading.ModSorter/LOADING]: Found 44 mod requirements (38 mandatory, 6 optional)
[13Mar2026 19:33:05.522] [main/DEBUG] [net.neoforged.fml.loading.ModSorter/LOADING]: Found 0 mod requirements missing (0 mandatory, 0 optional)
[13Mar2026 19:33:05.662] [main/DEBUG] [mixin/]: Adding mixin platform agents for container net.neoforged.fml.loading.mixin.FMLMixinContainerHandle@4e08acf9
[13Mar2026 19:33:05.662] [main/DEBUG] [mixin/]: Instancing new MixinPlatformAgentMinecraftForge for net.neoforged.fml.loading.mixin.FMLMixinContainerHandle@4e08acf9
[13Mar2026 19:33:05.662] [main/DEBUG] [mixin/]: MixinPlatformAgentMinecraftForge rejected container net.neoforged.fml.loading.mixin.FMLMixinContainerHandle@4e08acf9
[13Mar2026 19:33:05.662] [main/DEBUG] [mixin/]: Instancing new MixinPlatformAgentDefault for net.neoforged.fml.loading.mixin.FMLMixinContainerHandle@4e08acf9
[13Mar2026 19:33:05.662] [main/DEBUG] [mixin/]: MixinPlatformAgentDefault accepted container net.neoforged.fml.loading.mixin.FMLMixinContainerHandle@4e08acf9
[13Mar2026 19:33:05.662] [main/DEBUG] [mixin/]: Instancing new FMLMixinPlatformAgent for net.neoforged.fml.loading.mixin.FMLMixinContainerHandle@4e08acf9
[13Mar2026 19:33:05.662] [main/DEBUG] [mixin/]: FMLMixinPlatformAgent accepted container net.neoforged.fml.loading.mixin.FMLMixinContainerHandle@4e08acf9
[13Mar2026 19:33:05.676] [main/DEBUG] [cpw.mods.modlauncher.TransformationServicesHandler/MODLAUNCHER]: Transformation services loading transformers
[13Mar2026 19:33:05.677] [main/DEBUG] [cpw.mods.modlauncher.TransformationServiceDecorator/MODLAUNCHER]: Initializing transformers for transformation service mixin
[13Mar2026 19:33:05.678] [main/DEBUG] [cpw.mods.modlauncher.TransformationServiceDecorator/MODLAUNCHER]: Initialized transformers for transformation service mixin
[13Mar2026 19:33:05.678] [main/DEBUG] [cpw.mods.modlauncher.TransformationServiceDecorator/MODLAUNCHER]: Initializing transformers for transformation service fml
[13Mar2026 19:33:05.678] [main/DEBUG] [net.neoforged.fml.loading.FMLServiceProvider/LOADING]: Loading coremod transformers
[13Mar2026 19:33:05.679] [main/DEBUG] [net.neoforged.fml.loading.FMLServiceProvider/CORE]: Not loading coremod script-engine since no mod requested it
[13Mar2026 19:33:05.680] [main/DEBUG] [net.neoforged.fml.util.ServiceLoaderUtil/CORE]: Found 1 implementations of ICoreMod:
[13Mar2026 19:33:05.681] [main/DEBUG] [net.neoforged.fml.util.ServiceLoaderUtil/CORE]: 	net.neoforged.neoforge.coremods.NeoForgeCoreMod from neoforge-21.1.219-minecraft-merged.jar > net.neoforged.neoforge-coremods-21.1.219.jar
[13Mar2026 19:33:05.688] [main/DEBUG] [net.neoforged.fml.loading.FMLServiceProvider/CORE]: Adding [Target[className=net.minecraft.world.level.biome.Biome, elementName=, elementDescriptor=, targetType=cpw.mods.modlauncher.api.TargetType@59a67c3a]] transformer from core-mod net.neoforged.neoforge.coremods.NeoForgeCoreMod@4760f169 in neoforge-21.1.219-minecraft-merged.jar > net.neoforged.neoforge-coremods-21.1.219.jar
[13Mar2026 19:33:05.705] [main/DEBUG] [net.neoforged.fml.loading.FMLServiceProvider/CORE]: Adding [Target[className=net.minecraft.world.level.levelgen.structure.Structure, elementName=, elementDescriptor=, targetType=cpw.mods.modlauncher.api.TargetType@59a67c3a]] transformer from core-mod net.neoforged.neoforge.coremods.NeoForgeCoreMod@4760f169 in neoforge-21.1.219-minecraft-merged.jar > net.neoforged.neoforge-coremods-21.1.219.jar
[13Mar2026 19:33:05.706] [main/DEBUG] [net.neoforged.fml.loading.FMLServiceProvider/CORE]: Adding [Target[className=net.minecraft.world.level.block.FlowerPotBlock, elementName=, elementDescriptor=, targetType=cpw.mods.modlauncher.api.TargetType@59a67c3a]] transformer from core-mod net.neoforged.neoforge.coremods.NeoForgeCoreMod@4760f169 in neoforge-21.1.219-minecraft-merged.jar > net.neoforged.neoforge-coremods-21.1.219.jar
[13Mar2026 19:33:05.706] [main/DEBUG] [net.neoforged.fml.loading.FMLServiceProvider/CORE]: Adding [Target[className=net/minecraft/world/entity/monster/Zombie, elementName=, elementDescriptor=, targetType=cpw.mods.modlauncher.api.TargetType@59a67c3a], Target[className=net/minecraft/world/entity/monster/Spider, elementName=, elementDescriptor=, targetType=cpw.mods.modlauncher.api.TargetType@59a67c3a], Target[className=net/minecraft/world/entity/npc/Villager, elementName=, elementDescriptor=, targetType=cpw.mods.modlauncher.api.TargetType@59a67c3a], Target[className=net/minecraft/world/level/levelgen/PhantomSpawner, elementName=, elementDescriptor=, targetType=cpw.mods.modlauncher.api.TargetType@59a67c3a], Target[className=net/minecraft/world/level/levelgen/structure/structures/OceanRuinPieces$OceanRuinPiece, elementName=, elementDescriptor=, targetType=cpw.mods.modlauncher.api.TargetType@59a67c3a], Target[className=net/minecraft/world/entity/raid/Raid, elementName=, elementDescriptor=, targetType=cpw.mods.modlauncher.api.TargetType@59a67c3a], Target[className=net/minecraft/world/level/levelgen/structure/structures/SwampHutPiece, elementName=, elementDescriptor=, targetType=cpw.mods.modlauncher.api.TargetType@59a67c3a], Target[className=net/minecraft/world/level/levelgen/structure/structures/OceanMonumentPieces$OceanMonumentPiece, elementName=, elementDescriptor=, targetType=cpw.mods.modlauncher.api.TargetType@59a67c3a], Target[className=net/minecraft/world/entity/animal/frog/Tadpole, elementName=, elementDescriptor=, targetType=cpw.mods.modlauncher.api.TargetType@59a67c3a], Target[className=net/minecraft/world/entity/monster/ZombieVillager, elementName=, elementDescriptor=, targetType=cpw.mods.modlauncher.api.TargetType@59a67c3a], Target[className=net/minecraft/world/level/levelgen/PatrolSpawner, elementName=, elementDescriptor=, targetType=cpw.mods.modlauncher.api.TargetType@59a67c3a], Target[className=net/minecraft/server/commands/RaidCommand, elementName=, elementDescriptor=, targetType=cpw.mods.modlauncher.api.TargetType@59a67c3a], Target[className=net/minecraft/world/level/NaturalSpawner, elementName=, elementDescriptor=, targetType=cpw.mods.modlauncher.api.TargetType@59a67c3a], Target[className=net/minecraft/world/entity/ai/village/VillageSiege, elementName=, elementDescriptor=, targetType=cpw.mods.modlauncher.api.TargetType@59a67c3a], Target[className=net/minecraft/world/level/levelgen/structure/structures/WoodlandMansionPieces$WoodlandMansionPiece, elementName=, elementDescriptor=, targetType=cpw.mods.modlauncher.api.TargetType@59a67c3a], Target[className=net/minecraft/world/level/levelgen/structure/templatesystem/StructureTemplate, elementName=, elementDescriptor=, targetType=cpw.mods.modlauncher.api.TargetType@59a67c3a], Target[className=net/minecraft/server/commands/SummonCommand, elementName=, elementDescriptor=, targetType=cpw.mods.modlauncher.api.TargetType@59a67c3a], Target[className=net/minecraft/world/entity/EntityType, elementName=, elementDescriptor=, targetType=cpw.mods.modlauncher.api.TargetType@59a67c3a], Target[className=net/minecraft/world/entity/monster/Strider, elementName=, elementDescriptor=, targetType=cpw.mods.modlauncher.api.TargetType@59a67c3a], Target[className=net/minecraft/world/entity/npc/CatSpawner, elementName=, elementDescriptor=, targetType=cpw.mods.modlauncher.api.TargetType@59a67c3a], Target[className=net/minecraft/world/entity/animal/horse/SkeletonTrapGoal, elementName=, elementDescriptor=, targetType=cpw.mods.modlauncher.api.TargetType@59a67c3a], Target[className=net/minecraft/world/entity/monster/Evoker$EvokerSummonSpellGoal, elementName=, elementDescriptor=, targetType=cpw.mods.modlauncher.api.TargetType@59a67c3a]] transformer from core-mod net.neoforged.neoforge.coremods.NeoForgeCoreMod@4760f169 in neoforge-21.1.219-minecraft-merged.jar > net.neoforged.neoforge-coremods-21.1.219.jar
[13Mar2026 19:33:05.729] [main/DEBUG] [cpw.mods.modlauncher.TransformStore/MODLAUNCHER]: Adding transformer net.neoforged.neoforge.coremods.ReplaceFieldWithGetterAccess@7ff35a3f to Target : cpw.mods.modlauncher.api.TargetType@59a67c3a {Lnet/minecraft/world/level/biome/Biome;} {} {V}
[13Mar2026 19:33:05.730] [main/DEBUG] [cpw.mods.modlauncher.TransformStore/MODLAUNCHER]: Adding transformer net.neoforged.neoforge.coremods.ReplaceFieldWithGetterAccess@2f236de0 to Target : cpw.mods.modlauncher.api.TargetType@59a67c3a {Lnet/minecraft/world/level/levelgen/structure/Structure;} {} {V}
[13Mar2026 19:33:05.730] [main/DEBUG] [cpw.mods.modlauncher.TransformStore/MODLAUNCHER]: Adding transformer net.neoforged.neoforge.coremods.ReplaceFieldWithGetterAccess@4eba373c to Target : cpw.mods.modlauncher.api.TargetType@59a67c3a {Lnet/minecraft/world/level/block/FlowerPotBlock;} {} {V}
[13Mar2026 19:33:05.730] [main/DEBUG] [cpw.mods.modlauncher.TransformStore/MODLAUNCHER]: Adding transformer net.neoforged.neoforge.coremods.MethodRedirector@767a014e to Target : cpw.mods.modlauncher.api.TargetType@59a67c3a {Lnet/minecraft/world/entity/monster/Zombie;} {} {V}
[13Mar2026 19:33:05.730] [main/DEBUG] [cpw.mods.modlauncher.TransformStore/MODLAUNCHER]: Adding transformer net.neoforged.neoforge.coremods.MethodRedirector@767a014e to Target : cpw.mods.modlauncher.api.TargetType@59a67c3a {Lnet/minecraft/world/entity/monster/Spider;} {} {V}
[13Mar2026 19:33:05.730] [main/DEBUG] [cpw.mods.modlauncher.TransformStore/MODLAUNCHER]: Adding transformer net.neoforged.neoforge.coremods.MethodRedirector@767a014e to Target : cpw.mods.modlauncher.api.TargetType@59a67c3a {Lnet/minecraft/world/entity/npc/Villager;} {} {V}
[13Mar2026 19:33:05.730] [main/DEBUG] [cpw.mods.modlauncher.TransformStore/MODLAUNCHER]: Adding transformer net.neoforged.neoforge.coremods.MethodRedirector@767a014e to Target : cpw.mods.modlauncher.api.TargetType@59a67c3a {Lnet/minecraft/world/level/levelgen/PhantomSpawner;} {} {V}
[13Mar2026 19:33:05.730] [main/DEBUG] [cpw.mods.modlauncher.TransformStore/MODLAUNCHER]: Adding transformer net.neoforged.neoforge.coremods.MethodRedirector@767a014e to Target : cpw.mods.modlauncher.api.TargetType@59a67c3a {Lnet/minecraft/world/level/levelgen/structure/structures/OceanRuinPieces$OceanRuinPiece;} {} {V}
[13Mar2026 19:33:05.730] [main/DEBUG] [cpw.mods.modlauncher.TransformStore/MODLAUNCHER]: Adding transformer net.neoforged.neoforge.coremods.MethodRedirector@767a014e to Target : cpw.mods.modlauncher.api.TargetType@59a67c3a {Lnet/minecraft/world/entity/raid/Raid;} {} {V}
[13Mar2026 19:33:05.731] [main/DEBUG] [cpw.mods.modlauncher.TransformStore/MODLAUNCHER]: Adding transformer net.neoforged.neoforge.coremods.MethodRedirector@767a014e to Target : cpw.mods.modlauncher.api.TargetType@59a67c3a {Lnet/minecraft/world/level/levelgen/structure/structures/SwampHutPiece;} {} {V}
[13Mar2026 19:33:05.731] [main/DEBUG] [cpw.mods.modlauncher.TransformStore/MODLAUNCHER]: Adding transformer net.neoforged.neoforge.coremods.MethodRedirector@767a014e to Target : cpw.mods.modlauncher.api.TargetType@59a67c3a {Lnet/minecraft/world/level/levelgen/structure/structures/OceanMonumentPieces$OceanMonumentPiece;} {} {V}
[13Mar2026 19:33:05.731] [main/DEBUG] [cpw.mods.modlauncher.TransformStore/MODLAUNCHER]: Adding transformer net.neoforged.neoforge.coremods.MethodRedirector@767a014e to Target : cpw.mods.modlauncher.api.TargetType@59a67c3a {Lnet/minecraft/world/entity/animal/frog/Tadpole;} {} {V}
[13Mar2026 19:33:05.731] [main/DEBUG] [cpw.mods.modlauncher.TransformStore/MODLAUNCHER]: Adding transformer net.neoforged.neoforge.coremods.MethodRedirector@767a014e to Target : cpw.mods.modlauncher.api.TargetType@59a67c3a {Lnet/minecraft/world/entity/monster/ZombieVillager;} {} {V}
[13Mar2026 19:33:05.731] [main/DEBUG] [cpw.mods.modlauncher.TransformStore/MODLAUNCHER]: Adding transformer net.neoforged.neoforge.coremods.MethodRedirector@767a014e to Target : cpw.mods.modlauncher.api.TargetType@59a67c3a {Lnet/minecraft/world/level/levelgen/PatrolSpawner;} {} {V}
[13Mar2026 19:33:05.731] [main/DEBUG] [cpw.mods.modlauncher.TransformStore/MODLAUNCHER]: Adding transformer net.neoforged.neoforge.coremods.MethodRedirector@767a014e to Target : cpw.mods.modlauncher.api.TargetType@59a67c3a {Lnet/minecraft/server/commands/RaidCommand;} {} {V}
[13Mar2026 19:33:05.731] [main/DEBUG] [cpw.mods.modlauncher.TransformStore/MODLAUNCHER]: Adding transformer net.neoforged.neoforge.coremods.MethodRedirector@767a014e to Target : cpw.mods.modlauncher.api.TargetType@59a67c3a {Lnet/minecraft/world/level/NaturalSpawner;} {} {V}
[13Mar2026 19:33:05.731] [main/DEBUG] [cpw.mods.modlauncher.TransformStore/MODLAUNCHER]: Adding transformer net.neoforged.neoforge.coremods.MethodRedirector@767a014e to Target : cpw.mods.modlauncher.api.TargetType@59a67c3a {Lnet/minecraft/world/entity/ai/village/VillageSiege;} {} {V}
[13Mar2026 19:33:05.735] [main/DEBUG] [cpw.mods.modlauncher.TransformStore/MODLAUNCHER]: Adding transformer net.neoforged.neoforge.coremods.MethodRedirector@767a014e to Target : cpw.mods.modlauncher.api.TargetType@59a67c3a {Lnet/minecraft/world/level/levelgen/structure/structures/WoodlandMansionPieces$WoodlandMansionPiece;} {} {V}
[13Mar2026 19:33:05.735] [main/DEBUG] [cpw.mods.modlauncher.TransformStore/MODLAUNCHER]: Adding transformer net.neoforged.neoforge.coremods.MethodRedirector@767a014e to Target : cpw.mods.modlauncher.api.TargetType@59a67c3a {Lnet/minecraft/world/level/levelgen/structure/templatesystem/StructureTemplate;} {} {V}
[13Mar2026 19:33:05.735] [main/DEBUG] [cpw.mods.modlauncher.TransformStore/MODLAUNCHER]: Adding transformer net.neoforged.neoforge.coremods.MethodRedirector@767a014e to Target : cpw.mods.modlauncher.api.TargetType@59a67c3a {Lnet/minecraft/server/commands/SummonCommand;} {} {V}
[13Mar2026 19:33:05.735] [main/DEBUG] [cpw.mods.modlauncher.TransformStore/MODLAUNCHER]: Adding transformer net.neoforged.neoforge.coremods.MethodRedirector@767a014e to Target : cpw.mods.modlauncher.api.TargetType@59a67c3a {Lnet/minecraft/world/entity/EntityType;} {} {V}
[13Mar2026 19:33:05.735] [main/DEBUG] [cpw.mods.modlauncher.TransformStore/MODLAUNCHER]: Adding transformer net.neoforged.neoforge.coremods.MethodRedirector@767a014e to Target : cpw.mods.modlauncher.api.TargetType@59a67c3a {Lnet/minecraft/world/entity/monster/Strider;} {} {V}
[13Mar2026 19:33:05.735] [main/DEBUG] [cpw.mods.modlauncher.TransformStore/MODLAUNCHER]: Adding transformer net.neoforged.neoforge.coremods.MethodRedirector@767a014e to Target : cpw.mods.modlauncher.api.TargetType@59a67c3a {Lnet/minecraft/world/entity/npc/CatSpawner;} {} {V}
[13Mar2026 19:33:05.735] [main/DEBUG] [cpw.mods.modlauncher.TransformStore/MODLAUNCHER]: Adding transformer net.neoforged.neoforge.coremods.MethodRedirector@767a014e to Target : cpw.mods.modlauncher.api.TargetType@59a67c3a {Lnet/minecraft/world/entity/animal/horse/SkeletonTrapGoal;} {} {V}
[13Mar2026 19:33:05.736] [main/DEBUG] [cpw.mods.modlauncher.TransformStore/MODLAUNCHER]: Adding transformer net.neoforged.neoforge.coremods.MethodRedirector@767a014e to Target : cpw.mods.modlauncher.api.TargetType@59a67c3a {Lnet/minecraft/world/entity/monster/Evoker$EvokerSummonSpellGoal;} {} {V}
[13Mar2026 19:33:05.736] [main/DEBUG] [cpw.mods.modlauncher.TransformationServiceDecorator/MODLAUNCHER]: Initialized transformers for transformation service fml
[13Mar2026 19:33:06.377] [main/DEBUG] [mixin/]: Processing prepare() for PlatformAgent[MixinPlatformAgentDefault:ModLauncher Root Container(ModLauncher:4f56a0a2)]
[13Mar2026 19:33:06.378] [main/DEBUG] [mixin/]: Processing prepare() for PlatformAgent[MixinPlatformAgentDefault:net.neoforged.fml.loading.mixin.FMLMixinContainerHandle@4e08acf9]
[13Mar2026 19:33:06.378] [main/DEBUG] [mixin/]: Processing prepare() for PlatformAgent[FMLMixinPlatformAgent:null]
[13Mar2026 19:33:06.409] [main/DEBUG] [mixin/]: Compatibility level JAVA_17 specified by kuma_api.mixins.json is higher than the maximum level supported by this version of mixin (JAVA_13).
[13Mar2026 19:33:06.413] [main/INFO] [mixin/]: Compatibility level set to JAVA_17
[13Mar2026 19:33:06.414] [main/DEBUG] [mixin/]: Compatibility level JAVA_21 specified by kuma_api.neoforge.mixins.json is higher than the maximum level supported by this version of mixin (JAVA_13).
[13Mar2026 19:33:06.414] [main/INFO] [mixin/]: Compatibility level set to JAVA_21
[13Mar2026 19:33:06.415] [main/DEBUG] [mixin/]: Compatibility level JAVA_17 specified by moonlight.mixins.json is higher than the maximum level supported by this version of mixin (JAVA_13).
[13Mar2026 19:33:06.416] [main/DEBUG] [mixin/]: Compatibility level JAVA_17 specified by moonlight-common.mixins.json is higher than the maximum level supported by this version of mixin (JAVA_13).
[13Mar2026 19:33:06.417] [main/DEBUG] [mixin/]: Compatibility level JAVA_17 specified by geckolib.mixins.json is higher than the maximum level supported by this version of mixin (JAVA_13).
[13Mar2026 19:33:06.418] [main/DEBUG] [mixin/]: Compatibility level JAVA_17 specified by shouldersurfing.common.mixins.json is higher than the maximum level supported by this version of mixin (JAVA_13).
[13Mar2026 19:33:06.422] [main/DEBUG] [mixin/]: Compatibility level JAVA_17 specified by shouldersurfing.common.compat.mixins.json is higher than the maximum level supported by this version of mixin (JAVA_13).
[13Mar2026 19:33:06.426] [main/DEBUG] [mixin/]: Compatibility level JAVA_8 specified by loot_beams_neoforge.mixins.json is lower than the default level supported by the current mixin service (JAVA_16).
[13Mar2026 19:33:06.427] [main/DEBUG] [mixin/]: Compatibility level JAVA_17 specified by balm.mixins.json is higher than the maximum level supported by this version of mixin (JAVA_13).
[13Mar2026 19:33:06.430] [main/DEBUG] [mixin/]: Compatibility level JAVA_17 specified by bettercombat.mixins.json is higher than the maximum level supported by this version of mixin (JAVA_13).
[13Mar2026 19:33:06.431] [main/DEBUG] [mixin/]: Compatibility level JAVA_16 specified by dummmmmmy.mixins.json is higher than the maximum level supported by this version of mixin (JAVA_13).
[13Mar2026 19:33:06.432] [main/DEBUG] [mixin/]: Compatibility level JAVA_17 specified by dummmmmmy-common.mixins.json is higher than the maximum level supported by this version of mixin (JAVA_13).
[13Mar2026 19:33:06.435] [main/DEBUG] [mixin/]: Compatibility level JAVA_17 specified by cataclysm.mixins.json is higher than the maximum level supported by this version of mixin (JAVA_13).
[13Mar2026 19:33:06.436] [main/DEBUG] [mixin/]: Compatibility level JAVA_17 specified by jahdoo.mixins.json is higher than the maximum level supported by this version of mixin (JAVA_13).
[13Mar2026 19:33:06.437] [main/DEBUG] [mixin/]: Compatibility level JAVA_17 specified by waystones.mixins.json is higher than the maximum level supported by this version of mixin (JAVA_13).
[13Mar2026 19:33:06.437] [main/DEBUG] [mixin/]: Compatibility level JAVA_17 specified by waystones.neoforge.mixins.json is higher than the maximum level supported by this version of mixin (JAVA_13).
[13Mar2026 19:33:06.439] [main/DEBUG] [mixin/]: Processing launch tasks for PlatformAgent[MixinPlatformAgentDefault:ModLauncher Root Container(ModLauncher:4f56a0a2)]
[13Mar2026 19:33:06.439] [main/DEBUG] [mixin/]: Adding mixin platform agents for container SecureJarResource(mixin_synthetic)
[13Mar2026 19:33:06.439] [main/DEBUG] [mixin/]: Instancing new MixinPlatformAgentMinecraftForge for SecureJarResource(mixin_synthetic)
[13Mar2026 19:33:06.439] [main/DEBUG] [mixin/]: MixinPlatformAgentMinecraftForge rejected container SecureJarResource(mixin_synthetic)
[13Mar2026 19:33:06.439] [main/DEBUG] [mixin/]: Instancing new MixinPlatformAgentDefault for SecureJarResource(mixin_synthetic)
[13Mar2026 19:33:06.439] [main/DEBUG] [mixin/]: MixinPlatformAgentDefault accepted container SecureJarResource(mixin_synthetic)
[13Mar2026 19:33:06.439] [main/DEBUG] [mixin/]: Instancing new FMLMixinPlatformAgent for SecureJarResource(mixin_synthetic)
[13Mar2026 19:33:06.439] [main/DEBUG] [mixin/]: FMLMixinPlatformAgent rejected container SecureJarResource(mixin_synthetic)
[13Mar2026 19:33:06.440] [main/DEBUG] [mixin/]: Processing prepare() for PlatformAgent[MixinPlatformAgentDefault:SecureJarResource(mixin_synthetic)]
[13Mar2026 19:33:06.440] [main/DEBUG] [mixin/]: Adding mixin platform agents for container SecureJarResource(minecraft)
[13Mar2026 19:33:06.440] [main/DEBUG] [mixin/]: Instancing new MixinPlatformAgentMinecraftForge for SecureJarResource(minecraft)
[13Mar2026 19:33:06.440] [main/DEBUG] [mixin/]: MixinPlatformAgentMinecraftForge rejected container SecureJarResource(minecraft)
[13Mar2026 19:33:06.440] [main/DEBUG] [mixin/]: Instancing new MixinPlatformAgentDefault for SecureJarResource(minecraft)
[13Mar2026 19:33:06.440] [main/DEBUG] [mixin/]: MixinPlatformAgentDefault accepted container SecureJarResource(minecraft)
[13Mar2026 19:33:06.440] [main/DEBUG] [mixin/]: Instancing new FMLMixinPlatformAgent for SecureJarResource(minecraft)
[13Mar2026 19:33:06.440] [main/DEBUG] [mixin/]: FMLMixinPlatformAgent rejected container SecureJarResource(minecraft)
[13Mar2026 19:33:06.440] [main/DEBUG] [mixin/]: Processing prepare() for PlatformAgent[MixinPlatformAgentDefault:SecureJarResource(minecraft)]
[13Mar2026 19:33:06.440] [main/DEBUG] [mixin/]: Adding mixin platform agents for container SecureJarResource(kuma_api)
[13Mar2026 19:33:06.440] [main/DEBUG] [mixin/]: Instancing new MixinPlatformAgentMinecraftForge for SecureJarResource(kuma_api)
[13Mar2026 19:33:06.440] [main/DEBUG] [mixin/]: MixinPlatformAgentMinecraftForge rejected container SecureJarResource(kuma_api)
[13Mar2026 19:33:06.440] [main/DEBUG] [mixin/]: Instancing new MixinPlatformAgentDefault for SecureJarResource(kuma_api)
[13Mar2026 19:33:06.440] [main/DEBUG] [mixin/]: MixinPlatformAgentDefault accepted container SecureJarResource(kuma_api)
[13Mar2026 19:33:06.440] [main/DEBUG] [mixin/]: Instancing new FMLMixinPlatformAgent for SecureJarResource(kuma_api)
[13Mar2026 19:33:06.440] [main/DEBUG] [mixin/]: FMLMixinPlatformAgent rejected container SecureJarResource(kuma_api)
[13Mar2026 19:33:06.440] [main/DEBUG] [mixin/]: Processing prepare() for PlatformAgent[MixinPlatformAgentDefault:SecureJarResource(kuma_api)]
[13Mar2026 19:33:06.441] [main/DEBUG] [mixin/]: Registering mixin config: kuma_api.mixins.json source=SecureJarResource(kuma_api)
[13Mar2026 19:33:06.441] [main/DEBUG] [mixin/]: Registering mixin config: kuma_api.neoforge.mixins.json source=SecureJarResource(kuma_api)
[13Mar2026 19:33:06.441] [main/DEBUG] [mixin/]: Adding mixin platform agents for container SecureJarResource(moonlight)
[13Mar2026 19:33:06.441] [main/DEBUG] [mixin/]: Instancing new MixinPlatformAgentMinecraftForge for SecureJarResource(moonlight)
[13Mar2026 19:33:06.441] [main/DEBUG] [mixin/]: MixinPlatformAgentMinecraftForge rejected container SecureJarResource(moonlight)
[13Mar2026 19:33:06.441] [main/DEBUG] [mixin/]: Instancing new MixinPlatformAgentDefault for SecureJarResource(moonlight)
[13Mar2026 19:33:06.441] [main/DEBUG] [mixin/]: MixinPlatformAgentDefault accepted container SecureJarResource(moonlight)
[13Mar2026 19:33:06.441] [main/DEBUG] [mixin/]: Instancing new FMLMixinPlatformAgent for SecureJarResource(moonlight)
[13Mar2026 19:33:06.441] [main/DEBUG] [mixin/]: FMLMixinPlatformAgent rejected container SecureJarResource(moonlight)
[13Mar2026 19:33:06.441] [main/DEBUG] [mixin/]: Processing prepare() for PlatformAgent[MixinPlatformAgentDefault:SecureJarResource(moonlight)]
[13Mar2026 19:33:06.441] [main/DEBUG] [mixin/]: Adding mixin platform agents for container SecureJarResource(devauth)
[13Mar2026 19:33:06.443] [main/DEBUG] [mixin/]: Instancing new MixinPlatformAgentMinecraftForge for SecureJarResource(devauth)
[13Mar2026 19:33:06.443] [main/DEBUG] [mixin/]: MixinPlatformAgentMinecraftForge rejected container SecureJarResource(devauth)
[13Mar2026 19:33:06.443] [main/DEBUG] [mixin/]: Instancing new MixinPlatformAgentDefault for SecureJarResource(devauth)
[13Mar2026 19:33:06.443] [main/DEBUG] [mixin/]: MixinPlatformAgentDefault accepted container SecureJarResource(devauth)
[13Mar2026 19:33:06.443] [main/DEBUG] [mixin/]: Instancing new FMLMixinPlatformAgent for SecureJarResource(devauth)
[13Mar2026 19:33:06.444] [main/DEBUG] [mixin/]: FMLMixinPlatformAgent rejected container SecureJarResource(devauth)
[13Mar2026 19:33:06.444] [main/DEBUG] [mixin/]: Processing prepare() for PlatformAgent[MixinPlatformAgentDefault:SecureJarResource(devauth)]
[13Mar2026 19:33:06.444] [main/DEBUG] [mixin/]: Registering mixin config: mixins.devauth.json source=SecureJarResource(devauth)
[13Mar2026 19:33:06.444] [main/DEBUG] [mixin/]: Compatibility level JAVA_8 specified by mixins.devauth.json is lower than the default level supported by the current mixin service (JAVA_16).
[13Mar2026 19:33:06.445] [main/DEBUG] [mixin/]: Adding mixin platform agents for container SecureJarResource(geckolib)
[13Mar2026 19:33:06.445] [main/DEBUG] [mixin/]: Instancing new MixinPlatformAgentMinecraftForge for SecureJarResource(geckolib)
[13Mar2026 19:33:06.445] [main/DEBUG] [mixin/]: MixinPlatformAgentMinecraftForge rejected container SecureJarResource(geckolib)
[13Mar2026 19:33:06.445] [main/DEBUG] [mixin/]: Instancing new MixinPlatformAgentDefault for SecureJarResource(geckolib)
[13Mar2026 19:33:06.445] [main/DEBUG] [mixin/]: MixinPlatformAgentDefault accepted container SecureJarResource(geckolib)
[13Mar2026 19:33:06.445] [main/DEBUG] [mixin/]: Instancing new FMLMixinPlatformAgent for SecureJarResource(geckolib)
[13Mar2026 19:33:06.445] [main/DEBUG] [mixin/]: FMLMixinPlatformAgent rejected container SecureJarResource(geckolib)
[13Mar2026 19:33:06.445] [main/DEBUG] [mixin/]: Processing prepare() for PlatformAgent[MixinPlatformAgentDefault:SecureJarResource(geckolib)]
[13Mar2026 19:33:06.445] [main/DEBUG] [mixin/]: Registering mixin config: geckolib.mixins.json source=SecureJarResource(geckolib)
[13Mar2026 19:33:06.445] [main/DEBUG] [mixin/]: Adding mixin platform agents for container SecureJarResource(shouldersurfing)
[13Mar2026 19:33:06.445] [main/DEBUG] [mixin/]: Instancing new MixinPlatformAgentMinecraftForge for SecureJarResource(shouldersurfing)
[13Mar2026 19:33:06.445] [main/DEBUG] [mixin/]: MixinPlatformAgentMinecraftForge rejected container SecureJarResource(shouldersurfing)
[13Mar2026 19:33:06.445] [main/DEBUG] [mixin/]: Instancing new MixinPlatformAgentDefault for SecureJarResource(shouldersurfing)
[13Mar2026 19:33:06.445] [main/DEBUG] [mixin/]: MixinPlatformAgentDefault accepted container SecureJarResource(shouldersurfing)
[13Mar2026 19:33:06.445] [main/DEBUG] [mixin/]: Instancing new FMLMixinPlatformAgent for SecureJarResource(shouldersurfing)
[13Mar2026 19:33:06.445] [main/DEBUG] [mixin/]: FMLMixinPlatformAgent rejected container SecureJarResource(shouldersurfing)
[13Mar2026 19:33:06.446] [main/DEBUG] [mixin/]: Processing prepare() for PlatformAgent[MixinPlatformAgentDefault:SecureJarResource(shouldersurfing)]
[13Mar2026 19:33:06.446] [main/DEBUG] [mixin/]: Adding mixin platform agents for container SecureJarResource(arcade)
[13Mar2026 19:33:06.446] [main/DEBUG] [mixin/]: Instancing new MixinPlatformAgentMinecraftForge for SecureJarResource(arcade)
[13Mar2026 19:33:06.446] [main/DEBUG] [mixin/]: MixinPlatformAgentMinecraftForge rejected container SecureJarResource(arcade)
[13Mar2026 19:33:06.446] [main/DEBUG] [mixin/]: Instancing new MixinPlatformAgentDefault for SecureJarResource(arcade)
[13Mar2026 19:33:06.446] [main/DEBUG] [mixin/]: MixinPlatformAgentDefault accepted container SecureJarResource(arcade)
[13Mar2026 19:33:06.446] [main/DEBUG] [mixin/]: Instancing new FMLMixinPlatformAgent for SecureJarResource(arcade)
[13Mar2026 19:33:06.446] [main/DEBUG] [mixin/]: FMLMixinPlatformAgent rejected container SecureJarResource(arcade)
[13Mar2026 19:33:06.446] [main/DEBUG] [mixin/]: Processing prepare() for PlatformAgent[MixinPlatformAgentDefault:SecureJarResource(arcade)]
[13Mar2026 19:33:06.446] [main/DEBUG] [mixin/]: Adding mixin platform agents for container SecureJarResource(playeranimator)
[13Mar2026 19:33:06.446] [main/DEBUG] [mixin/]: Instancing new MixinPlatformAgentMinecraftForge for SecureJarResource(playeranimator)
[13Mar2026 19:33:06.446] [main/DEBUG] [mixin/]: MixinPlatformAgentMinecraftForge rejected container SecureJarResource(playeranimator)
[13Mar2026 19:33:06.446] [main/DEBUG] [mixin/]: Instancing new MixinPlatformAgentDefault for SecureJarResource(playeranimator)
[13Mar2026 19:33:06.446] [main/DEBUG] [mixin/]: MixinPlatformAgentDefault accepted container SecureJarResource(playeranimator)
[13Mar2026 19:33:06.446] [main/DEBUG] [mixin/]: Instancing new FMLMixinPlatformAgent for SecureJarResource(playeranimator)
[13Mar2026 19:33:06.446] [main/DEBUG] [mixin/]: FMLMixinPlatformAgent rejected container SecureJarResource(playeranimator)
[13Mar2026 19:33:06.446] [main/DEBUG] [mixin/]: Processing prepare() for PlatformAgent[MixinPlatformAgentDefault:SecureJarResource(playeranimator)]
[13Mar2026 19:33:06.446] [main/DEBUG] [mixin/]: Adding mixin platform agents for container SecureJarResource(loot_beams_neoforge)
[13Mar2026 19:33:06.446] [main/DEBUG] [mixin/]: Instancing new MixinPlatformAgentMinecraftForge for SecureJarResource(loot_beams_neoforge)
[13Mar2026 19:33:06.446] [main/DEBUG] [mixin/]: MixinPlatformAgentMinecraftForge rejected container SecureJarResource(loot_beams_neoforge)
[13Mar2026 19:33:06.447] [main/DEBUG] [mixin/]: Instancing new MixinPlatformAgentDefault for SecureJarResource(loot_beams_neoforge)
[13Mar2026 19:33:06.447] [main/DEBUG] [mixin/]: MixinPlatformAgentDefault accepted container SecureJarResource(loot_beams_neoforge)
[13Mar2026 19:33:06.447] [main/DEBUG] [mixin/]: Instancing new FMLMixinPlatformAgent for SecureJarResource(loot_beams_neoforge)
[13Mar2026 19:33:06.447] [main/DEBUG] [mixin/]: FMLMixinPlatformAgent rejected container SecureJarResource(loot_beams_neoforge)
[13Mar2026 19:33:06.447] [main/DEBUG] [mixin/]: Processing prepare() for PlatformAgent[MixinPlatformAgentDefault:SecureJarResource(loot_beams_neoforge)]
[13Mar2026 19:33:06.447] [main/DEBUG] [mixin/]: Adding mixin platform agents for container SecureJarResource(balm)
[13Mar2026 19:33:06.447] [main/DEBUG] [mixin/]: Instancing new MixinPlatformAgentMinecraftForge for SecureJarResource(balm)
[13Mar2026 19:33:06.448] [main/DEBUG] [mixin/]: MixinPlatformAgentMinecraftForge rejected container SecureJarResource(balm)
[13Mar2026 19:33:06.448] [main/DEBUG] [mixin/]: Instancing new MixinPlatformAgentDefault for SecureJarResource(balm)
[13Mar2026 19:33:06.448] [main/DEBUG] [mixin/]: MixinPlatformAgentDefault accepted container SecureJarResource(balm)
[13Mar2026 19:33:06.448] [main/DEBUG] [mixin/]: Instancing new FMLMixinPlatformAgent for SecureJarResource(balm)
[13Mar2026 19:33:06.448] [main/DEBUG] [mixin/]: FMLMixinPlatformAgent rejected container SecureJarResource(balm)
[13Mar2026 19:33:06.448] [main/DEBUG] [mixin/]: Processing prepare() for PlatformAgent[MixinPlatformAgentDefault:SecureJarResource(balm)]
[13Mar2026 19:33:06.448] [main/DEBUG] [mixin/]: Registering mixin config: balm.mixins.json source=SecureJarResource(balm)
[13Mar2026 19:33:06.448] [main/DEBUG] [mixin/]: Registering mixin config: balm.neoforge.mixins.json source=SecureJarResource(balm)
[13Mar2026 19:33:06.448] [main/DEBUG] [mixin/]: Adding mixin platform agents for container SecureJarResource(shaydeeapi)
[13Mar2026 19:33:06.448] [main/DEBUG] [mixin/]: Instancing new MixinPlatformAgentMinecraftForge for SecureJarResource(shaydeeapi)
[13Mar2026 19:33:06.448] [main/DEBUG] [mixin/]: MixinPlatformAgentMinecraftForge rejected container SecureJarResource(shaydeeapi)
[13Mar2026 19:33:06.448] [main/DEBUG] [mixin/]: Instancing new MixinPlatformAgentDefault for SecureJarResource(shaydeeapi)
[13Mar2026 19:33:06.448] [main/DEBUG] [mixin/]: MixinPlatformAgentDefault accepted container SecureJarResource(shaydeeapi)
[13Mar2026 19:33:06.448] [main/DEBUG] [mixin/]: Instancing new FMLMixinPlatformAgent for SecureJarResource(shaydeeapi)
[13Mar2026 19:33:06.448] [main/DEBUG] [mixin/]: FMLMixinPlatformAgent rejected container SecureJarResource(shaydeeapi)
[13Mar2026 19:33:06.448] [main/DEBUG] [mixin/]: Processing prepare() for PlatformAgent[MixinPlatformAgentDefault:SecureJarResource(shaydeeapi)]
[13Mar2026 19:33:06.448] [main/DEBUG] [mixin/]: Adding mixin platform agents for container SecureJarResource(lionfishapi)
[13Mar2026 19:33:06.448] [main/DEBUG] [mixin/]: Instancing new MixinPlatformAgentMinecraftForge for SecureJarResource(lionfishapi)
[13Mar2026 19:33:06.448] [main/DEBUG] [mixin/]: MixinPlatformAgentMinecraftForge rejected container SecureJarResource(lionfishapi)
[13Mar2026 19:33:06.449] [main/DEBUG] [mixin/]: Instancing new MixinPlatformAgentDefault for SecureJarResource(lionfishapi)
[13Mar2026 19:33:06.449] [main/DEBUG] [mixin/]: MixinPlatformAgentDefault accepted container SecureJarResource(lionfishapi)
[13Mar2026 19:33:06.449] [main/DEBUG] [mixin/]: Instancing new FMLMixinPlatformAgent for SecureJarResource(lionfishapi)
[13Mar2026 19:33:06.449] [main/DEBUG] [mixin/]: FMLMixinPlatformAgent rejected container SecureJarResource(lionfishapi)
[13Mar2026 19:33:06.449] [main/DEBUG] [mixin/]: Processing prepare() for PlatformAgent[MixinPlatformAgentDefault:SecureJarResource(lionfishapi)]
[13Mar2026 19:33:06.449] [main/DEBUG] [mixin/]: Adding mixin platform agents for container SecureJarResource(cloth_config)
[13Mar2026 19:33:06.449] [main/DEBUG] [mixin/]: Instancing new MixinPlatformAgentMinecraftForge for SecureJarResource(cloth_config)
[13Mar2026 19:33:06.449] [main/DEBUG] [mixin/]: MixinPlatformAgentMinecraftForge rejected container SecureJarResource(cloth_config)
[13Mar2026 19:33:06.449] [main/DEBUG] [mixin/]: Instancing new MixinPlatformAgentDefault for SecureJarResource(cloth_config)
[13Mar2026 19:33:06.449] [main/DEBUG] [mixin/]: MixinPlatformAgentDefault accepted container SecureJarResource(cloth_config)
[13Mar2026 19:33:06.449] [main/DEBUG] [mixin/]: Instancing new FMLMixinPlatformAgent for SecureJarResource(cloth_config)
[13Mar2026 19:33:06.449] [main/DEBUG] [mixin/]: FMLMixinPlatformAgent rejected container SecureJarResource(cloth_config)
[13Mar2026 19:33:06.449] [main/DEBUG] [mixin/]: Processing prepare() for PlatformAgent[MixinPlatformAgentDefault:SecureJarResource(cloth_config)]
[13Mar2026 19:33:06.449] [main/DEBUG] [mixin/]: Adding mixin platform agents for container SecureJarResource(bettercombat)
[13Mar2026 19:33:06.453] [main/DEBUG] [mixin/]: Instancing new MixinPlatformAgentMinecraftForge for SecureJarResource(bettercombat)
[13Mar2026 19:33:06.453] [main/DEBUG] [mixin/]: MixinPlatformAgentMinecraftForge rejected container SecureJarResource(bettercombat)
[13Mar2026 19:33:06.453] [main/DEBUG] [mixin/]: Instancing new MixinPlatformAgentDefault for SecureJarResource(bettercombat)
[13Mar2026 19:33:06.453] [main/DEBUG] [mixin/]: MixinPlatformAgentDefault accepted container SecureJarResource(bettercombat)
[13Mar2026 19:33:06.453] [main/DEBUG] [mixin/]: Instancing new FMLMixinPlatformAgent for SecureJarResource(bettercombat)
[13Mar2026 19:33:06.453] [main/DEBUG] [mixin/]: FMLMixinPlatformAgent rejected container SecureJarResource(bettercombat)
[13Mar2026 19:33:06.453] [main/DEBUG] [mixin/]: Processing prepare() for PlatformAgent[MixinPlatformAgentDefault:SecureJarResource(bettercombat)]
[13Mar2026 19:33:06.453] [main/DEBUG] [mixin/]: Adding mixin platform agents for container SecureJarResource(kotlinforforge)
[13Mar2026 19:33:06.453] [main/DEBUG] [mixin/]: Instancing new MixinPlatformAgentMinecraftForge for SecureJarResource(kotlinforforge)
[13Mar2026 19:33:06.453] [main/DEBUG] [mixin/]: MixinPlatformAgentMinecraftForge rejected container SecureJarResource(kotlinforforge)
[13Mar2026 19:33:06.453] [main/DEBUG] [mixin/]: Instancing new MixinPlatformAgentDefault for SecureJarResource(kotlinforforge)
[13Mar2026 19:33:06.453] [main/DEBUG] [mixin/]: MixinPlatformAgentDefault accepted container SecureJarResource(kotlinforforge)
[13Mar2026 19:33:06.453] [main/DEBUG] [mixin/]: Instancing new FMLMixinPlatformAgent for SecureJarResource(kotlinforforge)
[13Mar2026 19:33:06.453] [main/DEBUG] [mixin/]: FMLMixinPlatformAgent rejected container SecureJarResource(kotlinforforge)
[13Mar2026 19:33:06.453] [main/DEBUG] [mixin/]: Processing prepare() for PlatformAgent[MixinPlatformAgentDefault:SecureJarResource(kotlinforforge)]
[13Mar2026 19:33:06.454] [main/DEBUG] [mixin/]: Adding mixin platform agents for container SecureJarResource(dummmmmmy)
[13Mar2026 19:33:06.454] [main/DEBUG] [mixin/]: Instancing new MixinPlatformAgentMinecraftForge for SecureJarResource(dummmmmmy)
[13Mar2026 19:33:06.454] [main/DEBUG] [mixin/]: MixinPlatformAgentMinecraftForge rejected container SecureJarResource(dummmmmmy)
[13Mar2026 19:33:06.454] [main/DEBUG] [mixin/]: Instancing new MixinPlatformAgentDefault for SecureJarResource(dummmmmmy)
[13Mar2026 19:33:06.454] [main/DEBUG] [mixin/]: MixinPlatformAgentDefault accepted container SecureJarResource(dummmmmmy)
[13Mar2026 19:33:06.454] [main/DEBUG] [mixin/]: Instancing new FMLMixinPlatformAgent for SecureJarResource(dummmmmmy)
[13Mar2026 19:33:06.454] [main/DEBUG] [mixin/]: FMLMixinPlatformAgent rejected container SecureJarResource(dummmmmmy)
[13Mar2026 19:33:06.454] [main/DEBUG] [mixin/]: Processing prepare() for PlatformAgent[MixinPlatformAgentDefault:SecureJarResource(dummmmmmy)]
[13Mar2026 19:33:06.454] [main/DEBUG] [mixin/]: Adding mixin platform agents for container SecureJarResource(curios)
[13Mar2026 19:33:06.454] [main/DEBUG] [mixin/]: Instancing new MixinPlatformAgentMinecraftForge for SecureJarResource(curios)
[13Mar2026 19:33:06.454] [main/DEBUG] [mixin/]: MixinPlatformAgentMinecraftForge rejected container SecureJarResource(curios)
[13Mar2026 19:33:06.454] [main/DEBUG] [mixin/]: Instancing new MixinPlatformAgentDefault for SecureJarResource(curios)
[13Mar2026 19:33:06.454] [main/DEBUG] [mixin/]: MixinPlatformAgentDefault accepted container SecureJarResource(curios)
[13Mar2026 19:33:06.454] [main/DEBUG] [mixin/]: Instancing new FMLMixinPlatformAgent for SecureJarResource(curios)
[13Mar2026 19:33:06.454] [main/DEBUG] [mixin/]: FMLMixinPlatformAgent rejected container SecureJarResource(curios)
[13Mar2026 19:33:06.454] [main/DEBUG] [mixin/]: Processing prepare() for PlatformAgent[MixinPlatformAgentDefault:SecureJarResource(curios)]
[13Mar2026 19:33:06.454] [main/DEBUG] [mixin/]: Adding mixin platform agents for container SecureJarResource(cataclysm)
[13Mar2026 19:33:06.454] [main/DEBUG] [mixin/]: Instancing new MixinPlatformAgentMinecraftForge for SecureJarResource(cataclysm)
[13Mar2026 19:33:06.455] [main/DEBUG] [mixin/]: MixinPlatformAgentMinecraftForge rejected container SecureJarResource(cataclysm)
[13Mar2026 19:33:06.455] [main/DEBUG] [mixin/]: Instancing new MixinPlatformAgentDefault for SecureJarResource(cataclysm)
[13Mar2026 19:33:06.455] [main/DEBUG] [mixin/]: MixinPlatformAgentDefault accepted container SecureJarResource(cataclysm)
[13Mar2026 19:33:06.455] [main/DEBUG] [mixin/]: Instancing new FMLMixinPlatformAgent for SecureJarResource(cataclysm)
[13Mar2026 19:33:06.455] [main/DEBUG] [mixin/]: FMLMixinPlatformAgent rejected container SecureJarResource(cataclysm)
[13Mar2026 19:33:06.455] [main/DEBUG] [mixin/]: Processing prepare() for PlatformAgent[MixinPlatformAgentDefault:SecureJarResource(cataclysm)]
[13Mar2026 19:33:06.455] [main/DEBUG] [mixin/]: Adding mixin platform agents for container SecureJarResource(jahdoo)
[13Mar2026 19:33:06.455] [main/DEBUG] [mixin/]: Instancing new MixinPlatformAgentMinecraftForge for SecureJarResource(jahdoo)
[13Mar2026 19:33:06.455] [main/DEBUG] [mixin/]: MixinPlatformAgentMinecraftForge rejected container SecureJarResource(jahdoo)
[13Mar2026 19:33:06.455] [main/DEBUG] [mixin/]: Instancing new MixinPlatformAgentDefault for SecureJarResource(jahdoo)
[13Mar2026 19:33:06.455] [main/DEBUG] [mixin/]: MixinPlatformAgentDefault accepted container SecureJarResource(jahdoo)
[13Mar2026 19:33:06.455] [main/DEBUG] [mixin/]: Instancing new FMLMixinPlatformAgent for SecureJarResource(jahdoo)
[13Mar2026 19:33:06.455] [main/DEBUG] [mixin/]: FMLMixinPlatformAgent rejected container SecureJarResource(jahdoo)
[13Mar2026 19:33:06.455] [main/DEBUG] [mixin/]: Processing prepare() for PlatformAgent[MixinPlatformAgentDefault:SecureJarResource(jahdoo)]
[13Mar2026 19:33:06.455] [main/DEBUG] [mixin/]: Adding mixin platform agents for container SecureJarResource(waystones)
[13Mar2026 19:33:06.455] [main/DEBUG] [mixin/]: Instancing new MixinPlatformAgentMinecraftForge for SecureJarResource(waystones)
[13Mar2026 19:33:06.455] [main/DEBUG] [mixin/]: MixinPlatformAgentMinecraftForge rejected container SecureJarResource(waystones)
[13Mar2026 19:33:06.455] [main/DEBUG] [mixin/]: Instancing new MixinPlatformAgentDefault for SecureJarResource(waystones)
[13Mar2026 19:33:06.455] [main/DEBUG] [mixin/]: MixinPlatformAgentDefault accepted container SecureJarResource(waystones)
[13Mar2026 19:33:06.455] [main/DEBUG] [mixin/]: Instancing new FMLMixinPlatformAgent for SecureJarResource(waystones)
[13Mar2026 19:33:06.456] [main/DEBUG] [mixin/]: FMLMixinPlatformAgent rejected container SecureJarResource(waystones)
[13Mar2026 19:33:06.457] [main/DEBUG] [mixin/]: Processing prepare() for PlatformAgent[MixinPlatformAgentDefault:SecureJarResource(waystones)]
[13Mar2026 19:33:06.457] [main/DEBUG] [mixin/]: Registering mixin config: waystones.mixins.json source=SecureJarResource(waystones)
[13Mar2026 19:33:06.457] [main/DEBUG] [mixin/]: Registering mixin config: waystones.neoforge.mixins.json source=SecureJarResource(waystones)
[13Mar2026 19:33:06.457] [main/DEBUG] [mixin/]: Adding mixin platform agents for container SecureJarResource(kfflib.neoforge)
[13Mar2026 19:33:06.458] [main/DEBUG] [mixin/]: Instancing new MixinPlatformAgentMinecraftForge for SecureJarResource(kfflib.neoforge)
[13Mar2026 19:33:06.458] [main/DEBUG] [mixin/]: MixinPlatformAgentMinecraftForge rejected container SecureJarResource(kfflib.neoforge)
[13Mar2026 19:33:06.458] [main/DEBUG] [mixin/]: Instancing new MixinPlatformAgentDefault for SecureJarResource(kfflib.neoforge)
[13Mar2026 19:33:06.458] [main/DEBUG] [mixin/]: MixinPlatformAgentDefault accepted container SecureJarResource(kfflib.neoforge)
[13Mar2026 19:33:06.458] [main/DEBUG] [mixin/]: Instancing new FMLMixinPlatformAgent for SecureJarResource(kfflib.neoforge)
[13Mar2026 19:33:06.458] [main/DEBUG] [mixin/]: FMLMixinPlatformAgent rejected container SecureJarResource(kfflib.neoforge)
[13Mar2026 19:33:06.458] [main/DEBUG] [mixin/]: Processing prepare() for PlatformAgent[MixinPlatformAgentDefault:SecureJarResource(kfflib.neoforge)]
[13Mar2026 19:33:06.458] [main/DEBUG] [mixin/]: Adding mixin platform agents for container SecureJarResource(mixinextras.neoforge)
[13Mar2026 19:33:06.458] [main/DEBUG] [mixin/]: Instancing new MixinPlatformAgentMinecraftForge for SecureJarResource(mixinextras.neoforge)
[13Mar2026 19:33:06.458] [main/DEBUG] [mixin/]: MixinPlatformAgentMinecraftForge rejected container SecureJarResource(mixinextras.neoforge)
[13Mar2026 19:33:06.458] [main/DEBUG] [mixin/]: Instancing new MixinPlatformAgentDefault for SecureJarResource(mixinextras.neoforge)
[13Mar2026 19:33:06.458] [main/DEBUG] [mixin/]: MixinPlatformAgentDefault accepted container SecureJarResource(mixinextras.neoforge)
[13Mar2026 19:33:06.458] [main/DEBUG] [mixin/]: Instancing new FMLMixinPlatformAgent for SecureJarResource(mixinextras.neoforge)
[13Mar2026 19:33:06.458] [main/DEBUG] [mixin/]: FMLMixinPlatformAgent rejected container SecureJarResource(mixinextras.neoforge)
[13Mar2026 19:33:06.458] [main/DEBUG] [mixin/]: Processing prepare() for PlatformAgent[MixinPlatformAgentDefault:SecureJarResource(mixinextras.neoforge)]
[13Mar2026 19:33:06.458] [main/DEBUG] [mixin/]: Registering mixin config: mixinextras.init.mixins.json source=SecureJarResource(mixinextras.neoforge)
[13Mar2026 19:33:06.459] [main/DEBUG] [mixin/]: inject() running with 25 agents
[13Mar2026 19:33:06.459] [main/DEBUG] [mixin/]: Processing inject() for PlatformAgent[MixinPlatformAgentDefault:ModLauncher Root Container(ModLauncher:4f56a0a2)]
[13Mar2026 19:33:06.459] [main/DEBUG] [mixin/]: Processing inject() for PlatformAgent[MixinPlatformAgentDefault:net.neoforged.fml.loading.mixin.FMLMixinContainerHandle@4e08acf9]
[13Mar2026 19:33:06.459] [main/DEBUG] [mixin/]: Processing inject() for PlatformAgent[FMLMixinPlatformAgent:null]
[13Mar2026 19:33:06.459] [main/DEBUG] [mixin/]: Processing inject() for PlatformAgent[MixinPlatformAgentDefault:SecureJarResource(mixin_synthetic)]
[13Mar2026 19:33:06.459] [main/DEBUG] [mixin/]: Processing inject() for PlatformAgent[MixinPlatformAgentDefault:SecureJarResource(minecraft)]
[13Mar2026 19:33:06.459] [main/DEBUG] [mixin/]: Processing inject() for PlatformAgent[MixinPlatformAgentDefault:SecureJarResource(kuma_api)]
[13Mar2026 19:33:06.460] [main/DEBUG] [mixin/]: Processing inject() for PlatformAgent[MixinPlatformAgentDefault:SecureJarResource(moonlight)]
[13Mar2026 19:33:06.460] [main/DEBUG] [mixin/]: Processing inject() for PlatformAgent[MixinPlatformAgentDefault:SecureJarResource(devauth)]
[13Mar2026 19:33:06.460] [main/DEBUG] [mixin/]: Processing inject() for PlatformAgent[MixinPlatformAgentDefault:SecureJarResource(geckolib)]
[13Mar2026 19:33:06.460] [main/DEBUG] [mixin/]: Processing inject() for PlatformAgent[MixinPlatformAgentDefault:SecureJarResource(shouldersurfing)]
[13Mar2026 19:33:06.460] [main/DEBUG] [mixin/]: Processing inject() for PlatformAgent[MixinPlatformAgentDefault:SecureJarResource(arcade)]
[13Mar2026 19:33:06.460] [main/DEBUG] [mixin/]: Processing inject() for PlatformAgent[MixinPlatformAgentDefault:SecureJarResource(playeranimator)]
[13Mar2026 19:33:06.460] [main/DEBUG] [mixin/]: Processing inject() for PlatformAgent[MixinPlatformAgentDefault:SecureJarResource(loot_beams_neoforge)]
[13Mar2026 19:33:06.460] [main/DEBUG] [mixin/]: Processing inject() for PlatformAgent[MixinPlatformAgentDefault:SecureJarResource(balm)]
[13Mar2026 19:33:06.460] [main/DEBUG] [mixin/]: Processing inject() for PlatformAgent[MixinPlatformAgentDefault:SecureJarResource(shaydeeapi)]
[13Mar2026 19:33:06.460] [main/DEBUG] [mixin/]: Processing inject() for PlatformAgent[MixinPlatformAgentDefault:SecureJarResource(lionfishapi)]
[13Mar2026 19:33:06.460] [main/DEBUG] [mixin/]: Processing inject() for PlatformAgent[MixinPlatformAgentDefault:SecureJarResource(cloth_config)]
[13Mar2026 19:33:06.460] [main/DEBUG] [mixin/]: Processing inject() for PlatformAgent[MixinPlatformAgentDefault:SecureJarResource(bettercombat)]
[13Mar2026 19:33:06.460] [main/DEBUG] [mixin/]: Processing inject() for PlatformAgent[MixinPlatformAgentDefault:SecureJarResource(kotlinforforge)]
[13Mar2026 19:33:06.460] [main/DEBUG] [mixin/]: Processing inject() for PlatformAgent[MixinPlatformAgentDefault:SecureJarResource(dummmmmmy)]
[13Mar2026 19:33:06.460] [main/DEBUG] [mixin/]: Processing inject() for PlatformAgent[MixinPlatformAgentDefault:SecureJarResource(curios)]
[13Mar2026 19:33:06.460] [main/DEBUG] [mixin/]: Processing inject() for PlatformAgent[MixinPlatformAgentDefault:SecureJarResource(cataclysm)]
[13Mar2026 19:33:06.460] [main/DEBUG] [mixin/]: Processing inject() for PlatformAgent[MixinPlatformAgentDefault:SecureJarResource(jahdoo)]
[13Mar2026 19:33:06.460] [main/DEBUG] [mixin/]: Processing inject() for PlatformAgent[MixinPlatformAgentDefault:SecureJarResource(waystones)]
[13Mar2026 19:33:06.460] [main/DEBUG] [mixin/]: Processing inject() for PlatformAgent[MixinPlatformAgentDefault:SecureJarResource(kfflib.neoforge)]
[13Mar2026 19:33:06.460] [main/DEBUG] [mixin/]: Processing inject() for PlatformAgent[MixinPlatformAgentDefault:SecureJarResource(mixinextras.neoforge)]
[13Mar2026 19:33:06.461] [main/INFO] [cpw.mods.modlauncher.LaunchServiceHandler/MODLAUNCHER]: Launching target 'forgeclientdev' with arguments [--version, 21.1.219, --gameDir, ., --assetsDir, C:\Users\JayDeeHome\.gradle\caches\neoformruntime\assets, --assetIndex, 17]
[13Mar2026 19:33:06.676] [main/DEBUG] [mixin/]: Preparing mixins for MixinEnvironment[DEFAULT]
[13Mar2026 19:33:06.677] [main/DEBUG] [mixin/]: Selecting config kuma_api.mixins.json
[13Mar2026 19:33:06.680] [main/WARN] [mixin/]: Reference map 'kuma_api.refmap.json' for kuma_api.mixins.json could not be read. If this is a development environment you can ignore this message
[13Mar2026 19:33:06.680] [main/DEBUG] [mixin/]: Selecting config kuma_api.neoforge.mixins.json
[13Mar2026 19:33:06.681] [main/DEBUG] [mixin/]: Selecting config moonlight.mixins.json
[13Mar2026 19:33:06.681] [main/DEBUG] [mixin/]: Selecting config moonlight-common.mixins.json
[13Mar2026 19:33:06.685] [main/DEBUG] [mixin/]: Selecting config geckolib.mixins.json
[13Mar2026 19:33:06.685] [main/WARN] [mixin/]: Reference map 'geckolib.refmap.json' for geckolib.mixins.json could not be read. If this is a development environment you can ignore this message
[13Mar2026 19:33:06.685] [main/DEBUG] [mixin/]: Selecting config shouldersurfing.common.mixins.json
[13Mar2026 19:33:06.686] [main/WARN] [mixin/]: Reference map 'shouldersurfing.refmap.json' for shouldersurfing.common.mixins.json could not be read. If this is a development environment you can ignore this message
[13Mar2026 19:33:06.686] [main/DEBUG] [mixin/]: Selecting config shouldersurfing.common.compat.mixins.json
[13Mar2026 19:33:06.686] [main/WARN] [mixin/]: Reference map 'shouldersurfing.refmap.json' for shouldersurfing.common.compat.mixins.json could not be read. If this is a development environment you can ignore this message
[13Mar2026 19:33:06.686] [main/DEBUG] [mixin/]: Selecting config shouldersurfing.neoforge.compat.mixins.json
[13Mar2026 19:33:06.690] [main/WARN] [mixin/]: Reference map 'shouldersurfing.refmap.json' for shouldersurfing.neoforge.compat.mixins.json could not be read. If this is a development environment you can ignore this message
[13Mar2026 19:33:06.690] [main/DEBUG] [mixin/]: Selecting config arcade-utils.mixins.json
[13Mar2026 19:33:06.690] [main/DEBUG] [mixin/]: Selecting config arcade-dimensions.mixins.json
[13Mar2026 19:33:06.690] [main/DEBUG] [mixin/]: Selecting config playerAnimator-common.mixins.json
[13Mar2026 19:33:06.691] [main/DEBUG] [mixin/]: Selecting config loot_beams_neoforge.mixins.json
[13Mar2026 19:33:06.692] [main/WARN] [mixin/]: Reference map 'loot_beams_neoforge.refmap.json' for loot_beams_neoforge.mixins.json could not be read. If this is a development environment you can ignore this message
[13Mar2026 19:33:06.692] [main/DEBUG] [mixin/]: Selecting config balm.mixins.json
[13Mar2026 19:33:06.692] [main/WARN] [mixin/]: Reference map 'balm.refmap.json' for balm.mixins.json could not be read. If this is a development environment you can ignore this message
[13Mar2026 19:33:06.692] [main/DEBUG] [mixin/]: Selecting config balm.neoforge.mixins.json
[13Mar2026 19:33:06.692] [main/DEBUG] [mixin/]: Selecting config shaydeeapi.mixins.json
[13Mar2026 19:33:06.693] [main/DEBUG] [mixin/]: Selecting config lionfishapi.mixins.json
[13Mar2026 19:33:06.693] [main/WARN] [mixin/]: Reference map 'lionfishapi.refmap.json' for lionfishapi.mixins.json could not be read. If this is a development environment you can ignore this message
[13Mar2026 19:33:06.693] [main/DEBUG] [mixin/]: Selecting config bettercombat.mixins.json
[13Mar2026 19:33:06.695] [main/DEBUG] [mixin/]: Selecting config dummmmmmy.mixins.json
[13Mar2026 19:33:06.695] [main/DEBUG] [mixin/]: Selecting config dummmmmmy-common.mixins.json
[13Mar2026 19:33:06.695] [main/DEBUG] [mixin/]: Selecting config curios.neoforge.mixins.json
[13Mar2026 19:33:06.696] [main/WARN] [mixin/]: Reference map 'curios.refmap.json' for curios.neoforge.mixins.json could not be read. If this is a development environment you can ignore this message
[13Mar2026 19:33:06.696] [main/DEBUG] [mixin/]: Selecting config curios.mixins.json
[13Mar2026 19:33:06.696] [main/WARN] [mixin/]: Reference map 'curios.refmap.json' for curios.mixins.json could not be read. If this is a development environment you can ignore this message
[13Mar2026 19:33:06.696] [main/DEBUG] [mixin/]: Selecting config cataclysm.mixins.json
[13Mar2026 19:33:06.696] [main/WARN] [mixin/]: Reference map 'cataclysm.refmap.json' for cataclysm.mixins.json could not be read. If this is a development environment you can ignore this message
[13Mar2026 19:33:06.696] [main/DEBUG] [mixin/]: Selecting config jahdoo.mixins.json
[13Mar2026 19:33:06.697] [main/DEBUG] [mixin/]: Selecting config waystones.mixins.json
[13Mar2026 19:33:06.697] [main/WARN] [mixin/]: Reference map 'waystones.refmap.json' for waystones.mixins.json could not be read. If this is a development environment you can ignore this message
[13Mar2026 19:33:06.697] [main/DEBUG] [mixin/]: Selecting config waystones.neoforge.mixins.json
[13Mar2026 19:33:06.697] [main/DEBUG] [mixin/]: Selecting config neoforge.mixins.json
[13Mar2026 19:33:06.697] [main/DEBUG] [mixin/]: Selecting config mixins.devauth.json
[13Mar2026 19:33:06.697] [main/DEBUG] [mixin/]: Selecting config mixinextras.init.mixins.json
[13Mar2026 19:33:06.727] [main/DEBUG] [MixinExtras|Service/]: com.llamalad7.mixinextras.service.MixinExtrasServiceImpl(version=0.5.0) is taking over from null
[13Mar2026 19:33:06.751] [main/DEBUG] [mixin/]: Registering new injector for @Inject with org.spongepowered.asm.mixin.injection.struct.CallbackInjectionInfo
[13Mar2026 19:33:06.752] [main/DEBUG] [mixin/]: Registering new injector for @ModifyArg with org.spongepowered.asm.mixin.injection.struct.ModifyArgInjectionInfo
[13Mar2026 19:33:06.754] [main/DEBUG] [mixin/]: Registering new injector for @ModifyArgs with org.spongepowered.asm.mixin.injection.struct.ModifyArgsInjectionInfo
[13Mar2026 19:33:06.755] [main/DEBUG] [mixin/]: Registering new injector for @Redirect with org.spongepowered.asm.mixin.injection.struct.RedirectInjectionInfo
[13Mar2026 19:33:06.756] [main/DEBUG] [mixin/]: Registering new injector for @ModifyVariable with org.spongepowered.asm.mixin.injection.struct.ModifyVariableInjectionInfo
[13Mar2026 19:33:06.757] [main/DEBUG] [mixin/]: Registering new injector for @ModifyConstant with org.spongepowered.asm.mixin.injection.struct.ModifyConstantInjectionInfo
[13Mar2026 19:33:06.767] [main/DEBUG] [mixin/]: Preparing kuma_api.mixins.json (1)
[13Mar2026 19:33:06.796] [main/DEBUG] [mixin/]: Preparing kuma_api.neoforge.mixins.json (0)
[13Mar2026 19:33:06.796] [main/DEBUG] [mixin/]: Preparing moonlight.mixins.json (13)
[13Mar2026 19:33:06.827] [main/DEBUG] [mixin/]: Preparing moonlight-common.mixins.json (46)
[13Mar2026 19:33:07.015] [main/DEBUG] [mixin/]: Preparing geckolib.mixins.json (7)
[13Mar2026 19:33:07.054] [main/DEBUG] [mixin/]: Preparing shouldersurfing.common.mixins.json (20)
[13Mar2026 19:33:07.110] [main/DEBUG] [mixin/]: Preparing shouldersurfing.common.compat.mixins.json (9)
[13Mar2026 19:33:07.112] [main/WARN] [mixin/]: Error loading class: com/mrcrayfish/guns/client/handler/RecoilHandler (java.lang.ClassNotFoundException: com.mrcrayfish.guns.client.handler.RecoilHandler)
[13Mar2026 19:33:07.113] [main/DEBUG] [mixin/]: Skipping virtual target com.mrcrayfish.guns.client.handler.RecoilHandler for shouldersurfing.common.compat.mixins.json:cgm.MixinRecoilHandler from mod shouldersurfing
[13Mar2026 19:33:07.113] [main/WARN] [mixin/]: Error loading class: com/cobblemon/mod/common/util/PlayerExtensionsKt (java.lang.ClassNotFoundException: com.cobblemon.mod.common.util.PlayerExtensionsKt)
[13Mar2026 19:33:07.113] [main/DEBUG] [mixin/]: Skipping virtual target com.cobblemon.mod.common.util.PlayerExtensionsKt for shouldersurfing.common.compat.mixins.json:cobblemon.MixinPlayerExtensionsKt from mod shouldersurfing
[13Mar2026 19:33:07.114] [main/WARN] [mixin/]: Error loading class: com/cobblemon/mod/common/client/render/pokemon/PokemonRenderer (java.lang.ClassNotFoundException: com.cobblemon.mod.common.client.render.pokemon.PokemonRenderer)
[13Mar2026 19:33:07.114] [main/DEBUG] [mixin/]: Skipping virtual target com.cobblemon.mod.common.client.render.pokemon.PokemonRenderer for shouldersurfing.common.compat.mixins.json:cobblemon.MixinPokemonRenderer from mod shouldersurfing
[13Mar2026 19:33:07.115] [main/WARN] [mixin/]: Error loading class: traben/entity_model_features/models/parts/EMFModelPartCustom$EMFCube (java.lang.ClassNotFoundException: traben.entity_model_features.models.parts.EMFModelPartCustom$EMFCube)
[13Mar2026 19:33:07.115] [main/DEBUG] [mixin/]: Skipping virtual target traben.entity_model_features.models.parts.EMFModelPartCustom$EMFCube for shouldersurfing.common.compat.mixins.json:emf.MixinEMFModelPartCustom$EMFCube from mod shouldersurfing
[13Mar2026 19:33:07.116] [main/WARN] [mixin/]: Error loading class: yesman/epicfight/client/events/engine/RenderEngine (java.lang.ClassNotFoundException: yesman.epicfight.client.events.engine.RenderEngine)
[13Mar2026 19:33:07.116] [main/DEBUG] [mixin/]: Skipping virtual target yesman.epicfight.client.events.engine.RenderEngine for shouldersurfing.common.compat.mixins.json:epicfight.MixinRenderEngine from mod shouldersurfing
[13Mar2026 19:33:07.116] [main/WARN] [mixin/]: Error loading class: dev/tr7zw/skinlayers/render/CustomizableModelPart (java.lang.ClassNotFoundException: dev.tr7zw.skinlayers.render.CustomizableModelPart)
[13Mar2026 19:33:07.116] [main/DEBUG] [mixin/]: Skipping virtual target dev.tr7zw.skinlayers.render.CustomizableModelPart for shouldersurfing.common.compat.mixins.json:skinlayers.MixinCustomizableModelPart from mod shouldersurfing
[13Mar2026 19:33:07.117] [main/WARN] [mixin/]: Error loading class: mcjty/theoneprobe/rendering/OverlayRenderer (java.lang.ClassNotFoundException: mcjty.theoneprobe.rendering.OverlayRenderer)
[13Mar2026 19:33:07.117] [main/DEBUG] [mixin/]: Skipping virtual target mcjty.theoneprobe.rendering.OverlayRenderer for shouldersurfing.common.compat.mixins.json:theoneprobe.MixinOverlayRenderer from mod shouldersurfing
[13Mar2026 19:33:07.118] [main/WARN] [mixin/]: Error loading class: net/tslat/tes/core/hud/TESHud (java.lang.ClassNotFoundException: net.tslat.tes.core.hud.TESHud)
[13Mar2026 19:33:07.118] [main/DEBUG] [mixin/]: Skipping virtual target net.tslat.tes.core.hud.TESHud for shouldersurfing.common.compat.mixins.json:tslatentitystatus.MixinTESHud from mod shouldersurfing
[13Mar2026 19:33:07.118] [main/DEBUG] [mixin/]: Preparing shouldersurfing.neoforge.compat.mixins.json (0)
[13Mar2026 19:33:07.118] [main/DEBUG] [mixin/]: Preparing arcade-utils.mixins.json (6)
[13Mar2026 19:33:07.122] [main/DEBUG] [mixin/]: Preparing arcade-dimensions.mixins.json (8)
[13Mar2026 19:33:07.125] [main/DEBUG] [mixin/]: Preparing playerAnimator-common.mixins.json (17)
[13Mar2026 19:33:07.147] [main/DEBUG] [mixin/]: Preparing loot_beams_neoforge.mixins.json (2)
[13Mar2026 19:33:07.150] [main/DEBUG] [mixin/]: Preparing balm.mixins.json (1)
[13Mar2026 19:33:07.152] [main/DEBUG] [mixin/]: Preparing balm.neoforge.mixins.json (17)
[13Mar2026 19:33:07.182] [main/DEBUG] [mixin/]: Preparing shaydeeapi.mixins.json (0)
[13Mar2026 19:33:07.182] [main/DEBUG] [mixin/]: Preparing lionfishapi.mixins.json (2)
[13Mar2026 19:33:07.185] [main/DEBUG] [mixin/]: Preparing bettercombat.mixins.json (19)
[13Mar2026 19:33:07.203] [main/DEBUG] [mixin/]: Preparing dummmmmmy.mixins.json (0)
[13Mar2026 19:33:07.203] [main/DEBUG] [mixin/]: Preparing dummmmmmy-common.mixins.json (6)
[13Mar2026 19:33:07.206] [main/DEBUG] [mixin/]: Preparing curios.neoforge.mixins.json (10)
[13Mar2026 19:33:07.213] [main/DEBUG] [mixin/]: Preparing curios.mixins.json (3)
[13Mar2026 19:33:07.214] [main/DEBUG] [mixin/]: Preparing cataclysm.mixins.json (23)
[13Mar2026 19:33:07.231] [main/DEBUG] [mixin/]: Preparing jahdoo.mixins.json (12)
[13Mar2026 19:33:07.240] [main/DEBUG] [mixin/]: Preparing waystones.mixins.json (3)
[13Mar2026 19:33:07.242] [main/DEBUG] [mixin/]: @Mixin target net.minecraft.world.level.levelgen.structure.pools.JigsawPlacement$Placer is public in waystones.mixins.json:JigsawPlacementPlacerMixin from mod waystones and should be specified in value
[13Mar2026 19:33:07.242] [main/DEBUG] [mixin/]: Preparing waystones.neoforge.mixins.json (0)
[13Mar2026 19:33:07.242] [main/DEBUG] [mixin/]: Preparing neoforge.mixins.json (2)
[13Mar2026 19:33:07.246] [main/DEBUG] [mixin/]: Preparing mixins.devauth.json (1)
[13Mar2026 19:33:07.247] [main/DEBUG] [mixin/]: @Mixin target net.minecraft.client.main.Main is public in mixins.devauth.json:MainMixin from mod (unknown) and should be specified in value
[13Mar2026 19:33:07.248] [main/DEBUG] [mixin/]: Preparing mixinextras.init.mixins.json (0)
[13Mar2026 19:33:07.261] [main/DEBUG] [mixin/]: Inner class net/mehvahdjukaar/moonlight/core/mixins/neoforge/ItemMixin$1 in net/mehvahdjukaar/moonlight/core/mixins/neoforge/ItemMixin on net/minecraft/world/item/Item gets unique name net/minecraft/world/item/Item$Anonymous$d6be046f98e74cc39d5933f200d6e3e6
[13Mar2026 19:33:07.338] [main/DEBUG] [mixin/]: Prepared 218 mixins in 0.654 sec (3.0ms avg) (0ms load, 0ms transform, 0ms plugin)
[13Mar2026 19:33:07.355] [main/INFO] [MixinExtras|Service/]: Initializing MixinExtras via com.llamalad7.mixinextras.service.MixinExtrasServiceImpl(version=0.5.0).
[13Mar2026 19:33:07.356] [main/DEBUG] [mixin/]: Registering new injector for @SugarWrapper with com.llamalad7.mixinextras.sugar.impl.SugarWrapperInjectionInfo
[13Mar2026 19:33:07.356] [main/DEBUG] [mixin/]: Registering new injector for @FactoryRedirectWrapper with com.llamalad7.mixinextras.wrapper.factory.FactoryRedirectWrapperInjectionInfo
[13Mar2026 19:33:07.357] [main/DEBUG] [mixin/]: Registering new injector for @ExpressionInjectorWrapper with com.llamalad7.mixinextras.expression.impl.wrapper.ExpressionInjectorWrapperInjectionInfo
[13Mar2026 19:33:07.368] [main/DEBUG] [mixin/]: Mixing MinecraftMixin from moonlight-common.mixins.json into net.minecraft.client.Minecraft
[13Mar2026 19:33:07.371] [main/DEBUG] [mixin/]: moonlight-common.mixins.json:MinecraftMixin from mod moonlight: Class version 65 required is higher than the class version supported by the current version of Mixin (JAVA_17 supports class version 61)
[13Mar2026 19:33:07.384] [main/DEBUG] [mixin/]: Mixing MinecraftMixin from balm.neoforge.mixins.json into net.minecraft.client.Minecraft
[13Mar2026 19:33:07.388] [main/DEBUG] [mixin/]: Mixing client.MinecraftClientAccessor from bettercombat.mixins.json into net.minecraft.client.Minecraft
[13Mar2026 19:33:07.388] [main/DEBUG] [mixin/]: bettercombat.mixins.json:client.MinecraftClientAccessor from mod bettercombat: Class version 65 required is higher than the class version supported by the current version of Mixin (JAVA_17 supports class version 61)
[13Mar2026 19:33:07.398] [main/DEBUG] [mixin/]: Mixing client.MinecraftClientInject from bettercombat.mixins.json into net.minecraft.client.Minecraft
[13Mar2026 19:33:07.399] [main/DEBUG] [mixin/]: bettercombat.mixins.json:client.MinecraftClientInject from mod bettercombat: Class version 65 required is higher than the class version supported by the current version of Mixin (JAVA_17 supports class version 61)
[13Mar2026 19:33:07.401] [main/DEBUG] [mixin/]: Renaming synthetic method lambda$performAttack$1(Lnet/bettercombat/api/AttackHand;Ljava/util/List;Lnet/minecraft/world/entity/Entity;Lnet/bettercombat/api/client/BetterCombatClientEvents$PlayerAttackHit;)V to mdd6ddab$bettercombat$lambda$performAttack$1$0 in bettercombat.mixins.json:client.MinecraftClientInject from mod bettercombat
[13Mar2026 19:33:07.401] [main/DEBUG] [mixin/]: Renaming synthetic method lambda$startUpswing$0(Lnet/bettercombat/api/AttackHand;Lnet/bettercombat/api/client/BetterCombatClientEvents$PlayerAttackStart;)V to mdd6ddab$bettercombat$lambda$startUpswing$0$1 in bettercombat.mixins.json:client.MinecraftClientInject from mod bettercombat
[13Mar2026 19:33:07.582] [main/DEBUG] [mixin/]: moonlight-common.mixins.json:MinecraftMixin from mod moonlight->@Inject::moonlight$onItemLeftClick(Lorg/spongepowered/asm/mixin/injection/callback/CallbackInfoReturnable;)V does use it's CallbackInfoReturnable
[13Mar2026 19:33:07.585] [main/DEBUG] [mixin/]: balm.neoforge.mixins.json:MinecraftMixin from mod balm->@Inject::run(Lorg/spongepowered/asm/mixin/injection/callback/CallbackInfo;)V doesn't use it's CallbackInfo
[13Mar2026 19:33:07.585] [main/DEBUG] [mixin/]: balm.neoforge.mixins.json:MinecraftMixin from mod balm->@Inject::run(Lorg/spongepowered/asm/mixin/injection/callback/CallbackInfo;)V has 0 override(s) in child classes
[13Mar2026 19:33:07.585] [main/DEBUG] [mixin/]: balm.neoforge.mixins.json:MinecraftMixin from mod balm->@Inject::run(Lorg/spongepowered/asm/mixin/injection/callback/CallbackInfo;)V won't be passed a CallbackInfo as a result
[13Mar2026 19:33:07.585] [main/DEBUG] [mixin/]: bettercombat.mixins.json:client.MinecraftClientInject from mod bettercombat->@Inject::disconnect_TAIL(Lnet/minecraft/client/gui/screens/Screen;Lorg/spongepowered/asm/mixin/injection/callback/CallbackInfo;)V doesn't use it's CallbackInfo
[13Mar2026 19:33:07.585] [main/DEBUG] [mixin/]: bettercombat.mixins.json:client.MinecraftClientInject from mod bettercombat->@Inject::disconnect_TAIL(Lnet/minecraft/client/gui/screens/Screen;Lorg/spongepowered/asm/mixin/injection/callback/CallbackInfo;)V has 0 override(s) in child classes
[13Mar2026 19:33:07.585] [main/DEBUG] [mixin/]: bettercombat.mixins.json:client.MinecraftClientInject from mod bettercombat->@Inject::disconnect_TAIL(Lnet/minecraft/client/gui/screens/Screen;Lorg/spongepowered/asm/mixin/injection/callback/CallbackInfo;)V won't be passed a CallbackInfo as a result
[13Mar2026 19:33:07.585] [main/DEBUG] [mixin/]: bettercombat.mixins.json:client.MinecraftClientInject from mod bettercombat->@Inject::pre_doAttack(Lorg/spongepowered/asm/mixin/injection/callback/CallbackInfoReturnable;)V does use it's CallbackInfoReturnable
[13Mar2026 19:33:07.585] [main/DEBUG] [mixin/]: bettercombat.mixins.json:client.MinecraftClientInject from mod bettercombat->@Inject::pre_handleBlockBreaking(ZLorg/spongepowered/asm/mixin/injection/callback/CallbackInfo;)V does use it's CallbackInfo
[13Mar2026 19:33:07.585] [main/DEBUG] [mixin/]: bettercombat.mixins.json:client.MinecraftClientInject from mod bettercombat->@Inject::pre_doItemUse(Lorg/spongepowered/asm/mixin/injection/callback/CallbackInfo;)V does use it's CallbackInfo
[13Mar2026 19:33:07.586] [main/DEBUG] [mixin/]: bettercombat.mixins.json:client.MinecraftClientInject from mod bettercombat->@Inject::pre_Tick(Lorg/spongepowered/asm/mixin/injection/callback/CallbackInfo;)V doesn't use it's CallbackInfo
[13Mar2026 19:33:07.586] [main/DEBUG] [mixin/]: bettercombat.mixins.json:client.MinecraftClientInject from mod bettercombat->@Inject::pre_Tick(Lorg/spongepowered/asm/mixin/injection/callback/CallbackInfo;)V has 0 override(s) in child classes
[13Mar2026 19:33:07.586] [main/DEBUG] [mixin/]: bettercombat.mixins.json:client.MinecraftClientInject from mod bettercombat->@Inject::pre_Tick(Lorg/spongepowered/asm/mixin/injection/callback/CallbackInfo;)V won't be passed a CallbackInfo as a result
[13Mar2026 19:33:07.586] [main/DEBUG] [mixin/]: bettercombat.mixins.json:client.MinecraftClientInject from mod bettercombat->@Inject::post_Tick(Lorg/spongepowered/asm/mixin/injection/callback/CallbackInfo;)V doesn't use it's CallbackInfo
[13Mar2026 19:33:07.586] [main/DEBUG] [mixin/]: bettercombat.mixins.json:client.MinecraftClientInject from mod bettercombat->@Inject::post_Tick(Lorg/spongepowered/asm/mixin/injection/callback/CallbackInfo;)V has 0 override(s) in child classes
[13Mar2026 19:33:07.586] [main/DEBUG] [mixin/]: bettercombat.mixins.json:client.MinecraftClientInject from mod bettercombat->@Inject::post_Tick(Lorg/spongepowered/asm/mixin/injection/callback/CallbackInfo;)V won't be passed a CallbackInfo as a result
[13Mar2026 19:33:07.623] [main/DEBUG] [mixin/]: Mixing MainMixin from mixins.devauth.json into net.minecraft.client.main.Main
[13Mar2026 19:33:07.623] [main/DEBUG] [mixin/]: mixins.devauth.json:MainMixin from mod (unknown): Class version 61 required is higher than the class version supported by the current version of Mixin (JAVA_8 supports class version 52)
[13Mar2026 19:33:08.240] [main/INFO] [DevAuth/]: Successfully logged in as Shaydeejay
[13Mar2026 19:33:08.333] [main/DEBUG] [io.netty.util.internal.logging.InternalLoggerFactory/]: Using SLF4J as the default logging framework
[13Mar2026 19:33:08.334] [main/DEBUG] [io.netty.util.ResourceLeakDetector/]: -Dio.netty.leakDetection.level: simple
[13Mar2026 19:33:08.335] [main/DEBUG] [io.netty.util.ResourceLeakDetector/]: -Dio.netty.leakDetection.targetRecords: 4
[13Mar2026 19:33:08.716] [main/DEBUG] [mixin/]: Mixing MixinV1460 from curios.neoforge.mixins.json into net.minecraft.util.datafix.schemas.V1460
[13Mar2026 19:33:08.721] [main/DEBUG] [mixin/]: curios.neoforge.mixins.json:MixinV1460 from mod curios->@Inject::captureSchema(Lcom/mojang/datafixers/schemas/Schema;Ljava/util/Map;Ljava/util/Map;Lorg/spongepowered/asm/mixin/injection/callback/CallbackInfo;)V doesn't use it's CallbackInfo
[13Mar2026 19:33:08.722] [main/DEBUG] [mixin/]: curios.neoforge.mixins.json:MixinV1460 from mod curios->@Inject::captureSchema(Lcom/mojang/datafixers/schemas/Schema;Ljava/util/Map;Ljava/util/Map;Lorg/spongepowered/asm/mixin/injection/callback/CallbackInfo;)V has 0 override(s) in child classes
[13Mar2026 19:33:08.722] [main/DEBUG] [mixin/]: curios.neoforge.mixins.json:MixinV1460 from mod curios->@Inject::captureSchema(Lcom/mojang/datafixers/schemas/Schema;Ljava/util/Map;Ljava/util/Map;Lorg/spongepowered/asm/mixin/injection/callback/CallbackInfo;)V won't be passed a CallbackInfo as a result
[13Mar2026 19:33:08.750] [main/DEBUG] [mixin/]: Mixing common.LivingEntityMixin from geckolib.mixins.json into net.minecraft.world.entity.LivingEntity
[13Mar2026 19:33:08.750] [main/DEBUG] [mixin/]: geckolib.mixins.json:common.LivingEntityMixin from mod geckolib: Class version 65 required is higher than the class version supported by the current version of Mixin (JAVA_17 supports class version 61)
[13Mar2026 19:33:08.756] [main/DEBUG] [mixin/]: Mixing player.LivingEntityAccessor from bettercombat.mixins.json into net.minecraft.world.entity.LivingEntity
[13Mar2026 19:33:08.756] [main/DEBUG] [mixin/]: bettercombat.mixins.json:player.LivingEntityAccessor from mod bettercombat: Class version 65 required is higher than the class version supported by the current version of Mixin (JAVA_17 supports class version 61)
[13Mar2026 19:33:08.757] [main/DEBUG] [mixin/]: Mixing player.LivingEntityMixin from bettercombat.mixins.json into net.minecraft.world.entity.LivingEntity
[13Mar2026 19:33:08.757] [main/DEBUG] [mixin/]: bettercombat.mixins.json:player.LivingEntityMixin from mod bettercombat: Class version 65 required is higher than the class version supported by the current version of Mixin (JAVA_17 supports class version 61)
[13Mar2026 19:33:08.758] [main/DEBUG] [mixin/]: Renaming synthetic method lambda$getAttributeValue_Inject$0(Lnet/minecraft/world/entity/player/Player;Lnet/minecraft/core/Holder;Lorg/spongepowered/asm/mixin/injection/callback/CallbackInfoReturnable;)V to mdd6ddab$bettercombat$lambda$getAttributeValue_Inject$0$0 in bettercombat.mixins.json:player.LivingEntityMixin from mod bettercombat
[13Mar2026 19:33:08.761] [main/DEBUG] [mixin/]: Mixing LivingEntityMixin from dummmmmmy-common.mixins.json into net.minecraft.world.entity.LivingEntity
[13Mar2026 19:33:08.762] [main/DEBUG] [mixin/]: dummmmmmy-common.mixins.json:LivingEntityMixin from mod dummmmmmy: Class version 65 required is higher than the class version supported by the current version of Mixin (JAVA_17 supports class version 61)
[13Mar2026 19:33:08.775] [main/DEBUG] [mixin/]: Mixing MixinLivingEntity from curios.neoforge.mixins.json into net.minecraft.world.entity.LivingEntity
[13Mar2026 19:33:08.776] [main/DEBUG] [mixin/]: Mixing LivingEntityMixin from cataclysm.mixins.json into net.minecraft.world.entity.LivingEntity
[13Mar2026 19:33:08.776] [main/DEBUG] [mixin/]: cataclysm.mixins.json:LivingEntityMixin from mod cataclysm: Class version 65 required is higher than the class version supported by the current version of Mixin (JAVA_17 supports class version 61)
[13Mar2026 19:33:08.787] [main/DEBUG] [mixin/]: Mixing LivingEntityMixin from jahdoo.mixins.json into net.minecraft.world.entity.LivingEntity
[13Mar2026 19:33:08.787] [main/DEBUG] [mixin/]: jahdoo.mixins.json:LivingEntityMixin from mod jahdoo: Class version 65 required is higher than the class version supported by the current version of Mixin (JAVA_17 supports class version 61)
[13Mar2026 19:33:08.833] [main/DEBUG] [mixin/]: bettercombat.mixins.json:player.LivingEntityMixin from mod bettercombat->@Inject::getAttributeValue_Inject(Lnet/minecraft/core/Holder;Lorg/spongepowered/asm/mixin/injection/callback/CallbackInfoReturnable;)V does use it's CallbackInfoReturnable
[13Mar2026 19:33:08.833] [main/DEBUG] [mixin/]: curios.neoforge.mixins.json:MixinLivingEntity from mod curios->@Inject::curio$canFreeze(Lorg/spongepowered/asm/mixin/injection/callback/CallbackInfoReturnable;)V does use it's CallbackInfoReturnable
[13Mar2026 19:33:08.833] [main/DEBUG] [mixin/]: cataclysm.mixins.json:LivingEntityMixin from mod cataclysm->@Inject::onCanAttack(Lnet/minecraft/world/entity/LivingEntity;Lorg/spongepowered/asm/mixin/injection/callback/CallbackInfoReturnable;)V does use it's CallbackInfoReturnable
[13Mar2026 19:33:08.834] [main/DEBUG] [mixin/]: cataclysm.mixins.json:LivingEntityMixin from mod cataclysm->@Inject::onAddEffect(Lnet/minecraft/world/effect/MobEffectInstance;Lorg/spongepowered/asm/mixin/injection/callback/CallbackInfoReturnable;)V does use it's CallbackInfoReturnable
[13Mar2026 19:33:08.834] [main/DEBUG] [mixin/]: cataclysm.mixins.json:LivingEntityMixin from mod cataclysm->@Inject::onAddEffectWithSource(Lnet/minecraft/world/effect/MobEffectInstance;Lnet/minecraft/world/entity/Entity;Lorg/spongepowered/asm/mixin/injection/callback/CallbackInfoReturnable;)V does use it's CallbackInfoReturnable
[13Mar2026 19:33:08.834] [main/DEBUG] [mixin/]: jahdoo.mixins.json:LivingEntityMixin from mod jahdoo->@Inject::onHurt(Lnet/minecraft/world/damagesource/DamageSource;FLorg/spongepowered/asm/mixin/injection/callback/CallbackInfoReturnable;)V does use it's CallbackInfoReturnable
[13Mar2026 19:33:08.875] [main/DEBUG] [mixin/]: Mixing EntityMixin from balm.neoforge.mixins.json into net.minecraft.world.entity.Entity
[13Mar2026 19:33:08.879] [main/DEBUG] [mixin/]: Mixing EntityMixin from lionfishapi.mixins.json into net.minecraft.world.entity.Entity
[13Mar2026 19:33:08.892] [main/DEBUG] [mixin/]: Mixing AccessorEntity from curios.mixins.json into net.minecraft.world.entity.Entity
[13Mar2026 19:33:08.892] [main/DEBUG] [mixin/]: Mixing EntityMixin from jahdoo.mixins.json into net.minecraft.world.entity.Entity
[13Mar2026 19:33:08.892] [main/DEBUG] [mixin/]: jahdoo.mixins.json:EntityMixin from mod jahdoo: Class version 65 required is higher than the class version supported by the current version of Mixin (JAVA_17 supports class version 61)
[13Mar2026 19:33:08.908] [main/DEBUG] [mixin/]: balm.neoforge.mixins.json:EntityMixin from mod balm->@Inject::load(Lnet/minecraft/nbt/CompoundTag;Lorg/spongepowered/asm/mixin/injection/callback/CallbackInfo;)V doesn't use it's CallbackInfo
[13Mar2026 19:33:08.908] [main/DEBUG] [mixin/]: balm.neoforge.mixins.json:EntityMixin from mod balm->@Inject::load(Lnet/minecraft/nbt/CompoundTag;Lorg/spongepowered/asm/mixin/injection/callback/CallbackInfo;)V has 0 override(s) in child classes
[13Mar2026 19:33:08.908] [main/DEBUG] [mixin/]: balm.neoforge.mixins.json:EntityMixin from mod balm->@Inject::load(Lnet/minecraft/nbt/CompoundTag;Lorg/spongepowered/asm/mixin/injection/callback/CallbackInfo;)V won't be passed a CallbackInfo as a result
[13Mar2026 19:33:08.908] [main/DEBUG] [mixin/]: balm.neoforge.mixins.json:EntityMixin from mod balm->@Inject::saveWithoutId(Lnet/minecraft/nbt/CompoundTag;Lorg/spongepowered/asm/mixin/injection/callback/CallbackInfoReturnable;)V doesn't use it's CallbackInfoReturnable
[13Mar2026 19:33:08.908] [main/DEBUG] [mixin/]: balm.neoforge.mixins.json:EntityMixin from mod balm->@Inject::saveWithoutId(Lnet/minecraft/nbt/CompoundTag;Lorg/spongepowered/asm/mixin/injection/callback/CallbackInfoReturnable;)V has 0 override(s) in child classes
[13Mar2026 19:33:08.908] [main/DEBUG] [mixin/]: balm.neoforge.mixins.json:EntityMixin from mod balm->@Inject::saveWithoutId(Lnet/minecraft/nbt/CompoundTag;Lorg/spongepowered/asm/mixin/injection/callback/CallbackInfoReturnable;)V won't be passed a CallbackInfoReturnable as a result
[13Mar2026 19:33:08.909] [main/DEBUG] [mixin/]: jahdoo.mixins.json:EntityMixin from mod jahdoo->@Inject::stopStepSound(Lnet/minecraft/core/BlockPos;Lnet/minecraft/world/level/block/state/BlockState;Lorg/spongepowered/asm/mixin/injection/callback/CallbackInfo;)V does use it's CallbackInfo
[13Mar2026 19:33:08.909] [main/DEBUG] [mixin/]: jahdoo.mixins.json:EntityMixin from mod jahdoo->@Inject::forceGlow(Lorg/spongepowered/asm/mixin/injection/callback/CallbackInfoReturnable;)V doesn't use it's CallbackInfoReturnable
[13Mar2026 19:33:08.909] [main/DEBUG] [mixin/]: jahdoo.mixins.json:EntityMixin from mod jahdoo->@Inject::forceGlow(Lorg/spongepowered/asm/mixin/injection/callback/CallbackInfoReturnable;)V has 0 override(s) in child classes
[13Mar2026 19:33:08.909] [main/DEBUG] [mixin/]: jahdoo.mixins.json:EntityMixin from mod jahdoo->@Inject::forceGlow(Lorg/spongepowered/asm/mixin/injection/callback/CallbackInfoReturnable;)V won't be passed a CallbackInfoReturnable as a result
[13Mar2026 19:33:08.931] [main/DEBUG] [mixin/]: Mixing MixinPlayer from shouldersurfing.common.mixins.json into net.minecraft.world.entity.player.Player
[13Mar2026 19:33:08.932] [main/DEBUG] [mixin/]: shouldersurfing.common.mixins.json:MixinPlayer from mod shouldersurfing: Class version 65 required is higher than the class version supported by the current version of Mixin (JAVA_17 supports class version 61)
[13Mar2026 19:33:08.933] [main/DEBUG] [mixin/]: Mixing PlayerEntityMixin from playerAnimator-common.mixins.json into net.minecraft.world.entity.player.Player
[13Mar2026 19:33:08.943] [main/DEBUG] [mixin/]: Mixing player.PlayerEntityAccessor from bettercombat.mixins.json into net.minecraft.world.entity.player.Player
[13Mar2026 19:33:08.943] [main/DEBUG] [mixin/]: bettercombat.mixins.json:player.PlayerEntityAccessor from mod bettercombat: Class version 65 required is higher than the class version supported by the current version of Mixin (JAVA_17 supports class version 61)
[13Mar2026 19:33:08.943] [main/DEBUG] [mixin/]: Mixing player.PlayerEntityMixin from bettercombat.mixins.json into net.minecraft.world.entity.player.Player
[13Mar2026 19:33:08.943] [main/DEBUG] [mixin/]: bettercombat.mixins.json:player.PlayerEntityMixin from mod bettercombat: Class version 65 required is higher than the class version supported by the current version of Mixin (JAVA_17 supports class version 61)
[13Mar2026 19:33:08.952] [main/DEBUG] [mixin/]: Mixing player.PlayerEntityRangeMixin from bettercombat.mixins.json into net.minecraft.world.entity.player.Player
[13Mar2026 19:33:08.952] [main/DEBUG] [mixin/]: bettercombat.mixins.json:player.PlayerEntityRangeMixin from mod bettercombat: Class version 65 required is higher than the class version supported by the current version of Mixin (JAVA_17 supports class version 61)
[13Mar2026 19:33:08.952] [main/DEBUG] [mixin/]: Mixing PlayerMixin from dummmmmmy-common.mixins.json into net.minecraft.world.entity.player.Player
[13Mar2026 19:33:08.952] [main/DEBUG] [mixin/]: dummmmmmy-common.mixins.json:PlayerMixin from mod dummmmmmy: Class version 65 required is higher than the class version supported by the current version of Mixin (JAVA_17 supports class version 61)
[13Mar2026 19:33:08.953] [main/DEBUG] [mixin/]: Mixing PlayerSpinAttackMixin from jahdoo.mixins.json into net.minecraft.world.entity.player.Player
[13Mar2026 19:33:08.953] [main/DEBUG] [mixin/]: jahdoo.mixins.json:PlayerSpinAttackMixin from mod jahdoo: Class version 65 required is higher than the class version supported by the current version of Mixin (JAVA_17 supports class version 61)
[13Mar2026 19:33:08.995] [main/DEBUG] [mixin/]: playerAnimator-common.mixins.json:PlayerEntityMixin from mod playeranimator->@Inject::tick(Lorg/spongepowered/asm/mixin/injection/callback/CallbackInfo;)V doesn't use it's CallbackInfo
[13Mar2026 19:33:08.995] [main/DEBUG] [mixin/]: playerAnimator-common.mixins.json:PlayerEntityMixin from mod playeranimator->@Inject::tick(Lorg/spongepowered/asm/mixin/injection/callback/CallbackInfo;)V has 0 override(s) in child classes
[13Mar2026 19:33:08.995] [main/DEBUG] [mixin/]: playerAnimator-common.mixins.json:PlayerEntityMixin from mod playeranimator->@Inject::tick(Lorg/spongepowered/asm/mixin/injection/callback/CallbackInfo;)V won't be passed a CallbackInfo as a result
[13Mar2026 19:33:08.995] [main/DEBUG] [mixin/]: bettercombat.mixins.json:player.PlayerEntityMixin from mod bettercombat->@Inject::initDataTracker_TAIL_SpellEngine_SyncEffects(Lnet/minecraft/network/syncher/SynchedEntityData$Builder;Lorg/spongepowered/asm/mixin/injection/callback/CallbackInfo;)V doesn't use it's CallbackInfo
[13Mar2026 19:33:08.995] [main/DEBUG] [mixin/]: bettercombat.mixins.json:player.PlayerEntityMixin from mod bettercombat->@Inject::initDataTracker_TAIL_SpellEngine_SyncEffects(Lnet/minecraft/network/syncher/SynchedEntityData$Builder;Lorg/spongepowered/asm/mixin/injection/callback/CallbackInfo;)V has 0 override(s) in child classes
[13Mar2026 19:33:08.995] [main/DEBUG] [mixin/]: bettercombat.mixins.json:player.PlayerEntityMixin from mod bettercombat->@Inject::initDataTracker_TAIL_SpellEngine_SyncEffects(Lnet/minecraft/network/syncher/SynchedEntityData$Builder;Lorg/spongepowered/asm/mixin/injection/callback/CallbackInfo;)V won't be passed a CallbackInfo as a result
[13Mar2026 19:33:08.995] [main/DEBUG] [mixin/]: bettercombat.mixins.json:player.PlayerEntityMixin from mod bettercombat->@Inject::post_Tick(Lorg/spongepowered/asm/mixin/injection/callback/CallbackInfo;)V doesn't use it's CallbackInfo
[13Mar2026 19:33:08.995] [main/DEBUG] [mixin/]: bettercombat.mixins.json:player.PlayerEntityMixin from mod bettercombat->@Inject::post_Tick(Lorg/spongepowered/asm/mixin/injection/callback/CallbackInfo;)V has 0 override(s) in child classes
[13Mar2026 19:33:08.995] [main/DEBUG] [mixin/]: bettercombat.mixins.json:player.PlayerEntityMixin from mod bettercombat->@Inject::post_Tick(Lorg/spongepowered/asm/mixin/injection/callback/CallbackInfo;)V won't be passed a CallbackInfo as a result
[13Mar2026 19:33:08.995] [main/DEBUG] [mixin/]: bettercombat.mixins.json:player.PlayerEntityMixin from mod bettercombat->@Inject::getEquippedStack_Pre(Lnet/minecraft/world/entity/EquipmentSlot;Lorg/spongepowered/asm/mixin/injection/callback/CallbackInfoReturnable;)V does use it's CallbackInfoReturnable
[13Mar2026 19:33:08.996] [main/DEBUG] [mixin/]: jahdoo.mixins.json:PlayerSpinAttackMixin from mod jahdoo->@Inject::attackEvent(Lnet/minecraft/world/entity/Entity;Lorg/spongepowered/asm/mixin/injection/callback/CallbackInfo;)V doesn't use it's CallbackInfo
[13Mar2026 19:33:08.996] [main/DEBUG] [mixin/]: jahdoo.mixins.json:PlayerSpinAttackMixin from mod jahdoo->@Inject::attackEvent(Lnet/minecraft/world/entity/Entity;Lorg/spongepowered/asm/mixin/injection/callback/CallbackInfo;)V has 0 override(s) in child classes
[13Mar2026 19:33:08.996] [main/DEBUG] [mixin/]: jahdoo.mixins.json:PlayerSpinAttackMixin from mod jahdoo->@Inject::attackEvent(Lnet/minecraft/world/entity/Entity;Lorg/spongepowered/asm/mixin/injection/callback/CallbackInfo;)V won't be passed a CallbackInfo as a result
[13Mar2026 19:33:09.276] [main/DEBUG] [oshi.util.FileUtil/]: No oshi.properties file found from ClassLoader cpw.mods.modlauncher.TransformingClassLoader@524a076e
[13Mar2026 19:33:09.625] [Datafixer Bootstrap/INFO] [com.mojang.datafixers.DataFixerBuilder/]: 229 Datafixer optimizations took 372 milliseconds
[13Mar2026 19:33:09.700] [main/DEBUG] [oshi.util.FileUtil/]: No oshi.architecture.properties file found from ClassLoader cpw.mods.modlauncher.TransformingClassLoader@524a076e
[13Mar2026 19:33:09.889] [pool-11-thread-1/DEBUG] [mixin/]: Mixing MappedRegistryAccessor from neoforge.mixins.json into net.minecraft.core.MappedRegistry
[13Mar2026 19:33:09.951] [pool-11-thread-1/DEBUG] [mixin/]: Mixing AttackDamageAttributeSyncMixin from jahdoo.mixins.json into net.minecraft.world.entity.ai.attributes.Attributes
[13Mar2026 19:33:09.951] [pool-11-thread-1/DEBUG] [mixin/]: jahdoo.mixins.json:AttackDamageAttributeSyncMixin from mod jahdoo: Class version 65 required is higher than the class version supported by the current version of Mixin (JAVA_17 supports class version 61)
[13Mar2026 19:33:10.024] [pool-11-thread-1/DEBUG] [mixin/]: Mixing DataComponentTypesMixin from bettercombat.mixins.json into net.minecraft.core.component.DataComponents
[13Mar2026 19:33:10.024] [pool-11-thread-1/DEBUG] [mixin/]: bettercombat.mixins.json:DataComponentTypesMixin from mod bettercombat: Class version 65 required is higher than the class version supported by the current version of Mixin (JAVA_17 supports class version 61)
[13Mar2026 19:33:10.026] [pool-11-thread-1/DEBUG] [mixin/]: bettercombat.mixins.json:DataComponentTypesMixin from mod bettercombat->@Inject::static_init_TAIL_SpellEngine(Lorg/spongepowered/asm/mixin/injection/callback/CallbackInfo;)V doesn't use it's CallbackInfo
[13Mar2026 19:33:10.034] [pool-11-thread-1/DEBUG] [mixin/]: Mixing FireBlockMixin from moonlight.mixins.json into net.minecraft.world.level.block.FireBlock
[13Mar2026 19:33:10.035] [pool-11-thread-1/DEBUG] [mixin/]: moonlight.mixins.json:FireBlockMixin from mod moonlight: Class version 65 required is higher than the class version supported by the current version of Mixin (JAVA_17 supports class version 61)
[13Mar2026 19:33:10.069] [pool-11-thread-1/DEBUG] [mixin/]: Mixing BlockBehaviorMixin from moonlight-common.mixins.json into net.minecraft.world.level.block.state.BlockBehaviour
[13Mar2026 19:33:10.077] [pool-11-thread-1/DEBUG] [mixin/]: moonlight-common.mixins.json:BlockBehaviorMixin from mod moonlight: Class version 65 required is higher than the class version supported by the current version of Mixin (JAVA_17 supports class version 61)
[13Mar2026 19:33:10.078] [pool-11-thread-1/DEBUG] [mixin/]: moonlight-common.mixins.json:BlockBehaviorMixin from mod moonlight->@Inject::moonlight$cleanupOptional(Lnet/minecraft/world/level/block/state/BlockState;Lnet/minecraft/world/level/Level;Lnet/minecraft/core/BlockPos;Lnet/minecraft/world/level/block/state/BlockState;ZLorg/spongepowered/asm/mixin/injection/callback/CallbackInfo;)V doesn't use it's CallbackInfo
[13Mar2026 19:33:10.078] [pool-11-thread-1/DEBUG] [mixin/]: moonlight-common.mixins.json:BlockBehaviorMixin from mod moonlight->@Inject::moonlight$cleanupOptional(Lnet/minecraft/world/level/block/state/BlockState;Lnet/minecraft/world/level/Level;Lnet/minecraft/core/BlockPos;Lnet/minecraft/world/level/block/state/BlockState;ZLorg/spongepowered/asm/mixin/injection/callback/CallbackInfo;)V has 0 override(s) in child classes
[13Mar2026 19:33:10.078] [pool-11-thread-1/DEBUG] [mixin/]: moonlight-common.mixins.json:BlockBehaviorMixin from mod moonlight->@Inject::moonlight$cleanupOptional(Lnet/minecraft/world/level/block/state/BlockState;Lnet/minecraft/world/level/Level;Lnet/minecraft/core/BlockPos;Lnet/minecraft/world/level/block/state/BlockState;ZLorg/spongepowered/asm/mixin/injection/callback/CallbackInfo;)V won't be passed a CallbackInfo as a result
[13Mar2026 19:33:10.084] [pool-11-thread-1/DEBUG] [mixin/]: Mixing BlockStateBaseMixin from moonlight-common.mixins.json into net.minecraft.world.level.block.state.BlockBehaviour$BlockStateBase
[13Mar2026 19:33:10.084] [pool-11-thread-1/DEBUG] [mixin/]: moonlight-common.mixins.json:BlockStateBaseMixin from mod moonlight: Class version 65 required is higher than the class version supported by the current version of Mixin (JAVA_17 supports class version 61)
[13Mar2026 19:33:10.114] [pool-11-thread-1/DEBUG] [mixin/]: Mixing ItemEntityMixin from loot_beams_neoforge.mixins.json into net.minecraft.world.entity.item.ItemEntity
[13Mar2026 19:33:10.114] [pool-11-thread-1/DEBUG] [mixin/]: loot_beams_neoforge.mixins.json:ItemEntityMixin from mod loot_beams_neoforge: Class version 65 required is higher than the class version supported by the current version of Mixin (JAVA_8 supports class version 52)
[13Mar2026 19:33:10.116] [pool-11-thread-1/DEBUG] [mixin/]: Mixing ItemMixin from cataclysm.mixins.json into net.minecraft.world.entity.item.ItemEntity
[13Mar2026 19:33:10.116] [pool-11-thread-1/DEBUG] [mixin/]: cataclysm.mixins.json:ItemMixin from mod cataclysm: Class version 65 required is higher than the class version supported by the current version of Mixin (JAVA_17 supports class version 61)
[13Mar2026 19:33:10.117] [pool-11-thread-1/DEBUG] [mixin/]: Mixing ItemEntityMixin from jahdoo.mixins.json into net.minecraft.world.entity.item.ItemEntity
[13Mar2026 19:33:10.117] [pool-11-thread-1/DEBUG] [mixin/]: jahdoo.mixins.json:ItemEntityMixin from mod jahdoo: Class version 65 required is higher than the class version supported by the current version of Mixin (JAVA_17 supports class version 61)
[13Mar2026 19:33:10.124] [pool-11-thread-1/DEBUG] [mixin/]: loot_beams_neoforge.mixins.json:ItemEntityMixin from mod loot_beams_neoforge->@Inject::onTick(Lorg/spongepowered/asm/mixin/injection/callback/CallbackInfo;)V doesn't use it's CallbackInfo
[13Mar2026 19:33:10.124] [pool-11-thread-1/DEBUG] [mixin/]: cataclysm.mixins.json:ItemMixin from mod cataclysm->@Inject::Cmhurt(Lnet/minecraft/world/damagesource/DamageSource;FLorg/spongepowered/asm/mixin/injection/callback/CallbackInfoReturnable;)V does use it's CallbackInfoReturnable
[13Mar2026 19:33:10.124] [pool-11-thread-1/DEBUG] [mixin/]: jahdoo.mixins.json:ItemEntityMixin from mod jahdoo->@Inject::onItemInteraction(Lnet/minecraft/world/entity/player/Player;Lorg/spongepowered/asm/mixin/injection/callback/CallbackInfo;)V does use it's CallbackInfo
[13Mar2026 19:33:10.124] [pool-11-thread-1/DEBUG] [mixin/]: jahdoo.mixins.json:ItemEntityMixin from mod jahdoo->@Inject::onTick(Lorg/spongepowered/asm/mixin/injection/callback/CallbackInfo;)V doesn't use it's CallbackInfo
[13Mar2026 19:33:10.124] [pool-11-thread-1/DEBUG] [mixin/]: jahdoo.mixins.json:ItemEntityMixin from mod jahdoo->@Inject::onTick(Lorg/spongepowered/asm/mixin/injection/callback/CallbackInfo;)V has 0 override(s) in child classes
[13Mar2026 19:33:10.124] [pool-11-thread-1/DEBUG] [mixin/]: jahdoo.mixins.json:ItemEntityMixin from mod jahdoo->@Inject::onTick(Lorg/spongepowered/asm/mixin/injection/callback/CallbackInfo;)V won't be passed a CallbackInfo as a result
[13Mar2026 19:33:10.131] [pool-11-thread-1/DEBUG] [mixin/]: Mixing ServerLevelMixin from moonlight-common.mixins.json into net.minecraft.server.level.ServerLevel
[13Mar2026 19:33:10.132] [pool-11-thread-1/DEBUG] [mixin/]: moonlight-common.mixins.json:ServerLevelMixin from mod moonlight: Class version 65 required is higher than the class version supported by the current version of Mixin (JAVA_17 supports class version 61)
[13Mar2026 19:33:10.139] [pool-11-thread-1/DEBUG] [mixin/]: Mixing level.ServerLevelAccessor from arcade-dimensions.mixins.json into net.minecraft.server.level.ServerLevel
[13Mar2026 19:33:10.142] [pool-11-thread-1/DEBUG] [mixin/]: Mixing level.ServerLevelMixin from arcade-dimensions.mixins.json into net.minecraft.server.level.ServerLevel
[13Mar2026 19:33:10.215] [pool-11-thread-1/DEBUG] [mixin/]: Mixing NoteBlockInstrumentMixin from cataclysm.mixins.json into net.minecraft.world.level.block.state.properties.NoteBlockInstrument
[13Mar2026 19:33:10.215] [pool-11-thread-1/DEBUG] [mixin/]: cataclysm.mixins.json:NoteBlockInstrumentMixin from mod cataclysm: Class version 65 required is higher than the class version supported by the current version of Mixin (JAVA_17 supports class version 61)
[13Mar2026 19:33:10.215] [pool-11-thread-1/DEBUG] [mixin/]: Renaming @Invoker method newInstrument(Ljava/lang/String;ILjava/lang/String;Lnet/minecraft/core/Holder;Lnet/minecraft/world/level/block/state/properties/NoteBlockInstrument$Type;)Lnet/minecraft/world/level/block/state/properties/NoteBlockInstrument; to newInstrument$cataclysm_$md$d6ddab$0 in cataclysm.mixins.json:NoteBlockInstrumentMixin from mod cataclysm
[13Mar2026 19:33:10.223] [pool-11-thread-1/DEBUG] [mixin/]: cataclysm.mixins.json:NoteBlockInstrumentMixin from mod cataclysm->@Inject::US$addCustomInstruments(Lorg/spongepowered/asm/mixin/injection/callback/CallbackInfo;)V doesn't use it's CallbackInfo
[13Mar2026 19:33:10.412] [pool-11-thread-1/DEBUG] [mixin/]: Mixing accessor.DispenserBlockAccessor from moonlight-common.mixins.json into net.minecraft.world.level.block.DispenserBlock
[13Mar2026 19:33:10.412] [pool-11-thread-1/DEBUG] [mixin/]: moonlight-common.mixins.json:accessor.DispenserBlockAccessor from mod moonlight: Class version 65 required is higher than the class version supported by the current version of Mixin (JAVA_17 supports class version 61)
[13Mar2026 19:33:10.412] [pool-11-thread-1/DEBUG] [mixin/]: Renaming @Accessor method getDispenserRegistry()Ljava/util/Map; to getDispenserRegistry$moonlight_$md$d6ddab$0 in moonlight-common.mixins.json:accessor.DispenserBlockAccessor from mod moonlight
[13Mar2026 19:33:10.415] [pool-11-thread-1/DEBUG] [mixin/]: Mixing NoteBlockMixin from cataclysm.mixins.json into net.minecraft.world.level.block.NoteBlock
[13Mar2026 19:33:10.415] [pool-11-thread-1/DEBUG] [mixin/]: cataclysm.mixins.json:NoteBlockMixin from mod cataclysm: Class version 65 required is higher than the class version supported by the current version of Mixin (JAVA_17 supports class version 61)
[13Mar2026 19:33:10.417] [pool-11-thread-1/DEBUG] [mixin/]: cataclysm.mixins.json:NoteBlockMixin from mod cataclysm->@Inject::getMobHeadCustomSoundId(Lnet/minecraft/world/level/Level;Lnet/minecraft/core/BlockPos;Lorg/spongepowered/asm/mixin/injection/callback/CallbackInfoReturnable;)V does use it's CallbackInfoReturnable
[13Mar2026 19:33:10.434] [pool-11-thread-1/DEBUG] [mixin/]: Mixing CropBlockMixin from balm.neoforge.mixins.json into net.minecraft.world.level.block.CropBlock
[13Mar2026 19:33:10.437] [pool-11-thread-1/DEBUG] [mixin/]: balm.neoforge.mixins.json:CropBlockMixin from mod balm->@Inject::mayPlaceOn(Lnet/minecraft/world/level/block/state/BlockState;Lnet/minecraft/world/level/BlockGetter;Lnet/minecraft/core/BlockPos;Lorg/spongepowered/asm/mixin/injection/callback/CallbackInfoReturnable;)V does use it's CallbackInfoReturnable
[13Mar2026 19:33:10.465] [pool-11-thread-1/DEBUG] [mixin/]: Mixing StemBlockMixin from balm.neoforge.mixins.json into net.minecraft.world.level.block.StemBlock
[13Mar2026 19:33:10.466] [pool-11-thread-1/DEBUG] [mixin/]: balm.neoforge.mixins.json:StemBlockMixin from mod balm->@Inject::mayPlaceOn(Lnet/minecraft/world/level/block/state/BlockState;Lnet/minecraft/world/level/BlockGetter;Lnet/minecraft/core/BlockPos;Lorg/spongepowered/asm/mixin/injection/callback/CallbackInfoReturnable;)V does use it's CallbackInfoReturnable
[13Mar2026 19:33:10.535] [pool-11-thread-1/DEBUG] [mixin/]: Mixing ComposterBlockMixin from jahdoo.mixins.json into net.minecraft.world.level.block.ComposterBlock
[13Mar2026 19:33:10.535] [pool-11-thread-1/DEBUG] [mixin/]: jahdoo.mixins.json:ComposterBlockMixin from mod jahdoo: Class version 65 required is higher than the class version supported by the current version of Mixin (JAVA_17 supports class version 61)
[13Mar2026 19:33:10.547] [pool-11-thread-1/DEBUG] [mixin/]: jahdoo.mixins.json:ComposterBlockMixin from mod jahdoo->@Inject::handleFill(Lnet/minecraft/world/level/Level;Lnet/minecraft/core/BlockPos;ZLorg/spongepowered/asm/mixin/injection/callback/CallbackInfo;)V does use it's CallbackInfo
[13Mar2026 19:33:10.547] [pool-11-thread-1/DEBUG] [mixin/]: jahdoo.mixins.json:ComposterBlockMixin from mod jahdoo->@Inject::addSecondOutput(Lnet/minecraft/world/level/block/state/BlockState;Lnet/minecraft/world/level/LevelAccessor;Lnet/minecraft/core/BlockPos;Lorg/spongepowered/asm/mixin/injection/callback/CallbackInfoReturnable;)V does use it's CallbackInfoReturnable
[13Mar2026 19:33:10.547] [pool-11-thread-1/DEBUG] [mixin/]: jahdoo.mixins.json:ComposterBlockMixin from mod jahdoo->@Inject::produceNexite(Lnet/minecraft/world/entity/Entity;Lnet/minecraft/world/level/block/state/BlockState;Lnet/minecraft/world/level/Level;Lnet/minecraft/core/BlockPos;Lorg/spongepowered/asm/mixin/injection/callback/CallbackInfoReturnable;)V does use it's CallbackInfoReturnable
[13Mar2026 19:33:10.559] [pool-11-thread-1/DEBUG] [mixin/]: Mixing MixinPowderSnowBlock from curios.neoforge.mixins.json into net.minecraft.world.level.block.PowderSnowBlock
[13Mar2026 19:33:10.561] [pool-11-thread-1/DEBUG] [mixin/]: curios.neoforge.mixins.json:MixinPowderSnowBlock from mod curios->@Inject::curios$canEntityWalkOnPowderSnow(Lnet/minecraft/world/entity/Entity;Lorg/spongepowered/asm/mixin/injection/callback/CallbackInfoReturnable;)V does use it's CallbackInfoReturnable
[13Mar2026 19:33:10.561] [pool-11-thread-1/DEBUG] [mixin/]: curios.neoforge.mixins.json:MixinPowderSnowBlock from mod curios->@Inject::curios$canEntityWalkOnPowderSnow(Lnet/minecraft/world/entity/Entity;Lorg/spongepowered/asm/mixin/injection/callback/CallbackInfoReturnable;)V does use it's CallbackInfoReturnable
[13Mar2026 19:33:10.741] [pool-11-thread-1/DEBUG] [mixin/]: Mixing accessor.DispenserBlockEntityAccessor from moonlight-common.mixins.json into net.minecraft.world.level.block.entity.DispenserBlockEntity
[13Mar2026 19:33:10.742] [pool-11-thread-1/DEBUG] [mixin/]: moonlight-common.mixins.json:accessor.DispenserBlockEntityAccessor from mod moonlight: Class version 65 required is higher than the class version supported by the current version of Mixin (JAVA_17 supports class version 61)
[13Mar2026 19:33:10.894] [pool-11-thread-1/DEBUG] [mixin/]: Mixing PistonBlockEntityMixin from moonlight-common.mixins.json into net.minecraft.world.level.block.piston.PistonMovingBlockEntity
[13Mar2026 19:33:10.894] [pool-11-thread-1/DEBUG] [mixin/]: moonlight-common.mixins.json:PistonBlockEntityMixin from mod moonlight: Class version 65 required is higher than the class version supported by the current version of Mixin (JAVA_17 supports class version 61)
[13Mar2026 19:33:10.913] [pool-11-thread-1/DEBUG] [mixin/]: moonlight-common.mixins.json:PistonBlockEntityMixin from mod moonlight->@Inject::whileMoving(Lnet/minecraft/world/level/Level;Lnet/minecraft/core/BlockPos;Lnet/minecraft/world/level/block/state/BlockState;Lnet/minecraft/world/level/block/piston/PistonMovingBlockEntity;Lorg/spongepowered/asm/mixin/injection/callback/CallbackInfo;)V doesn't use it's CallbackInfo
[13Mar2026 19:33:10.913] [pool-11-thread-1/DEBUG] [mixin/]: moonlight-common.mixins.json:PistonBlockEntityMixin from mod moonlight->@Inject::onFinishedShortPulse(Lorg/spongepowered/asm/mixin/injection/callback/CallbackInfo;)V doesn't use it's CallbackInfo
[13Mar2026 19:33:10.913] [pool-11-thread-1/DEBUG] [mixin/]: moonlight-common.mixins.json:PistonBlockEntityMixin from mod moonlight->@Inject::onFinishedShortPulse(Lorg/spongepowered/asm/mixin/injection/callback/CallbackInfo;)V has 0 override(s) in child classes
[13Mar2026 19:33:10.913] [pool-11-thread-1/DEBUG] [mixin/]: moonlight-common.mixins.json:PistonBlockEntityMixin from mod moonlight->@Inject::onFinishedShortPulse(Lorg/spongepowered/asm/mixin/injection/callback/CallbackInfo;)V won't be passed a CallbackInfo as a result
[13Mar2026 19:33:10.913] [pool-11-thread-1/DEBUG] [mixin/]: moonlight-common.mixins.json:PistonBlockEntityMixin from mod moonlight->@Inject::onFinishedMoving(Lnet/minecraft/world/level/Level;Lnet/minecraft/core/BlockPos;Lnet/minecraft/world/level/block/state/BlockState;Lnet/minecraft/world/level/block/piston/PistonMovingBlockEntity;Lorg/spongepowered/asm/mixin/injection/callback/CallbackInfo;)V doesn't use it's CallbackInfo
[13Mar2026 19:33:10.913] [pool-11-thread-1/DEBUG] [mixin/]: moonlight-common.mixins.json:PistonBlockEntityMixin from mod moonlight->@Inject::onFinishedMoving2(Lnet/minecraft/world/level/Level;Lnet/minecraft/core/BlockPos;Lnet/minecraft/world/level/block/state/BlockState;Lnet/minecraft/world/level/block/piston/PistonMovingBlockEntity;Lorg/spongepowered/asm/mixin/injection/callback/CallbackInfo;)V doesn't use it's CallbackInfo
[13Mar2026 19:33:10.945] [pool-11-thread-1/DEBUG] [mixin/]: Mixing EntityMixin from moonlight-common.mixins.json into net.minecraft.world.entity.Mob
[13Mar2026 19:33:10.946] [pool-11-thread-1/DEBUG] [mixin/]: moonlight-common.mixins.json:EntityMixin from mod moonlight: Class version 65 required is higher than the class version supported by the current version of Mixin (JAVA_17 supports class version 61)
[13Mar2026 19:33:10.995] [pool-11-thread-1/DEBUG] [mixin/]: Mixing BlockEntityTypeAccessor from neoforge.mixins.json into net.minecraft.world.level.block.entity.BlockEntityType
[13Mar2026 19:33:11.030] [pool-11-thread-1/DEBUG] [mixin/]: Mixing common.AbstractContainerMenuMixin from geckolib.mixins.json into net.minecraft.world.inventory.AbstractContainerMenu
[13Mar2026 19:33:11.030] [pool-11-thread-1/DEBUG] [mixin/]: geckolib.mixins.json:common.AbstractContainerMenuMixin from mod geckolib: Class version 65 required is higher than the class version supported by the current version of Mixin (JAVA_17 supports class version 61)
[13Mar2026 19:33:11.155] [pool-11-thread-1/DEBUG] [mixin/]: Mixing common.ItemStackMixin from geckolib.mixins.json into net.minecraft.world.item.ItemStack
[13Mar2026 19:33:11.155] [pool-11-thread-1/DEBUG] [mixin/]: geckolib.mixins.json:common.ItemStackMixin from mod geckolib: Class version 65 required is higher than the class version supported by the current version of Mixin (JAVA_17 supports class version 61)
[13Mar2026 19:33:11.156] [pool-11-thread-1/DEBUG] [mixin/]: Mixing ItemStackMixin from bettercombat.mixins.json into net.minecraft.world.item.ItemStack
[13Mar2026 19:33:11.156] [pool-11-thread-1/DEBUG] [mixin/]: bettercombat.mixins.json:ItemStackMixin from mod bettercombat: Class version 65 required is higher than the class version supported by the current version of Mixin (JAVA_17 supports class version 61)
[13Mar2026 19:33:11.158] [pool-11-thread-1/DEBUG] [mixin/]: Mixing client.ItemStackTooltipMixin from bettercombat.mixins.json into net.minecraft.world.item.ItemStack
[13Mar2026 19:33:11.158] [pool-11-thread-1/DEBUG] [mixin/]: bettercombat.mixins.json:client.ItemStackTooltipMixin from mod bettercombat: Class version 65 required is higher than the class version supported by the current version of Mixin (JAVA_17 supports class version 61)
[13Mar2026 19:33:11.159] [pool-11-thread-1/DEBUG] [mixin/]: Mixing ItemStackMixin from jahdoo.mixins.json into net.minecraft.world.item.ItemStack
[13Mar2026 19:33:11.159] [pool-11-thread-1/DEBUG] [mixin/]: jahdoo.mixins.json:ItemStackMixin from mod jahdoo: Class version 65 required is higher than the class version supported by the current version of Mixin (JAVA_17 supports class version 61)
[13Mar2026 19:33:11.163] [pool-11-thread-1/DEBUG] [mixin/]: bettercombat.mixins.json:client.ItemStackTooltipMixin from mod bettercombat->@Inject::appendAttributeModifierTooltip_BetterCombat_Range(Ljava/util/function/Consumer;Lnet/minecraft/world/entity/player/Player;Lnet/minecraft/core/Holder;Lnet/minecraft/world/entity/ai/attributes/AttributeModifier;Lorg/spongepowered/asm/mixin/injection/callback/CallbackInfo;)V does use it's CallbackInfo
[13Mar2026 19:33:11.490] [pool-11-thread-1/DEBUG] [mixin/]: Mixing GrindstoneMenuMixin from moonlight-common.mixins.json into net.minecraft.world.inventory.GrindstoneMenu
[13Mar2026 19:33:11.490] [pool-11-thread-1/DEBUG] [mixin/]: moonlight-common.mixins.json:GrindstoneMenuMixin from mod moonlight: Class version 65 required is higher than the class version supported by the current version of Mixin (JAVA_17 supports class version 61)
[13Mar2026 19:33:11.666] [pool-11-thread-1/DEBUG] [mixin/]: Mixing ServerPlayerMixin from moonlight-common.mixins.json into net.minecraft.server.level.ServerPlayer
[13Mar2026 19:33:11.666] [pool-11-thread-1/DEBUG] [mixin/]: moonlight-common.mixins.json:ServerPlayerMixin from mod moonlight: Class version 65 required is higher than the class version supported by the current version of Mixin (JAVA_17 supports class version 61)
[13Mar2026 19:33:11.667] [pool-11-thread-1/DEBUG] [mixin/]: Mixing ServerPlayerMixin from arcade-utils.mixins.json into net.minecraft.server.level.ServerPlayer
[13Mar2026 19:33:11.670] [pool-11-thread-1/DEBUG] [mixin/]: arcade-utils.mixins.json:ServerPlayerMixin from mod arcade->@Inject::onTick(Lorg/spongepowered/asm/mixin/injection/callback/CallbackInfo;)V doesn't use it's CallbackInfo
[13Mar2026 19:33:11.670] [pool-11-thread-1/DEBUG] [mixin/]: arcade-utils.mixins.json:ServerPlayerMixin from mod arcade->@Inject::onTick(Lorg/spongepowered/asm/mixin/injection/callback/CallbackInfo;)V has 0 override(s) in child classes
[13Mar2026 19:33:11.670] [pool-11-thread-1/DEBUG] [mixin/]: arcade-utils.mixins.json:ServerPlayerMixin from mod arcade->@Inject::onTick(Lorg/spongepowered/asm/mixin/injection/callback/CallbackInfo;)V won't be passed a CallbackInfo as a result
[13Mar2026 19:33:12.065] [pool-11-thread-1/DEBUG] [mixin/]: Mixing ItemMixin from moonlight.mixins.json into net.minecraft.world.item.Item
[13Mar2026 19:33:12.065] [pool-11-thread-1/DEBUG] [mixin/]: moonlight.mixins.json:ItemMixin from mod moonlight: Class version 65 required is higher than the class version supported by the current version of Mixin (JAVA_17 supports class version 61)
[13Mar2026 19:33:12.068] [pool-11-thread-1/DEBUG] [mixin/]: Mixing ItemMixin from moonlight-common.mixins.json into net.minecraft.world.item.Item
[13Mar2026 19:33:12.068] [pool-11-thread-1/DEBUG] [mixin/]: moonlight-common.mixins.json:ItemMixin from mod moonlight: Class version 65 required is higher than the class version supported by the current version of Mixin (JAVA_17 supports class version 61)
[13Mar2026 19:33:12.069] [pool-11-thread-1/DEBUG] [mixin/]: Mixing MixinItem from shouldersurfing.common.mixins.json into net.minecraft.world.item.Item
[13Mar2026 19:33:12.069] [pool-11-thread-1/DEBUG] [mixin/]: shouldersurfing.common.mixins.json:MixinItem from mod shouldersurfing: Class version 65 required is higher than the class version supported by the current version of Mixin (JAVA_17 supports class version 61)
[13Mar2026 19:33:12.074] [pool-11-thread-1/DEBUG] [mixin/]: moonlight.mixins.json:ItemMixin from mod moonlight->@Inject::initializeClient(Ljava/util/function/Consumer;Lorg/spongepowered/asm/mixin/injection/callback/CallbackInfo;)V doesn't use it's CallbackInfo
[13Mar2026 19:33:12.074] [pool-11-thread-1/DEBUG] [mixin/]: moonlight.mixins.json:ItemMixin from mod moonlight->@Inject::initializeClient(Ljava/util/function/Consumer;Lorg/spongepowered/asm/mixin/injection/callback/CallbackInfo;)V has 0 override(s) in child classes
[13Mar2026 19:33:12.074] [pool-11-thread-1/DEBUG] [mixin/]: moonlight.mixins.json:ItemMixin from mod moonlight->@Inject::initializeClient(Ljava/util/function/Consumer;Lorg/spongepowered/asm/mixin/injection/callback/CallbackInfo;)V won't be passed a CallbackInfo as a result
[13Mar2026 19:33:12.074] [pool-11-thread-1/DEBUG] [mixin/]: moonlight-common.mixins.json:ItemMixin from mod moonlight->@Inject::onUseOnBlock(Lnet/minecraft/world/item/context/UseOnContext;Lorg/spongepowered/asm/mixin/injection/callback/CallbackInfoReturnable;)V does use it's CallbackInfoReturnable
[13Mar2026 19:33:12.079] [pool-11-thread-1/DEBUG] [mixin/]: Mixing BlockItemMixin from moonlight-common.mixins.json into net.minecraft.world.item.BlockItem
[13Mar2026 19:33:12.079] [pool-11-thread-1/DEBUG] [mixin/]: moonlight-common.mixins.json:BlockItemMixin from mod moonlight: Class version 65 required is higher than the class version supported by the current version of Mixin (JAVA_17 supports class version 61)
[13Mar2026 19:33:12.081] [pool-11-thread-1/DEBUG] [mixin/]: moonlight-common.mixins.json:BlockItemMixin from mod moonlight->@Inject::moonlight$getPlacementState(Lnet/minecraft/world/item/context/BlockPlaceContext;Lorg/spongepowered/asm/mixin/injection/callback/CallbackInfoReturnable;)V does use it's CallbackInfoReturnable
[13Mar2026 19:33:12.081] [pool-11-thread-1/DEBUG] [mixin/]: moonlight-common.mixins.json:BlockItemMixin from mod moonlight->@Inject::moonlight$place(Lnet/minecraft/world/item/context/BlockPlaceContext;Lorg/spongepowered/asm/mixin/injection/callback/CallbackInfoReturnable;)V does use it's CallbackInfoReturnable
[13Mar2026 19:33:12.081] [pool-11-thread-1/DEBUG] [mixin/]: moonlight-common.mixins.json:BlockItemMixin from mod moonlight->@Inject::moonlight$updatePlacementContext(Lnet/minecraft/world/item/context/BlockPlaceContext;Lorg/spongepowered/asm/mixin/injection/callback/CallbackInfoReturnable;)V does use it's CallbackInfoReturnable
[13Mar2026 19:33:12.089] [pool-11-thread-1/DEBUG] [mixin/]: Mixing RangedWeaponItemMixin from bettercombat.mixins.json into net.minecraft.world.item.ProjectileWeaponItem
[13Mar2026 19:33:12.089] [pool-11-thread-1/DEBUG] [mixin/]: bettercombat.mixins.json:RangedWeaponItemMixin from mod bettercombat: Class version 65 required is higher than the class version supported by the current version of Mixin (JAVA_17 supports class version 61)
[13Mar2026 19:33:12.093] [pool-11-thread-1/DEBUG] [mixin/]: Mixing SwordItemMixin from dummmmmmy-common.mixins.json into net.minecraft.world.item.SwordItem
[13Mar2026 19:33:12.094] [pool-11-thread-1/DEBUG] [mixin/]: dummmmmmy-common.mixins.json:SwordItemMixin from mod dummmmmmy: Class version 65 required is higher than the class version supported by the current version of Mixin (JAVA_17 supports class version 61)
[13Mar2026 19:33:12.095] [pool-11-thread-1/DEBUG] [mixin/]: dummmmmmy-common.mixins.json:SwordItemMixin from mod dummmmmmy->@Inject::mm$damageEquipment(Lnet/minecraft/world/item/ItemStack;Lnet/minecraft/world/entity/LivingEntity;Lnet/minecraft/world/entity/LivingEntity;Lorg/spongepowered/asm/mixin/injection/callback/CallbackInfoReturnable;)V does use it's CallbackInfoReturnable
[13Mar2026 19:33:12.097] [pool-11-thread-1/DEBUG] [mixin/]: Mixing ToolItemMixin from dummmmmmy-common.mixins.json into net.minecraft.world.item.DiggerItem
[13Mar2026 19:33:12.097] [pool-11-thread-1/DEBUG] [mixin/]: dummmmmmy-common.mixins.json:ToolItemMixin from mod dummmmmmy: Class version 65 required is higher than the class version supported by the current version of Mixin (JAVA_17 supports class version 61)
[13Mar2026 19:33:12.098] [pool-11-thread-1/DEBUG] [mixin/]: dummmmmmy-common.mixins.json:ToolItemMixin from mod dummmmmmy->@Inject::mm$damageEquipment(Lnet/minecraft/world/item/ItemStack;Lnet/minecraft/world/entity/LivingEntity;Lnet/minecraft/world/entity/LivingEntity;Lorg/spongepowered/asm/mixin/injection/callback/CallbackInfoReturnable;)V does use it's CallbackInfoReturnable
[13Mar2026 19:33:12.115] [pool-11-thread-1/DEBUG] [mixin/]: Mixing MapItemMixin from moonlight-common.mixins.json into net.minecraft.world.item.MapItem
[13Mar2026 19:33:12.116] [pool-11-thread-1/DEBUG] [mixin/]: moonlight-common.mixins.json:MapItemMixin from mod moonlight: Class version 65 required is higher than the class version supported by the current version of Mixin (JAVA_17 supports class version 61)
[13Mar2026 19:33:12.117] [pool-11-thread-1/DEBUG] [mixin/]: Renaming synthetic method lambda$update$1(Lnet/minecraft/world/level/saveddata/maps/MapItemSavedData;Lnet/minecraft/world/entity/Entity;Ljava/util/concurrent/atomic/AtomicBoolean;Lnet/mehvahdjukaar/moonlight/api/map/CustomMapData$Type;Lnet/mehvahdjukaar/moonlight/api/map/CustomMapData;)V to mdd6ddab$moonlight$lambda$update$1$0 in moonlight-common.mixins.json:MapItemMixin from mod moonlight
[13Mar2026 19:33:12.117] [pool-11-thread-1/DEBUG] [mixin/]: Renaming synthetic method lambda$appendHoverText$0(Lnet/minecraft/world/level/saveddata/maps/MapItemSavedData;Lnet/minecraft/world/item/ItemStack;Ljava/util/List;Lnet/mehvahdjukaar/moonlight/api/map/CustomMapData$Type;Lnet/mehvahdjukaar/moonlight/api/map/CustomMapData;)V to mdd6ddab$moonlight$lambda$appendHoverText$0$1 in moonlight-common.mixins.json:MapItemMixin from mod moonlight
[13Mar2026 19:33:12.119] [pool-11-thread-1/DEBUG] [mixin/]: moonlight-common.mixins.json:MapItemMixin from mod moonlight->@Inject::appendHoverText(Lnet/minecraft/world/item/ItemStack;Lnet/minecraft/world/item/Item$TooltipContext;Ljava/util/List;Lnet/minecraft/world/item/TooltipFlag;Lorg/spongepowered/asm/mixin/injection/callback/CallbackInfo;)V doesn't use it's CallbackInfo
[13Mar2026 19:33:12.119] [pool-11-thread-1/DEBUG] [mixin/]: moonlight-common.mixins.json:MapItemMixin from mod moonlight->@Inject::appendHoverText(Lnet/minecraft/world/item/ItemStack;Lnet/minecraft/world/item/Item$TooltipContext;Ljava/util/List;Lnet/minecraft/world/item/TooltipFlag;Lorg/spongepowered/asm/mixin/injection/callback/CallbackInfo;)V has 0 override(s) in child classes
[13Mar2026 19:33:12.119] [pool-11-thread-1/DEBUG] [mixin/]: moonlight-common.mixins.json:MapItemMixin from mod moonlight->@Inject::appendHoverText(Lnet/minecraft/world/item/ItemStack;Lnet/minecraft/world/item/Item$TooltipContext;Ljava/util/List;Lnet/minecraft/world/item/TooltipFlag;Lorg/spongepowered/asm/mixin/injection/callback/CallbackInfo;)V won't be passed a CallbackInfo as a result
[13Mar2026 19:33:12.119] [pool-11-thread-1/DEBUG] [mixin/]: moonlight-common.mixins.json:MapItemMixin from mod moonlight->@Inject::update(Lnet/minecraft/world/level/Level;Lnet/minecraft/world/entity/Entity;Lnet/minecraft/world/level/saveddata/maps/MapItemSavedData;Lorg/spongepowered/asm/mixin/injection/callback/CallbackInfo;)V does use it's CallbackInfo
[13Mar2026 19:33:12.122] [pool-11-thread-1/DEBUG] [mixin/]: Mixing ShearItemMixin from moonlight-common.mixins.json into net.minecraft.world.item.ShearsItem
[13Mar2026 19:33:12.122] [pool-11-thread-1/DEBUG] [mixin/]: moonlight-common.mixins.json:ShearItemMixin from mod moonlight: Class version 65 required is higher than the class version supported by the current version of Mixin (JAVA_17 supports class version 61)
[13Mar2026 19:33:12.131] [pool-11-thread-1/DEBUG] [mixin/]: Mixing ArmorStandFIxMixin from dummmmmmy-common.mixins.json into net.minecraft.world.item.ArmorStandItem
[13Mar2026 19:33:12.131] [pool-11-thread-1/DEBUG] [mixin/]: dummmmmmy-common.mixins.json:ArmorStandFIxMixin from mod dummmmmmy: Class version 65 required is higher than the class version supported by the current version of Mixin (JAVA_17 supports class version 61)
[13Mar2026 19:33:12.134] [pool-11-thread-1/DEBUG] [mixin/]: dummmmmmy-common.mixins.json:ArmorStandFIxMixin from mod dummmmmmy->@Inject::dummy$fixInitialArmorStandRot(Lnet/minecraft/world/item/context/UseOnContext;Lorg/spongepowered/asm/mixin/injection/callback/CallbackInfoReturnable;)V doesn't use it's CallbackInfoReturnable
[13Mar2026 19:33:12.134] [pool-11-thread-1/DEBUG] [mixin/]: dummmmmmy-common.mixins.json:ArmorStandFIxMixin from mod dummmmmmy->@Inject::dummy$fixInitialArmorStandRot(Lnet/minecraft/world/item/context/UseOnContext;Lorg/spongepowered/asm/mixin/injection/callback/CallbackInfoReturnable;)V has 0 override(s) in child classes
[13Mar2026 19:33:12.134] [pool-11-thread-1/DEBUG] [mixin/]: dummmmmmy-common.mixins.json:ArmorStandFIxMixin from mod dummmmmmy->@Inject::dummy$fixInitialArmorStandRot(Lnet/minecraft/world/item/context/UseOnContext;Lorg/spongepowered/asm/mixin/injection/callback/CallbackInfoReturnable;)V won't be passed a CallbackInfoReturnable as a result
[13Mar2026 19:33:12.207] [pool-11-thread-1/DEBUG] [mixin/]: Mixing EnchantmentMixin from bettercombat.mixins.json into net.minecraft.world.item.enchantment.Enchantment
[13Mar2026 19:33:12.207] [pool-11-thread-1/DEBUG] [mixin/]: bettercombat.mixins.json:EnchantmentMixin from mod bettercombat: Class version 65 required is higher than the class version supported by the current version of Mixin (JAVA_17 supports class version 61)
[13Mar2026 19:33:12.207] [pool-11-thread-1/DEBUG] [mixin/]: Mixing EnchantmentMixin from dummmmmmy-common.mixins.json into net.minecraft.world.item.enchantment.Enchantment
[13Mar2026 19:33:12.207] [pool-11-thread-1/DEBUG] [mixin/]: dummmmmmy-common.mixins.json:EnchantmentMixin from mod dummmmmmy: Class version 65 required is higher than the class version supported by the current version of Mixin (JAVA_17 supports class version 61)
[13Mar2026 19:33:12.213] [pool-11-thread-1/DEBUG] [mixin/]: bettercombat.mixins.json:EnchantmentMixin from mod bettercombat->@Inject::getEquipmentFix(Lnet/minecraft/world/entity/LivingEntity;Lorg/spongepowered/asm/mixin/injection/callback/CallbackInfoReturnable;)V does use it's CallbackInfoReturnable
[13Mar2026 19:33:12.235] [pool-11-thread-1/DEBUG] [io.netty.util.internal.PlatformDependent0/]: -Dio.netty.noUnsafe: false
[13Mar2026 19:33:12.236] [pool-11-thread-1/DEBUG] [io.netty.util.internal.PlatformDependent0/]: Java version: 21
[13Mar2026 19:33:12.236] [pool-11-thread-1/DEBUG] [io.netty.util.internal.PlatformDependent0/]: sun.misc.Unsafe.theUnsafe: available
[13Mar2026 19:33:12.237] [pool-11-thread-1/DEBUG] [io.netty.util.internal.PlatformDependent0/]: sun.misc.Unsafe.copyMemory: available
[13Mar2026 19:33:12.237] [pool-11-thread-1/DEBUG] [io.netty.util.internal.PlatformDependent0/]: sun.misc.Unsafe.storeFence: available
[13Mar2026 19:33:12.237] [pool-11-thread-1/DEBUG] [io.netty.util.internal.PlatformDependent0/]: java.nio.Buffer.address: available
[13Mar2026 19:33:12.237] [pool-11-thread-1/DEBUG] [io.netty.util.internal.PlatformDependent0/]: direct buffer constructor: unavailable: Reflective setAccessible(true) disabled
[13Mar2026 19:33:12.238] [pool-11-thread-1/DEBUG] [io.netty.util.internal.PlatformDependent0/]: java.nio.Bits.unaligned: available, true
[13Mar2026 19:33:12.238] [pool-11-thread-1/DEBUG] [io.netty.util.internal.PlatformDependent0/]: jdk.internal.misc.Unsafe.allocateUninitializedArray(int): unavailable: class io.netty.util.internal.PlatformDependent0$7 (in module io.netty.common) cannot access class jdk.internal.misc.Unsafe (in module java.base) because module java.base does not export jdk.internal.misc to module io.netty.common
[13Mar2026 19:33:12.239] [pool-11-thread-1/DEBUG] [io.netty.util.internal.PlatformDependent0/]: java.nio.DirectByteBuffer.<init>(long, {int,long}): unavailable
[13Mar2026 19:33:12.239] [pool-11-thread-1/DEBUG] [io.netty.util.internal.PlatformDependent/]: sun.misc.Unsafe: available
[13Mar2026 19:33:12.239] [pool-11-thread-1/DEBUG] [io.netty.util.internal.PlatformDependent/]: maxDirectMemory: 8573157376 bytes (maybe)
[13Mar2026 19:33:12.240] [pool-11-thread-1/DEBUG] [io.netty.util.internal.PlatformDependent/]: -Dio.netty.tmpdir: C:\Users\JAYDEE~1\AppData\Local\Temp (java.io.tmpdir)
[13Mar2026 19:33:12.240] [pool-11-thread-1/DEBUG] [io.netty.util.internal.PlatformDependent/]: -Dio.netty.bitMode: 64 (sun.arch.data.model)
[13Mar2026 19:33:12.240] [pool-11-thread-1/DEBUG] [io.netty.util.internal.PlatformDependent/]: Platform: Windows
[13Mar2026 19:33:12.240] [pool-11-thread-1/DEBUG] [io.netty.util.internal.PlatformDependent/]: -Dio.netty.maxDirectMemory: -1 bytes
[13Mar2026 19:33:12.240] [pool-11-thread-1/DEBUG] [io.netty.util.internal.PlatformDependent/]: -Dio.netty.uninitializedArrayAllocationThreshold: -1
[13Mar2026 19:33:12.241] [pool-11-thread-1/DEBUG] [io.netty.util.internal.CleanerJava9/]: java.nio.ByteBuffer.cleaner(): available
[13Mar2026 19:33:12.241] [pool-11-thread-1/DEBUG] [io.netty.util.internal.PlatformDependent/]: -Dio.netty.noPreferDirect: false
[13Mar2026 19:33:12.284] [pool-11-thread-1/DEBUG] [mixin/]: Mixing MixinNbtPredicate from curios.neoforge.mixins.json into net.minecraft.advancements.critereon.NbtPredicate
[13Mar2026 19:33:12.355] [pool-11-thread-1/DEBUG] [mixin/]: Mixing LevelChunkMixin from moonlight-common.mixins.json into net.minecraft.world.level.chunk.LevelChunk
[13Mar2026 19:33:12.356] [pool-11-thread-1/DEBUG] [mixin/]: moonlight-common.mixins.json:LevelChunkMixin from mod moonlight: Class version 65 required is higher than the class version supported by the current version of Mixin (JAVA_17 supports class version 61)
[13Mar2026 19:33:12.410] [pool-11-thread-1/DEBUG] [mixin/]: Mixing FixBlockPlaceContextMixin from moonlight-common.mixins.json into net.minecraft.world.item.context.BlockPlaceContext
[13Mar2026 19:33:12.410] [pool-11-thread-1/DEBUG] [mixin/]: moonlight-common.mixins.json:FixBlockPlaceContextMixin from mod moonlight: Class version 65 required is higher than the class version supported by the current version of Mixin (JAVA_17 supports class version 61)
[13Mar2026 19:33:12.413] [pool-11-thread-1/DEBUG] [mixin/]: moonlight-common.mixins.json:FixBlockPlaceContextMixin from mod moonlight->@Inject::moonlight$fixNotAccountingForNullPlayer1(Lorg/spongepowered/asm/mixin/injection/callback/CallbackInfoReturnable;)V does use it's CallbackInfoReturnable
[13Mar2026 19:33:12.413] [pool-11-thread-1/DEBUG] [mixin/]: moonlight-common.mixins.json:FixBlockPlaceContextMixin from mod moonlight->@Inject::moonlight$fixNotAccountingForNullPlayer2(Lorg/spongepowered/asm/mixin/injection/callback/CallbackInfoReturnable;)V does use it's CallbackInfoReturnable
[13Mar2026 19:33:12.413] [pool-11-thread-1/DEBUG] [mixin/]: moonlight-common.mixins.json:FixBlockPlaceContextMixin from mod moonlight->@Inject::moonlight$fixNotAccountingForNullPlayer3(Lorg/spongepowered/asm/mixin/injection/callback/CallbackInfoReturnable;)V does use it's CallbackInfoReturnable
[13Mar2026 19:33:12.452] [pool-11-thread-1/DEBUG] [mixin/]: Mixing PlayerTeamMixin from arcade-utils.mixins.json into net.minecraft.world.scores.PlayerTeam
[13Mar2026 19:33:12.483] [pool-11-thread-1/DEBUG] [mixin/]: Mixing ArrowMixin from jahdoo.mixins.json into net.minecraft.world.entity.projectile.Arrow
[13Mar2026 19:33:12.484] [pool-11-thread-1/DEBUG] [mixin/]: jahdoo.mixins.json:ArrowMixin from mod jahdoo: Class version 65 required is higher than the class version supported by the current version of Mixin (JAVA_17 supports class version 61)
[13Mar2026 19:33:12.503] [pool-11-thread-1/DEBUG] [mixin/]: Mixing BeeGoalMixin from moonlight-common.mixins.json into net.minecraft.world.entity.animal.Bee$BeeGrowCropGoal
[13Mar2026 19:33:12.504] [pool-11-thread-1/DEBUG] [mixin/]: moonlight-common.mixins.json:BeeGoalMixin from mod moonlight: Class version 65 required is higher than the class version supported by the current version of Mixin (JAVA_17 supports class version 61)
[13Mar2026 19:33:12.511] [pool-11-thread-1/DEBUG] [mixin/]: moonlight-common.mixins.json:BeeGoalMixin from mod moonlight->@Inject::moonlight$tickBeeGrowable(Lorg/spongepowered/asm/mixin/injection/callback/CallbackInfo;ILnet/minecraft/core/BlockPos;Lnet/minecraft/world/level/block/state/BlockState;Lnet/minecraft/world/level/block/Block;Lnet/minecraft/world/level/block/state/BlockState;)V does use it's CallbackInfo
[13Mar2026 19:33:12.660] [pool-11-thread-1/DEBUG] [mixin/]: Mixing LightningEntityMixin from moonlight-common.mixins.json into net.minecraft.world.entity.LightningBolt
[13Mar2026 19:33:12.660] [pool-11-thread-1/DEBUG] [mixin/]: moonlight-common.mixins.json:LightningEntityMixin from mod moonlight: Class version 65 required is higher than the class version supported by the current version of Mixin (JAVA_17 supports class version 61)
[13Mar2026 19:33:12.662] [pool-11-thread-1/DEBUG] [mixin/]: moonlight-common.mixins.json:LightningEntityMixin from mod moonlight->@Inject::powerLightningRod(Lorg/spongepowered/asm/mixin/injection/callback/CallbackInfo;)V doesn't use it's CallbackInfo
[13Mar2026 19:33:12.662] [pool-11-thread-1/DEBUG] [mixin/]: moonlight-common.mixins.json:LightningEntityMixin from mod moonlight->@Inject::powerLightningRod(Lorg/spongepowered/asm/mixin/injection/callback/CallbackInfo;)V has 0 override(s) in child classes
[13Mar2026 19:33:12.662] [pool-11-thread-1/DEBUG] [mixin/]: moonlight-common.mixins.json:LightningEntityMixin from mod moonlight->@Inject::powerLightningRod(Lorg/spongepowered/asm/mixin/injection/callback/CallbackInfo;)V won't be passed a CallbackInfo as a result
[13Mar2026 19:33:12.701] [pool-11-thread-1/DEBUG] [mixin/]: Mixing ThrownPotionMixin from moonlight-common.mixins.json into net.minecraft.world.entity.projectile.ThrownPotion
[13Mar2026 19:33:12.701] [pool-11-thread-1/DEBUG] [mixin/]: moonlight-common.mixins.json:ThrownPotionMixin from mod moonlight: Class version 65 required is higher than the class version supported by the current version of Mixin (JAVA_17 supports class version 61)
[13Mar2026 19:33:12.703] [pool-11-thread-1/DEBUG] [mixin/]: moonlight-common.mixins.json:ThrownPotionMixin from mod moonlight->@Inject::moonlight$extinguishILightables(Lnet/minecraft/core/BlockPos;Lorg/spongepowered/asm/mixin/injection/callback/CallbackInfo;)V doesn't use it's CallbackInfo
[13Mar2026 19:33:12.703] [pool-11-thread-1/DEBUG] [mixin/]: moonlight-common.mixins.json:ThrownPotionMixin from mod moonlight->@Inject::moonlight$extinguishILightables(Lnet/minecraft/core/BlockPos;Lorg/spongepowered/asm/mixin/injection/callback/CallbackInfo;)V has 0 override(s) in child classes
[13Mar2026 19:33:12.703] [pool-11-thread-1/DEBUG] [mixin/]: moonlight-common.mixins.json:ThrownPotionMixin from mod moonlight->@Inject::moonlight$extinguishILightables(Lnet/minecraft/core/BlockPos;Lorg/spongepowered/asm/mixin/injection/callback/CallbackInfo;)V won't be passed a CallbackInfo as a result
[13Mar2026 19:33:12.751] [pool-11-thread-1/DEBUG] [mixin/]: Mixing VillagerMixin from moonlight-common.mixins.json into net.minecraft.world.entity.npc.Villager
[13Mar2026 19:33:12.751] [pool-11-thread-1/DEBUG] [mixin/]: moonlight-common.mixins.json:VillagerMixin from mod moonlight: Class version 65 required is higher than the class version supported by the current version of Mixin (JAVA_17 supports class version 61)
[13Mar2026 19:33:12.752] [pool-11-thread-1/DEBUG] [mixin/]: moonlight-common.mixins.json:VillagerMixin from mod moonlight->@Inject::reg(Lnet/minecraft/world/entity/ai/Brain;Lorg/spongepowered/asm/mixin/injection/callback/CallbackInfo;)V doesn't use it's CallbackInfo
[13Mar2026 19:33:12.752] [pool-11-thread-1/DEBUG] [mixin/]: moonlight-common.mixins.json:VillagerMixin from mod moonlight->@Inject::reg(Lnet/minecraft/world/entity/ai/Brain;Lorg/spongepowered/asm/mixin/injection/callback/CallbackInfo;)V has 0 override(s) in child classes
[13Mar2026 19:33:12.753] [pool-11-thread-1/DEBUG] [mixin/]: moonlight-common.mixins.json:VillagerMixin from mod moonlight->@Inject::reg(Lnet/minecraft/world/entity/ai/Brain;Lorg/spongepowered/asm/mixin/injection/callback/CallbackInfo;)V won't be passed a CallbackInfo as a result
[13Mar2026 19:33:13.295] [pool-11-thread-1/DEBUG] [mixin/]: Mixing accessor.StructureProcessorAccessor from cataclysm.mixins.json into net.minecraft.world.level.levelgen.structure.templatesystem.StructureProcessor
[13Mar2026 19:33:13.295] [pool-11-thread-1/DEBUG] [mixin/]: cataclysm.mixins.json:accessor.StructureProcessorAccessor from mod cataclysm: Class version 65 required is higher than the class version supported by the current version of Mixin (JAVA_17 supports class version 61)
[13Mar2026 19:33:13.371] [pool-11-thread-1/DEBUG] [mixin/]: Mixing MixinInventory from curios.neoforge.mixins.json into net.minecraft.world.entity.player.Inventory
[13Mar2026 19:33:13.371] [pool-11-thread-1/DEBUG] [mixin/]: Mixing InventoryMixin from moonlight-common.mixins.json into net.minecraft.world.entity.player.Inventory
[13Mar2026 19:33:13.372] [pool-11-thread-1/DEBUG] [mixin/]: moonlight-common.mixins.json:InventoryMixin from mod moonlight: Class version 65 required is higher than the class version supported by the current version of Mixin (JAVA_17 supports class version 61)
[13Mar2026 19:33:13.375] [pool-11-thread-1/DEBUG] [mixin/]: curios.neoforge.mixins.json:MixinInventory from mod curios->@Inject::curios$containsStack(Lnet/minecraft/world/item/ItemStack;Lorg/spongepowered/asm/mixin/injection/callback/CallbackInfoReturnable;)V does use it's CallbackInfoReturnable
[13Mar2026 19:33:13.375] [pool-11-thread-1/DEBUG] [mixin/]: curios.neoforge.mixins.json:MixinInventory from mod curios->@Inject::curios$containsTag(Lnet/minecraft/tags/TagKey;Lorg/spongepowered/asm/mixin/injection/callback/CallbackInfoReturnable;)V does use it's CallbackInfoReturnable
[13Mar2026 19:33:13.375] [pool-11-thread-1/DEBUG] [mixin/]: curios.neoforge.mixins.json:MixinInventory from mod curios->@Inject::curios$contains(Ljava/util/function/Predicate;Lorg/spongepowered/asm/mixin/injection/callback/CallbackInfoReturnable;)V does use it's CallbackInfoReturnable
[13Mar2026 19:33:13.375] [pool-11-thread-1/DEBUG] [mixin/]: curios.neoforge.mixins.json:MixinInventory from mod curios->@Inject::curios$hasAnyMatching(Ljava/util/function/Predicate;Lorg/spongepowered/asm/mixin/injection/callback/CallbackInfoReturnable;)V does use it's CallbackInfoReturnable
[13Mar2026 19:33:13.375] [pool-11-thread-1/DEBUG] [mixin/]: moonlight-common.mixins.json:InventoryMixin from mod moonlight->@Inject::ml$fireDropEvent(Lorg/spongepowered/asm/mixin/injection/callback/CallbackInfo;Ljava/util/Iterator;Ljava/util/List;I)V doesn't use it's CallbackInfo
[13Mar2026 19:33:13.375] [pool-11-thread-1/DEBUG] [mixin/]: moonlight-common.mixins.json:InventoryMixin from mod moonlight->@Inject::ml$fireDropEvent(Lorg/spongepowered/asm/mixin/injection/callback/CallbackInfo;Ljava/util/Iterator;Ljava/util/List;I)V has 0 override(s) in child classes
[13Mar2026 19:33:13.375] [pool-11-thread-1/DEBUG] [mixin/]: moonlight-common.mixins.json:InventoryMixin from mod moonlight->@Inject::ml$fireDropEvent(Lorg/spongepowered/asm/mixin/injection/callback/CallbackInfo;Ljava/util/Iterator;Ljava/util/List;I)V won't be passed a CallbackInfo as a result
[13Mar2026 19:33:13.376] [pool-11-thread-1/DEBUG] [mixin/]: moonlight-common.mixins.json:InventoryMixin from mod moonlight->@Inject::ml$restoreNotDropped(Lorg/spongepowered/asm/mixin/injection/callback/CallbackInfo;Ljava/util/Iterator;Ljava/util/List;I)V doesn't use it's CallbackInfo
[13Mar2026 19:33:13.376] [pool-11-thread-1/DEBUG] [mixin/]: moonlight-common.mixins.json:InventoryMixin from mod moonlight->@Inject::ml$restoreNotDropped(Lorg/spongepowered/asm/mixin/injection/callback/CallbackInfo;Ljava/util/Iterator;Ljava/util/List;I)V has 0 override(s) in child classes
[13Mar2026 19:33:13.376] [pool-11-thread-1/DEBUG] [mixin/]: moonlight-common.mixins.json:InventoryMixin from mod moonlight->@Inject::ml$restoreNotDropped(Lorg/spongepowered/asm/mixin/injection/callback/CallbackInfo;Ljava/util/Iterator;Ljava/util/List;I)V won't be passed a CallbackInfo as a result
[13Mar2026 19:33:13.382] [pool-11-thread-1/DEBUG] [mixin/]: Mixing SlotAccessor from balm.neoforge.mixins.json into net.minecraft.world.inventory.Slot
[13Mar2026 19:33:13.393] [pool-11-thread-1/DEBUG] [mixin/]: Mixing GrindstoneMenuSlotMixin from moonlight-common.mixins.json into net.minecraft.world.inventory.GrindstoneMenu$4
[13Mar2026 19:33:13.393] [pool-11-thread-1/DEBUG] [mixin/]: moonlight-common.mixins.json:GrindstoneMenuSlotMixin from mod moonlight: Class version 65 required is higher than the class version supported by the current version of Mixin (JAVA_17 supports class version 61)
[13Mar2026 19:33:13.394] [pool-11-thread-1/DEBUG] [mixin/]: moonlight-common.mixins.json:GrindstoneMenuSlotMixin from mod moonlight->@Inject::onTake(Lnet/minecraft/world/entity/player/Player;Lnet/minecraft/world/item/ItemStack;Lorg/spongepowered/asm/mixin/injection/callback/CallbackInfo;)V doesn't use it's CallbackInfo
[13Mar2026 19:33:13.394] [pool-11-thread-1/DEBUG] [mixin/]: moonlight-common.mixins.json:GrindstoneMenuSlotMixin from mod moonlight->@Inject::onTake(Lnet/minecraft/world/entity/player/Player;Lnet/minecraft/world/item/ItemStack;Lorg/spongepowered/asm/mixin/injection/callback/CallbackInfo;)V has 0 override(s) in child classes
[13Mar2026 19:33:13.394] [pool-11-thread-1/DEBUG] [mixin/]: moonlight-common.mixins.json:GrindstoneMenuSlotMixin from mod moonlight->@Inject::onTake(Lnet/minecraft/world/entity/player/Player;Lnet/minecraft/world/item/ItemStack;Lorg/spongepowered/asm/mixin/injection/callback/CallbackInfo;)V won't be passed a CallbackInfo as a result
[13Mar2026 19:33:13.676] [pool-11-thread-1/DEBUG] [mixin/]: Mixing MixinEnchantedCountIncreaseFunction from curios.neoforge.mixins.json into net.minecraft.world.level.storage.loot.functions.EnchantedCountIncreaseFunction
[13Mar2026 19:33:13.743] [pool-11-thread-1/DEBUG] [mixin/]: Mixing MixinApplyBonusCount from curios.neoforge.mixins.json into net.minecraft.world.level.storage.loot.functions.ApplyBonusCount
[13Mar2026 19:33:13.833] [pool-11-thread-1/DEBUG] [mixin/]: Mixing LootTableMixin from balm.neoforge.mixins.json into net.minecraft.world.level.storage.loot.LootTable
[13Mar2026 19:33:13.834] [pool-11-thread-1/DEBUG] [mixin/]: balm.neoforge.mixins.json:LootTableMixin from mod balm->@Inject::getRandomItems(Lnet/minecraft/world/level/storage/loot/LootContext;Lorg/spongepowered/asm/mixin/injection/callback/CallbackInfoReturnable;)V does use it's CallbackInfoReturnable
[13Mar2026 19:33:14.042] [pool-11-thread-1/DEBUG] [mixin/]: Mixing NoMultifaceGrowthFeatureInStructuresMixin from cataclysm.mixins.json into net.minecraft.world.level.levelgen.feature.MultifaceGrowthFeature
[13Mar2026 19:33:14.043] [pool-11-thread-1/DEBUG] [mixin/]: cataclysm.mixins.json:NoMultifaceGrowthFeatureInStructuresMixin from mod cataclysm: Class version 65 required is higher than the class version supported by the current version of Mixin (JAVA_17 supports class version 61)
[13Mar2026 19:33:14.045] [pool-11-thread-1/DEBUG] [mixin/]: cataclysm.mixins.json:NoMultifaceGrowthFeatureInStructuresMixin from mod cataclysm->@Inject::cataclysm_noOreInStructures(Lnet/minecraft/world/level/levelgen/feature/FeaturePlaceContext;Lorg/spongepowered/asm/mixin/injection/callback/CallbackInfoReturnable;)V does use it's CallbackInfoReturnable
[13Mar2026 19:33:14.046] [pool-11-thread-1/DEBUG] [mixin/]: Mixing NoMagmaBlockInStructuresMixin from cataclysm.mixins.json into net.minecraft.world.level.levelgen.feature.UnderwaterMagmaFeature
[13Mar2026 19:33:14.046] [pool-11-thread-1/DEBUG] [mixin/]: cataclysm.mixins.json:NoMagmaBlockInStructuresMixin from mod cataclysm: Class version 65 required is higher than the class version supported by the current version of Mixin (JAVA_17 supports class version 61)
[13Mar2026 19:33:14.047] [pool-11-thread-1/DEBUG] [mixin/]: cataclysm.mixins.json:NoMagmaBlockInStructuresMixin from mod cataclysm->@Inject::cataclysm_noMagmablockInStructures(Lnet/minecraft/world/level/levelgen/feature/FeaturePlaceContext;Lorg/spongepowered/asm/mixin/injection/callback/CallbackInfoReturnable;)V does use it's CallbackInfoReturnable
[13Mar2026 19:33:14.050] [pool-11-thread-1/DEBUG] [mixin/]: Mixing NoLakesInStructuresMixin from cataclysm.mixins.json into net.minecraft.world.level.levelgen.feature.LakeFeature
[13Mar2026 19:33:14.050] [pool-11-thread-1/DEBUG] [mixin/]: cataclysm.mixins.json:NoLakesInStructuresMixin from mod cataclysm: Class version 65 required is higher than the class version supported by the current version of Mixin (JAVA_17 supports class version 61)
[13Mar2026 19:33:14.052] [pool-11-thread-1/DEBUG] [mixin/]: cataclysm.mixins.json:NoLakesInStructuresMixin from mod cataclysm->@Inject::cataclysm_noLakesInStructures(Lnet/minecraft/world/level/levelgen/feature/FeaturePlaceContext;Lorg/spongepowered/asm/mixin/injection/callback/CallbackInfoReturnable;)V does use it's CallbackInfoReturnable
[13Mar2026 19:33:14.053] [pool-11-thread-1/DEBUG] [mixin/]: Mixing NoOreInStructuresMixin from cataclysm.mixins.json into net.minecraft.world.level.levelgen.feature.OreFeature
[13Mar2026 19:33:14.053] [pool-11-thread-1/DEBUG] [mixin/]: cataclysm.mixins.json:NoOreInStructuresMixin from mod cataclysm: Class version 65 required is higher than the class version supported by the current version of Mixin (JAVA_17 supports class version 61)
[13Mar2026 19:33:14.061] [pool-11-thread-1/DEBUG] [mixin/]: cataclysm.mixins.json:NoOreInStructuresMixin from mod cataclysm->@Inject::cataclysm_noOreInStructures(Lnet/minecraft/world/level/levelgen/feature/FeaturePlaceContext;Lorg/spongepowered/asm/mixin/injection/callback/CallbackInfoReturnable;)V does use it's CallbackInfoReturnable
[13Mar2026 19:33:14.068] [pool-11-thread-1/DEBUG] [mixin/]: Mixing NoBasaltColumnsInStructuresMixin from cataclysm.mixins.json into net.minecraft.world.level.levelgen.feature.BasaltColumnsFeature
[13Mar2026 19:33:14.068] [pool-11-thread-1/DEBUG] [mixin/]: cataclysm.mixins.json:NoBasaltColumnsInStructuresMixin from mod cataclysm: Class version 65 required is higher than the class version supported by the current version of Mixin (JAVA_17 supports class version 61)
[13Mar2026 19:33:14.069] [pool-11-thread-1/DEBUG] [mixin/]: cataclysm.mixins.json:NoBasaltColumnsInStructuresMixin from mod cataclysm->@Inject::cataclysm_noBasaltColumnsInStructures(Lnet/minecraft/world/level/LevelAccessor;ILnet/minecraft/core/BlockPos$MutableBlockPos;Lorg/spongepowered/asm/mixin/injection/callback/CallbackInfoReturnable;)V does use it's CallbackInfoReturnable
[13Mar2026 19:33:14.070] [pool-11-thread-1/DEBUG] [mixin/]: Mixing NoDeltasInStructuresMixin from cataclysm.mixins.json into net.minecraft.world.level.levelgen.feature.DeltaFeature
[13Mar2026 19:33:14.070] [pool-11-thread-1/DEBUG] [mixin/]: cataclysm.mixins.json:NoDeltasInStructuresMixin from mod cataclysm: Class version 65 required is higher than the class version supported by the current version of Mixin (JAVA_17 supports class version 61)
[13Mar2026 19:33:14.072] [pool-11-thread-1/DEBUG] [mixin/]: cataclysm.mixins.json:NoDeltasInStructuresMixin from mod cataclysm->@Inject::cataclysm_noDeltasInStructures(Lnet/minecraft/world/level/levelgen/feature/FeaturePlaceContext;Lorg/spongepowered/asm/mixin/injection/callback/CallbackInfoReturnable;)V does use it's CallbackInfoReturnable
[13Mar2026 19:33:14.074] [pool-11-thread-1/DEBUG] [mixin/]: Mixing NoGeodeInStructuresMixin from cataclysm.mixins.json into net.minecraft.world.level.levelgen.feature.GeodeFeature
[13Mar2026 19:33:14.075] [pool-11-thread-1/DEBUG] [mixin/]: cataclysm.mixins.json:NoGeodeInStructuresMixin from mod cataclysm: Class version 65 required is higher than the class version supported by the current version of Mixin (JAVA_17 supports class version 61)
[13Mar2026 19:33:14.076] [pool-11-thread-1/DEBUG] [mixin/]: cataclysm.mixins.json:NoGeodeInStructuresMixin from mod cataclysm->@Inject::cataclysm_noGeodeInStructures(Lnet/minecraft/world/level/levelgen/feature/FeaturePlaceContext;Lorg/spongepowered/asm/mixin/injection/callback/CallbackInfoReturnable;)V does use it's CallbackInfoReturnable
[13Mar2026 19:33:14.134] [pool-11-thread-1/DEBUG] [mixin/]: Mixing JigsawReplacementProcessorMixin from moonlight-common.mixins.json into net.minecraft.world.level.levelgen.structure.templatesystem.JigsawReplacementProcessor
[13Mar2026 19:33:14.134] [pool-11-thread-1/DEBUG] [mixin/]: moonlight-common.mixins.json:JigsawReplacementProcessorMixin from mod moonlight: Class version 65 required is higher than the class version supported by the current version of Mixin (JAVA_17 supports class version 61)
[13Mar2026 19:33:14.353] [pool-11-thread-1/DEBUG] [mixin/]: Mixing TemplateStructurePieceMixin from moonlight-common.mixins.json into net.minecraft.world.level.levelgen.structure.TemplateStructurePiece
[13Mar2026 19:33:14.355] [pool-11-thread-1/DEBUG] [mixin/]: moonlight-common.mixins.json:TemplateStructurePieceMixin from mod moonlight: Class version 65 required is higher than the class version supported by the current version of Mixin (JAVA_17 supports class version 61)
[13Mar2026 19:33:14.361] [pool-11-thread-1/DEBUG] [mixin/]: moonlight-common.mixins.json:TemplateStructurePieceMixin from mod moonlight->@Inject::ml$processBoxes(Lnet/minecraft/world/level/WorldGenLevel;Lnet/minecraft/world/level/StructureManager;Lnet/minecraft/world/level/chunk/ChunkGenerator;Lnet/minecraft/util/RandomSource;Lnet/minecraft/world/level/levelgen/structure/BoundingBox;Lnet/minecraft/world/level/ChunkPos;Lnet/minecraft/core/BlockPos;Lorg/spongepowered/asm/mixin/injection/callback/CallbackInfo;)V doesn't use it's CallbackInfo
[13Mar2026 19:33:14.361] [pool-11-thread-1/DEBUG] [mixin/]: moonlight-common.mixins.json:TemplateStructurePieceMixin from mod moonlight->@Inject::ml$processBoxes(Lnet/minecraft/world/level/WorldGenLevel;Lnet/minecraft/world/level/StructureManager;Lnet/minecraft/world/level/chunk/ChunkGenerator;Lnet/minecraft/util/RandomSource;Lnet/minecraft/world/level/levelgen/structure/BoundingBox;Lnet/minecraft/world/level/ChunkPos;Lnet/minecraft/core/BlockPos;Lorg/spongepowered/asm/mixin/injection/callback/CallbackInfo;)V has 0 override(s) in child classes
[13Mar2026 19:33:14.361] [pool-11-thread-1/DEBUG] [mixin/]: moonlight-common.mixins.json:TemplateStructurePieceMixin from mod moonlight->@Inject::ml$processBoxes(Lnet/minecraft/world/level/WorldGenLevel;Lnet/minecraft/world/level/StructureManager;Lnet/minecraft/world/level/chunk/ChunkGenerator;Lnet/minecraft/util/RandomSource;Lnet/minecraft/world/level/levelgen/structure/BoundingBox;Lnet/minecraft/world/level/ChunkPos;Lnet/minecraft/core/BlockPos;Lorg/spongepowered/asm/mixin/injection/callback/CallbackInfo;)V won't be passed a CallbackInfo as a result
[13Mar2026 19:33:14.412] [pool-11-thread-1/DEBUG] [mixin/]: Mixing JigsawStructureMixin from moonlight-common.mixins.json into net.minecraft.world.level.levelgen.structure.structures.JigsawStructure
[13Mar2026 19:33:14.413] [pool-11-thread-1/DEBUG] [mixin/]: moonlight-common.mixins.json:JigsawStructureMixin from mod moonlight: Class version 65 required is higher than the class version supported by the current version of Mixin (JAVA_17 supports class version 61)
[13Mar2026 19:33:14.422] [pool-11-thread-1/DEBUG] [mixin/]: Mixing accessor.StructureTemplatePoolAccessor from cataclysm.mixins.json into net.minecraft.world.level.levelgen.structure.pools.StructureTemplatePool
[13Mar2026 19:33:14.422] [pool-11-thread-1/DEBUG] [mixin/]: cataclysm.mixins.json:accessor.StructureTemplatePoolAccessor from mod cataclysm: Class version 65 required is higher than the class version supported by the current version of Mixin (JAVA_17 supports class version 61)
[13Mar2026 19:33:14.422] [pool-11-thread-1/DEBUG] [mixin/]: Mixing StructureTemplatePoolAccessor from waystones.mixins.json into net.minecraft.world.level.levelgen.structure.pools.StructureTemplatePool
[13Mar2026 19:33:14.422] [pool-11-thread-1/DEBUG] [mixin/]: waystones.mixins.json:StructureTemplatePoolAccessor from mod waystones: Class version 65 required is higher than the class version supported by the current version of Mixin (JAVA_17 supports class version 61)
[13Mar2026 19:33:14.423] [pool-11-thread-1/DEBUG] [mixin/]: Unexpected: Registered method getRawTemplates()Ljava/util/List; in net.minecraft.world.level.levelgen.structure.pools.StructureTemplatePool was not merged
[13Mar2026 19:33:14.648] [pool-11-thread-1/DEBUG] [mixin/]: Mixing ChunkGeneratorMixin from moonlight-common.mixins.json into net.minecraft.world.level.chunk.ChunkGenerator
[13Mar2026 19:33:14.648] [pool-11-thread-1/DEBUG] [mixin/]: moonlight-common.mixins.json:ChunkGeneratorMixin from mod moonlight: Class version 65 required is higher than the class version supported by the current version of Mixin (JAVA_17 supports class version 61)
[13Mar2026 19:33:14.651] [pool-11-thread-1/DEBUG] [mixin/]: moonlight-common.mixins.json:ChunkGeneratorMixin from mod moonlight->@Inject::ml$getSpecialSpawnsOverrides(Lnet/minecraft/core/Holder;Lnet/minecraft/world/level/StructureManager;Lnet/minecraft/world/entity/MobCategory;Lnet/minecraft/core/BlockPos;Lorg/spongepowered/asm/mixin/injection/callback/CallbackInfoReturnable;)V does use it's CallbackInfoReturnable
[13Mar2026 19:33:14.758] [pool-11-thread-1/DEBUG] [mixin/]: Mixing accessor.SinglePoolElementAccessor from cataclysm.mixins.json into net.minecraft.world.level.levelgen.structure.pools.SinglePoolElement
[13Mar2026 19:33:14.758] [pool-11-thread-1/DEBUG] [mixin/]: cataclysm.mixins.json:accessor.SinglePoolElementAccessor from mod cataclysm: Class version 65 required is higher than the class version supported by the current version of Mixin (JAVA_17 supports class version 61)
[13Mar2026 19:33:14.758] [pool-11-thread-1/DEBUG] [mixin/]: Mixing SinglePoolElementMixin from waystones.mixins.json into net.minecraft.world.level.levelgen.structure.pools.SinglePoolElement
[13Mar2026 19:33:14.758] [pool-11-thread-1/DEBUG] [mixin/]: waystones.mixins.json:SinglePoolElementMixin from mod waystones: Class version 65 required is higher than the class version supported by the current version of Mixin (JAVA_17 supports class version 61)
[13Mar2026 19:33:14.759] [pool-11-thread-1/DEBUG] [mixin/]: Renaming synthetic method lambda$waystones$isWaystone$1(Lnet/minecraft/world/level/levelgen/structure/templatesystem/StructureTemplate;)V to mdd6ddab$waystones$lambda$waystones$isWaystone$1$0 in waystones.mixins.json:SinglePoolElementMixin from mod waystones
[13Mar2026 19:33:14.759] [pool-11-thread-1/DEBUG] [mixin/]: Renaming synthetic method lambda$waystones$isWaystone$0(Lnet/minecraft/resources/ResourceLocation;)V to mdd6ddab$waystones$lambda$waystones$isWaystone$0$1 in waystones.mixins.json:SinglePoolElementMixin from mod waystones
[13Mar2026 19:33:14.762] [pool-11-thread-1/DEBUG] [mixin/]: waystones.mixins.json:SinglePoolElementMixin from mod waystones->@Inject::place(Lnet/minecraft/world/level/levelgen/structure/templatesystem/StructureTemplateManager;Lnet/minecraft/world/level/WorldGenLevel;Lnet/minecraft/world/level/StructureManager;Lnet/minecraft/world/level/chunk/ChunkGenerator;Lnet/minecraft/core/BlockPos;Lnet/minecraft/core/BlockPos;Lnet/minecraft/world/level/block/Rotation;Lnet/minecraft/world/level/levelgen/structure/BoundingBox;Lnet/minecraft/util/RandomSource;Lnet/minecraft/world/level/levelgen/structure/templatesystem/LiquidSettings;ZLorg/spongepowered/asm/mixin/injection/callback/CallbackInfoReturnable;)V does use it's CallbackInfoReturnable
[13Mar2026 19:33:14.770] [pool-11-thread-1/DEBUG] [mixin/]: Mixing accessor.ListPoolElementAccessor from cataclysm.mixins.json into net.minecraft.world.level.levelgen.structure.pools.ListPoolElement
[13Mar2026 19:33:14.771] [pool-11-thread-1/DEBUG] [mixin/]: cataclysm.mixins.json:accessor.ListPoolElementAccessor from mod cataclysm: Class version 65 required is higher than the class version supported by the current version of Mixin (JAVA_17 supports class version 61)
[13Mar2026 19:33:14.773] [pool-11-thread-1/DEBUG] [mixin/]: Mixing accessor.FeaturePoolElementAccessor from cataclysm.mixins.json into net.minecraft.world.level.levelgen.structure.pools.FeaturePoolElement
[13Mar2026 19:33:14.773] [pool-11-thread-1/DEBUG] [mixin/]: cataclysm.mixins.json:accessor.FeaturePoolElementAccessor from mod cataclysm: Class version 65 required is higher than the class version supported by the current version of Mixin (JAVA_17 supports class version 61)
[13Mar2026 19:33:15.088] [main/DEBUG] [mixin/]: Mixing MinecraftServerMixin from moonlight.mixins.json into net.minecraft.server.MinecraftServer
[13Mar2026 19:33:15.089] [main/DEBUG] [mixin/]: moonlight.mixins.json:MinecraftServerMixin from mod moonlight: Class version 65 required is higher than the class version supported by the current version of Mixin (JAVA_17 supports class version 61)
[13Mar2026 19:33:15.090] [main/DEBUG] [mixin/]: Mixing level.MinecraftServerAccessor from arcade-dimensions.mixins.json into net.minecraft.server.MinecraftServer
[13Mar2026 19:33:15.090] [main/DEBUG] [mixin/]: Mixing level.MinecraftServerMixin from arcade-dimensions.mixins.json into net.minecraft.server.MinecraftServer
[13Mar2026 19:33:15.092] [main/DEBUG] [mixin/]: Mixing save.MinecraftServerMixin from arcade-dimensions.mixins.json into net.minecraft.server.MinecraftServer
[13Mar2026 19:33:15.093] [main/DEBUG] [mixin/]: Mixing MinecraftServerMixin from balm.neoforge.mixins.json into net.minecraft.server.MinecraftServer
[13Mar2026 19:33:15.093] [main/DEBUG] [mixin/]: Renaming synthetic method lambda$reloadResources$0(Ljava/lang/Void;)V to mdd6ddab$balm$lambda$reloadResources$0$0 in balm.neoforge.mixins.json:MinecraftServerMixin from mod balm
[13Mar2026 19:33:15.095] [main/DEBUG] [mixin/]: Mixing MinecraftServerMixin from arcade-utils.mixins.json into net.minecraft.server.MinecraftServer
[13Mar2026 19:33:15.104] [main/DEBUG] [mixin/]: moonlight.mixins.json:MinecraftServerMixin from mod moonlight->@Inject::moonlight$serverDynamicPackEarlyReload(Lcom/google/common/collect/ImmutableList;Lorg/spongepowered/asm/mixin/injection/callback/CallbackInfoReturnable;)V doesn't use it's CallbackInfoReturnable
[13Mar2026 19:33:15.104] [main/DEBUG] [mixin/]: moonlight.mixins.json:MinecraftServerMixin from mod moonlight->@Inject::moonlight$serverDynamicPackEarlyReload(Lcom/google/common/collect/ImmutableList;Lorg/spongepowered/asm/mixin/injection/callback/CallbackInfoReturnable;)V has 0 override(s) in child classes
[13Mar2026 19:33:15.104] [main/DEBUG] [mixin/]: moonlight.mixins.json:MinecraftServerMixin from mod moonlight->@Inject::moonlight$serverDynamicPackEarlyReload(Lcom/google/common/collect/ImmutableList;Lorg/spongepowered/asm/mixin/injection/callback/CallbackInfoReturnable;)V won't be passed a CallbackInfoReturnable as a result
[13Mar2026 19:33:15.104] [main/DEBUG] [mixin/]: arcade-dimensions.mixins.json:level.MinecraftServerMixin from mod arcade->@Inject::afterCreateVanillaLevels(Lorg/spongepowered/asm/mixin/injection/callback/CallbackInfo;)V doesn't use it's CallbackInfo
[13Mar2026 19:33:15.104] [main/DEBUG] [mixin/]: arcade-dimensions.mixins.json:level.MinecraftServerMixin from mod arcade->@Inject::afterCreateVanillaLevels(Lorg/spongepowered/asm/mixin/injection/callback/CallbackInfo;)V has 0 override(s) in child classes
[13Mar2026 19:33:15.104] [main/DEBUG] [mixin/]: arcade-dimensions.mixins.json:level.MinecraftServerMixin from mod arcade->@Inject::afterCreateVanillaLevels(Lorg/spongepowered/asm/mixin/injection/callback/CallbackInfo;)V won't be passed a CallbackInfo as a result
[13Mar2026 19:33:15.105] [main/DEBUG] [mixin/]: arcade-dimensions.mixins.json:level.MinecraftServerMixin from mod arcade->@Inject::afterSaveAllChunks(Lorg/spongepowered/asm/mixin/injection/callback/CallbackInfo;)V doesn't use it's CallbackInfo
[13Mar2026 19:33:15.105] [main/DEBUG] [mixin/]: arcade-dimensions.mixins.json:level.MinecraftServerMixin from mod arcade->@Inject::afterSaveAllChunks(Lorg/spongepowered/asm/mixin/injection/callback/CallbackInfo;)V has 0 override(s) in child classes
[13Mar2026 19:33:15.105] [main/DEBUG] [mixin/]: arcade-dimensions.mixins.json:level.MinecraftServerMixin from mod arcade->@Inject::afterSaveAllChunks(Lorg/spongepowered/asm/mixin/injection/callback/CallbackInfo;)V won't be passed a CallbackInfo as a result
[13Mar2026 19:33:15.105] [main/DEBUG] [mixin/]: arcade-dimensions.mixins.json:save.MinecraftServerMixin from mod arcade->@Inject::onSaveAllChunks(ZZZLorg/spongepowered/asm/mixin/injection/callback/CallbackInfoReturnable;)V doesn't use it's CallbackInfoReturnable
[13Mar2026 19:33:15.105] [main/DEBUG] [mixin/]: arcade-dimensions.mixins.json:save.MinecraftServerMixin from mod arcade->@Inject::onSaveAllChunks(ZZZLorg/spongepowered/asm/mixin/injection/callback/CallbackInfoReturnable;)V has 0 override(s) in child classes
[13Mar2026 19:33:15.105] [main/DEBUG] [mixin/]: arcade-dimensions.mixins.json:save.MinecraftServerMixin from mod arcade->@Inject::onSaveAllChunks(ZZZLorg/spongepowered/asm/mixin/injection/callback/CallbackInfoReturnable;)V won't be passed a CallbackInfoReturnable as a result
[13Mar2026 19:33:15.105] [main/DEBUG] [mixin/]: balm.neoforge.mixins.json:MinecraftServerMixin from mod balm->@Inject::reloadResources(Ljava/util/Collection;Lorg/spongepowered/asm/mixin/injection/callback/CallbackInfoReturnable;)V does use it's CallbackInfoReturnable
[13Mar2026 19:33:15.105] [main/DEBUG] [mixin/]: arcade-utils.mixins.json:MinecraftServerMixin from mod arcade->@Inject::onCreateServerInstance(Lorg/spongepowered/asm/mixin/injection/callback/CallbackInfo;)V doesn't use it's CallbackInfo
[13Mar2026 19:33:15.105] [main/DEBUG] [mixin/]: arcade-utils.mixins.json:MinecraftServerMixin from mod arcade->@Inject::onCreateServerInstance(Lorg/spongepowered/asm/mixin/injection/callback/CallbackInfo;)V has 0 override(s) in child classes
[13Mar2026 19:33:15.105] [main/DEBUG] [mixin/]: arcade-utils.mixins.json:MinecraftServerMixin from mod arcade->@Inject::onCreateServerInstance(Lorg/spongepowered/asm/mixin/injection/callback/CallbackInfo;)V won't be passed a CallbackInfo as a result
[13Mar2026 19:33:15.176] [main/DEBUG] [mixin/]: Mixing MapDataMixin from moonlight-common.mixins.json into net.minecraft.world.level.saveddata.maps.MapItemSavedData
[13Mar2026 19:33:15.176] [main/DEBUG] [mixin/]: moonlight-common.mixins.json:MapDataMixin from mod moonlight: Class version 65 required is higher than the class version supported by the current version of Mixin (JAVA_17 supports class version 61)
[13Mar2026 19:33:15.177] [main/DEBUG] [mixin/]: Renaming synthetic method lambda$save$5(Lnet/minecraft/nbt/CompoundTag;Lnet/minecraft/core/HolderLookup$Provider;Lnet/mehvahdjukaar/moonlight/api/map/CustomMapData$Type;Lnet/mehvahdjukaar/moonlight/api/map/CustomMapData;)V to mdd6ddab$moonlight$lambda$save$5$0 in moonlight-common.mixins.json:MapDataMixin from mod moonlight
[13Mar2026 19:33:15.177] [main/DEBUG] [mixin/]: Renaming synthetic method lambda$load$4(Lnet/minecraft/nbt/CompoundTag;Lnet/minecraft/core/HolderLookup$Provider;Lnet/mehvahdjukaar/moonlight/api/map/CustomMapData;)V to mdd6ddab$moonlight$lambda$load$4$1 in moonlight-common.mixins.json:MapDataMixin from mod moonlight
[13Mar2026 19:33:15.177] [main/DEBUG] [mixin/]: Renaming synthetic method lambda$load$3(Lnet/mehvahdjukaar/moonlight/api/map/ExpandedMapData;Lnet/mehvahdjukaar/moonlight/api/map/decoration/MLMapMarker;)V to mdd6ddab$moonlight$lambda$load$3$2 in moonlight-common.mixins.json:MapDataMixin from mod moonlight
[13Mar2026 19:33:15.177] [main/DEBUG] [mixin/]: Renaming synthetic method lambda$load$2(Ljava/lang/String;)V to mdd6ddab$moonlight$lambda$load$2$3 in moonlight-common.mixins.json:MapDataMixin from mod moonlight
[13Mar2026 19:33:15.177] [main/DEBUG] [mixin/]: Renaming synthetic method lambda$ml$setCustomDataDirty$1(Lnet/mehvahdjukaar/moonlight/api/map/CustomMapData$Type;Ljava/util/function/Consumer;Lnet/minecraft/world/level/saveddata/maps/MapItemSavedData$HoldingPlayer;)V to mdd6ddab$moonlight$lambda$ml$setCustomDataDirty$1$4 in moonlight-common.mixins.json:MapDataMixin from mod moonlight
[13Mar2026 19:33:15.177] [main/DEBUG] [mixin/]: Renaming synthetic method lambda$ml$setCustomDecorationsDirty$0(Lnet/minecraft/world/level/saveddata/maps/MapItemSavedData$HoldingPlayer;)V to mdd6ddab$moonlight$lambda$ml$setCustomDecorationsDirty$0$5 in moonlight-common.mixins.json:MapDataMixin from mod moonlight
[13Mar2026 19:33:15.203] [main/DEBUG] [mixin/]: moonlight-common.mixins.json:MapDataMixin from mod moonlight->@Inject::locked(Lorg/spongepowered/asm/mixin/injection/callback/CallbackInfoReturnable;)V does use it's CallbackInfoReturnable
[13Mar2026 19:33:15.203] [main/DEBUG] [mixin/]: moonlight-common.mixins.json:MapDataMixin from mod moonlight->@Inject::scaled(Lorg/spongepowered/asm/mixin/injection/callback/CallbackInfoReturnable;)V does use it's CallbackInfoReturnable
[13Mar2026 19:33:15.203] [main/DEBUG] [mixin/]: moonlight-common.mixins.json:MapDataMixin from mod moonlight->@Inject::tickCarriedBy(Lnet/minecraft/world/entity/player/Player;Lnet/minecraft/world/item/ItemStack;Lorg/spongepowered/asm/mixin/injection/callback/CallbackInfo;)V doesn't use it's CallbackInfo
[13Mar2026 19:33:15.203] [main/DEBUG] [mixin/]: moonlight-common.mixins.json:MapDataMixin from mod moonlight->@Inject::tickCarriedBy(Lnet/minecraft/world/entity/player/Player;Lnet/minecraft/world/item/ItemStack;Lorg/spongepowered/asm/mixin/injection/callback/CallbackInfo;)V has 0 override(s) in child classes
[13Mar2026 19:33:15.203] [main/DEBUG] [mixin/]: moonlight-common.mixins.json:MapDataMixin from mod moonlight->@Inject::tickCarriedBy(Lnet/minecraft/world/entity/player/Player;Lnet/minecraft/world/item/ItemStack;Lorg/spongepowered/asm/mixin/injection/callback/CallbackInfo;)V won't be passed a CallbackInfo as a result
[13Mar2026 19:33:15.203] [main/DEBUG] [mixin/]: moonlight-common.mixins.json:MapDataMixin from mod moonlight->@Inject::load(Lnet/minecraft/nbt/CompoundTag;Lnet/minecraft/core/HolderLookup$Provider;Lorg/spongepowered/asm/mixin/injection/callback/CallbackInfoReturnable;)V does use it's CallbackInfoReturnable
[13Mar2026 19:33:15.203] [main/DEBUG] [mixin/]: moonlight-common.mixins.json:MapDataMixin from mod moonlight->@Inject::save(Lnet/minecraft/nbt/CompoundTag;Lnet/minecraft/core/HolderLookup$Provider;Lorg/spongepowered/asm/mixin/injection/callback/CallbackInfoReturnable;)V does use it's CallbackInfoReturnable
[13Mar2026 19:33:15.203] [main/DEBUG] [mixin/]: moonlight-common.mixins.json:MapDataMixin from mod moonlight->@Inject::checkCustomDeco(Lnet/minecraft/world/level/BlockGetter;IILorg/spongepowered/asm/mixin/injection/callback/CallbackInfo;)V doesn't use it's CallbackInfo
[13Mar2026 19:33:15.203] [main/DEBUG] [mixin/]: moonlight-common.mixins.json:MapDataMixin from mod moonlight->@Inject::checkCustomDeco(Lnet/minecraft/world/level/BlockGetter;IILorg/spongepowered/asm/mixin/injection/callback/CallbackInfo;)V has 0 override(s) in child classes
[13Mar2026 19:33:15.203] [main/DEBUG] [mixin/]: moonlight-common.mixins.json:MapDataMixin from mod moonlight->@Inject::checkCustomDeco(Lnet/minecraft/world/level/BlockGetter;IILorg/spongepowered/asm/mixin/injection/callback/CallbackInfo;)V won't be passed a CallbackInfo as a result
[13Mar2026 19:33:15.203] [main/DEBUG] [mixin/]: moonlight-common.mixins.json:MapDataMixin from mod moonlight->@Inject::initCustomData(IIBZZZLnet/minecraft/resources/ResourceKey;Lorg/spongepowered/asm/mixin/injection/callback/CallbackInfo;)V doesn't use it's CallbackInfo
[13Mar2026 19:33:15.203] [main/DEBUG] [mixin/]: moonlight-common.mixins.json:MapDataMixin from mod moonlight->@Inject::initCustomData(IIBZZZLnet/minecraft/resources/ResourceKey;Lorg/spongepowered/asm/mixin/injection/callback/CallbackInfo;)V has 0 override(s) in child classes
[13Mar2026 19:33:15.203] [main/DEBUG] [mixin/]: moonlight-common.mixins.json:MapDataMixin from mod moonlight->@Inject::initCustomData(IIBZZZLnet/minecraft/resources/ResourceKey;Lorg/spongepowered/asm/mixin/injection/callback/CallbackInfo;)V won't be passed a CallbackInfo as a result
[13Mar2026 19:33:15.681] [main/DEBUG] [mixin/]: Mixing command.GameRuleCommandMixin from arcade-dimensions.mixins.json into net.minecraft.server.commands.GameRuleCommand
[13Mar2026 19:33:15.723] [main/DEBUG] [mixin/]: Mixing PlaceStructureCommandMixin from moonlight-common.mixins.json into net.minecraft.server.commands.PlaceCommand
[13Mar2026 19:33:15.724] [main/DEBUG] [mixin/]: moonlight-common.mixins.json:PlaceStructureCommandMixin from mod moonlight: Class version 65 required is higher than the class version supported by the current version of Mixin (JAVA_17 supports class version 61)
[13Mar2026 19:33:15.724] [main/DEBUG] [mixin/]: moonlight-common.mixins.json:PlaceStructureCommandMixin from mod moonlight->@Inject::ml$addDebugRenderers(Lnet/minecraft/commands/CommandSourceStack;Lnet/minecraft/core/Holder$Reference;Lnet/minecraft/core/BlockPos;Lorg/spongepowered/asm/mixin/injection/callback/CallbackInfoReturnable;)V doesn't use it's CallbackInfoReturnable
[13Mar2026 19:33:15.797] [main/DEBUG] [mixin/]: Mixing TeleportCommandMixin from moonlight-common.mixins.json into net.minecraft.server.commands.TeleportCommand
[13Mar2026 19:33:15.799] [main/DEBUG] [mixin/]: moonlight-common.mixins.json:TeleportCommandMixin from mod moonlight: Class version 65 required is higher than the class version supported by the current version of Mixin (JAVA_17 supports class version 61)
[13Mar2026 19:33:15.999] [main/WARN] [net.minecraft.commands.Commands/]: Ambiguity between arguments [teleport, location] and [teleport, destination] with inputs: [0.1 -0.5 .9, 0 0 0]
[13Mar2026 19:33:16.000] [main/WARN] [net.minecraft.commands.Commands/]: Ambiguity between arguments [teleport, location] and [teleport, targets] with inputs: [0.1 -0.5 .9, 0 0 0]
[13Mar2026 19:33:16.005] [main/WARN] [net.minecraft.commands.Commands/]: Ambiguity between arguments [teleport, destination] and [teleport, targets] with inputs: [Player, 0123, @e, dd12be42-52a9-4a91-a8a1-11c01849e498]
[13Mar2026 19:33:16.006] [main/WARN] [net.minecraft.commands.Commands/]: Ambiguity between arguments [teleport, targets] and [teleport, destination] with inputs: [Player, 0123, dd12be42-52a9-4a91-a8a1-11c01849e498]
[13Mar2026 19:33:16.007] [main/WARN] [net.minecraft.commands.Commands/]: Ambiguity between arguments [teleport, targets, location] and [teleport, targets, destination] with inputs: [0.1 -0.5 .9, 0 0 0]
[13Mar2026 19:33:16.039] [Render thread/DEBUG] [mixin/]: Mixing ScreenAccessor from balm.neoforge.mixins.json into net.minecraft.client.gui.screens.Screen
[13Mar2026 19:33:16.045] [Render thread/DEBUG] [mixin/]: Mixing MixinClientLevel from shouldersurfing.common.mixins.json into net.minecraft.client.multiplayer.ClientLevel
[13Mar2026 19:33:16.045] [Render thread/DEBUG] [mixin/]: shouldersurfing.common.mixins.json:MixinClientLevel from mod shouldersurfing: Class version 65 required is higher than the class version supported by the current version of Mixin (JAVA_17 supports class version 61)
[13Mar2026 19:33:16.048] [Render thread/DEBUG] [mixin/]: shouldersurfing.common.mixins.json:MixinClientLevel from mod shouldersurfing->@Inject::playSeededSound(Lnet/minecraft/world/entity/player/Player;DDDLnet/minecraft/core/Holder;Lnet/minecraft/sounds/SoundSource;FFJLorg/spongepowered/asm/mixin/injection/callback/CallbackInfo;)V does use it's CallbackInfo
[13Mar2026 19:33:16.048] [Render thread/DEBUG] [mixin/]: shouldersurfing.common.mixins.json:MixinClientLevel from mod shouldersurfing->@Inject::playLocalSound(DDDLnet/minecraft/sounds/SoundEvent;Lnet/minecraft/sounds/SoundSource;FFZLorg/spongepowered/asm/mixin/injection/callback/CallbackInfo;)V does use it's CallbackInfo
[13Mar2026 19:33:16.053] [Render thread/DEBUG] [mixin/]: Mixing client.ClientPlayerEntityMixin from bettercombat.mixins.json into net.minecraft.client.player.LocalPlayer
[13Mar2026 19:33:16.053] [Render thread/DEBUG] [mixin/]: bettercombat.mixins.json:client.ClientPlayerEntityMixin from mod bettercombat: Class version 65 required is higher than the class version supported by the current version of Mixin (JAVA_17 supports class version 61)
[13Mar2026 19:33:16.054] [Render thread/DEBUG] [mixin/]: Mixing MixinLocalPlayer from shouldersurfing.common.mixins.json into net.minecraft.client.player.LocalPlayer
[13Mar2026 19:33:16.054] [Render thread/DEBUG] [mixin/]: shouldersurfing.common.mixins.json:MixinLocalPlayer from mod shouldersurfing: Class version 65 required is higher than the class version supported by the current version of Mixin (JAVA_17 supports class version 61)
[13Mar2026 19:33:16.056] [Render thread/DEBUG] [mixin/]: bettercombat.mixins.json:client.ClientPlayerEntityMixin from mod bettercombat->@Inject::tickMovement_ModifyInput(Lorg/spongepowered/asm/mixin/injection/callback/CallbackInfo;)V doesn't use it's CallbackInfo
[13Mar2026 19:33:16.056] [Render thread/DEBUG] [mixin/]: bettercombat.mixins.json:client.ClientPlayerEntityMixin from mod bettercombat->@Inject::tickMovement_ModifyInput(Lorg/spongepowered/asm/mixin/injection/callback/CallbackInfo;)V has 0 override(s) in child classes
[13Mar2026 19:33:16.056] [Render thread/DEBUG] [mixin/]: bettercombat.mixins.json:client.ClientPlayerEntityMixin from mod bettercombat->@Inject::tickMovement_ModifyInput(Lorg/spongepowered/asm/mixin/injection/callback/CallbackInfo;)V won't be passed a CallbackInfo as a result
[13Mar2026 19:33:16.060] [Render thread/DEBUG] [mixin/]: Mixing MixinAbstractClientPlayer from shouldersurfing.common.mixins.json into net.minecraft.client.player.AbstractClientPlayer
[13Mar2026 19:33:16.060] [Render thread/DEBUG] [mixin/]: shouldersurfing.common.mixins.json:MixinAbstractClientPlayer from mod shouldersurfing: Class version 65 required is higher than the class version supported by the current version of Mixin (JAVA_17 supports class version 61)
[13Mar2026 19:33:16.060] [Render thread/DEBUG] [mixin/]: Mixing client.AbstractClientPlayerEntityMixin from bettercombat.mixins.json into net.minecraft.client.player.AbstractClientPlayer
[13Mar2026 19:33:16.060] [Render thread/DEBUG] [mixin/]: bettercombat.mixins.json:client.AbstractClientPlayerEntityMixin from mod bettercombat: Class version 65 required is higher than the class version supported by the current version of Mixin (JAVA_17 supports class version 61)
[13Mar2026 19:33:16.061] [Render thread/DEBUG] [mixin/]: Renaming synthetic method lambda$createPoseAdjustment$1(Lnet/minecraft/world/entity/player/Player;Ljava/lang/String;)Ljava/util/Optional; to mdd6ddab$bettercombat$lambda$createPoseAdjustment$1$0 in bettercombat.mixins.json:client.AbstractClientPlayerEntityMixin from mod bettercombat
[13Mar2026 19:33:16.061] [Render thread/DEBUG] [mixin/]: Renaming synthetic method lambda$createAttackAdjustment$0(Lnet/minecraft/world/entity/player/Player;Ljava/lang/String;)Ljava/util/Optional; to mdd6ddab$bettercombat$lambda$createAttackAdjustment$0$1 in bettercombat.mixins.json:client.AbstractClientPlayerEntityMixin from mod bettercombat
[13Mar2026 19:33:16.089] [Render thread/DEBUG] [mixin/]: bettercombat.mixins.json:client.AbstractClientPlayerEntityMixin from mod bettercombat->@Inject::postInit(Lnet/minecraft/client/multiplayer/ClientLevel;Lcom/mojang/authlib/GameProfile;Lorg/spongepowered/asm/mixin/injection/callback/CallbackInfo;)V doesn't use it's CallbackInfo
[13Mar2026 19:33:16.089] [Render thread/DEBUG] [mixin/]: bettercombat.mixins.json:client.AbstractClientPlayerEntityMixin from mod bettercombat->@Inject::postInit(Lnet/minecraft/client/multiplayer/ClientLevel;Lcom/mojang/authlib/GameProfile;Lorg/spongepowered/asm/mixin/injection/callback/CallbackInfo;)V has 0 override(s) in child classes
[13Mar2026 19:33:16.089] [Render thread/DEBUG] [mixin/]: bettercombat.mixins.json:client.AbstractClientPlayerEntityMixin from mod bettercombat->@Inject::postInit(Lnet/minecraft/client/multiplayer/ClientLevel;Lcom/mojang/authlib/GameProfile;Lorg/spongepowered/asm/mixin/injection/callback/CallbackInfo;)V won't be passed a CallbackInfo as a result
[13Mar2026 19:33:16.101] [Render thread/DEBUG] [mixin/]: Mixing AbstractContainerScreenAccessor from balm.neoforge.mixins.json into net.minecraft.client.gui.screens.inventory.AbstractContainerScreen
[13Mar2026 19:33:16.115] [Render thread/DEBUG] [mixin/]: Mixing ConditionHackMixin from moonlight.mixins.json into net.minecraft.server.packs.resources.SimplePreparableReloadListener
[13Mar2026 19:33:16.115] [Render thread/DEBUG] [mixin/]: moonlight.mixins.json:ConditionHackMixin from mod moonlight: Class version 65 required is higher than the class version supported by the current version of Mixin (JAVA_17 supports class version 61)
[13Mar2026 19:33:16.117] [Render thread/DEBUG] [mixin/]: moonlight.mixins.json:ConditionHackMixin from mod moonlight->@Inject::applyResourceConditions(Lnet/minecraft/server/packs/resources/ResourceManager;Lnet/minecraft/util/profiling/ProfilerFiller;Ljava/lang/Object;Lorg/spongepowered/asm/mixin/injection/callback/CallbackInfo;)V doesn't use it's CallbackInfo
[13Mar2026 19:33:16.117] [Render thread/DEBUG] [mixin/]: moonlight.mixins.json:ConditionHackMixin from mod moonlight->@Inject::applyResourceConditions(Lnet/minecraft/server/packs/resources/ResourceManager;Lnet/minecraft/util/profiling/ProfilerFiller;Ljava/lang/Object;Lorg/spongepowered/asm/mixin/injection/callback/CallbackInfo;)V has 0 override(s) in child classes
[13Mar2026 19:33:16.117] [Render thread/DEBUG] [mixin/]: moonlight.mixins.json:ConditionHackMixin from mod moonlight->@Inject::applyResourceConditions(Lnet/minecraft/server/packs/resources/ResourceManager;Lnet/minecraft/util/profiling/ProfilerFiller;Ljava/lang/Object;Lorg/spongepowered/asm/mixin/injection/callback/CallbackInfo;)V won't be passed a CallbackInfo as a result
[13Mar2026 19:33:16.117] [Render thread/DEBUG] [mixin/]: Mixing ContextAwareReloadListenerAccessor from moonlight.mixins.json into net.neoforged.neoforge.resource.ContextAwareReloadListener
[13Mar2026 19:33:16.117] [Render thread/DEBUG] [mixin/]: moonlight.mixins.json:ContextAwareReloadListenerAccessor from mod moonlight: Class version 65 required is higher than the class version supported by the current version of Mixin (JAVA_17 supports class version 61)
[13Mar2026 19:33:16.184] [Render thread/WARN] [net.minecraft.server.packs.VanillaPackResourcesBuilder/]: Assets URL 'union:/C:/Users/JayDeeHome/Documents/Development/Jahdoo%20Neoforge/build/moddev/artifacts/neoforge-21.1.219-minecraft-merged.jar%23191!/assets/.mcassetsroot' uses unexpected schema
[13Mar2026 19:33:16.184] [Render thread/WARN] [net.minecraft.server.packs.VanillaPackResourcesBuilder/]: Assets URL 'union:/C:/Users/JayDeeHome/Documents/Development/Jahdoo%20Neoforge/build/moddev/artifacts/neoforge-21.1.219-minecraft-merged.jar%23191!/data/.mcassetsroot' uses unexpected schema
[13Mar2026 19:33:16.217] [Render thread/INFO] [com.mojang.authlib.yggdrasil.YggdrasilAuthenticationService/]: Environment: Environment[sessionHost=https://sessionserver.mojang.com, servicesHost=https://api.minecraftservices.com, name=PROD]
[13Mar2026 19:33:16.228] [Render thread/INFO] [net.minecraft.client.Minecraft/]: Setting user: Shaydeejay
[13Mar2026 19:33:16.229] [Render thread/DEBUG] [mixin/]: Mixing KeyMappingAccessor from kuma_api.mixins.json into net.minecraft.client.KeyMapping
[13Mar2026 19:33:16.229] [Render thread/DEBUG] [mixin/]: kuma_api.mixins.json:KeyMappingAccessor from mod kuma_api: Class version 65 required is higher than the class version supported by the current version of Mixin (JAVA_17 supports class version 61)
[13Mar2026 19:33:16.229] [Render thread/DEBUG] [mixin/]: Mixing KeyMappingAccessor from balm.neoforge.mixins.json into net.minecraft.client.KeyMapping
[13Mar2026 19:33:16.229] [Render thread/DEBUG] [mixin/]: Unexpected: Registered method getKey()Lcom/mojang/blaze3d/platform/InputConstants$Key; in net.minecraft.client.KeyMapping was not merged
[13Mar2026 19:33:16.234] [Render thread/DEBUG] [mixin/]: Mixing MixinOptions from shouldersurfing.common.mixins.json into net.minecraft.client.Options
[13Mar2026 19:33:16.234] [Render thread/DEBUG] [mixin/]: shouldersurfing.common.mixins.json:MixinOptions from mod shouldersurfing: Class version 65 required is higher than the class version supported by the current version of Mixin (JAVA_17 supports class version 61)
[13Mar2026 19:33:16.235] [Render thread/DEBUG] [mixin/]: shouldersurfing.common.mixins.json:MixinOptions from mod shouldersurfing->@Inject::setCameraType(Lnet/minecraft/client/CameraType;Lorg/spongepowered/asm/mixin/injection/callback/CallbackInfo;)V does use it's CallbackInfo
[13Mar2026 19:33:16.381] [Render thread/INFO] [net.minecraft.client.Minecraft/]: Backend library: LWJGL version 3.3.3+5
[13Mar2026 19:33:16.448] [Render thread/DEBUG] [mixin/]: Mixing MixinMouseHandler from shouldersurfing.common.mixins.json into net.minecraft.client.MouseHandler
[13Mar2026 19:33:16.448] [Render thread/DEBUG] [mixin/]: shouldersurfing.common.mixins.json:MixinMouseHandler from mod shouldersurfing: Class version 65 required is higher than the class version supported by the current version of Mixin (JAVA_17 supports class version 61)
[13Mar2026 19:33:16.449] [Render thread/DEBUG] [mixin/]: Mixing MouseHandlerAccessor from balm.neoforge.mixins.json into net.minecraft.client.MouseHandler
[13Mar2026 19:33:16.526] [Render thread/DEBUG] [mixin/]: Mixing ReloadableClientResourcesMixin from moonlight-common.mixins.json into net.minecraft.server.packs.resources.ReloadableResourceManager
[13Mar2026 19:33:16.526] [Render thread/DEBUG] [mixin/]: moonlight-common.mixins.json:ReloadableClientResourcesMixin from mod moonlight: Class version 65 required is higher than the class version supported by the current version of Mixin (JAVA_17 supports class version 61)
[13Mar2026 19:33:16.527] [Render thread/DEBUG] [mixin/]: Renaming synthetic method lambda$moonlight$clientDynamicPackEarlyReload$0(Lcom/llamalad7/mixinextras/injector/wrapoperation/Operation;Lnet/minecraft/server/packs/resources/ResourceManager;Ljava/util/List;Ljava/util/concurrent/Executor;Ljava/util/concurrent/Executor;Ljava/util/concurrent/CompletableFuture;Z)Lnet/minecraft/server/packs/resources/ReloadInstance; to mdd6ddab$moonlight$lambda$moonlight$clientDynamicPackEarlyReload$0$0 in moonlight-common.mixins.json:ReloadableClientResourcesMixin from mod moonlight
[13Mar2026 19:33:16.560] [Render thread/DEBUG] [net.neoforged.fml.ModWorkManager/LOADING]: Using 8 threads for parallel mod-loading
[13Mar2026 19:33:16.590] [Render thread/DEBUG] [net.neoforged.fml.javafmlmod.FMLModContainer/LOADING]: Creating FMLModContainer instance for [net.blay09.mods.kuma.neoforge.NeoForgeKumaAPI]
[13Mar2026 19:33:16.594] [Render thread/DEBUG] [net.neoforged.fml.javafmlmod.FMLModContainer/LOADING]: Creating FMLModContainer instance for [net.mehvahdjukaar.moonlight.neoforge.MoonlightForge]
[13Mar2026 19:33:16.595] [Render thread/DEBUG] [net.neoforged.fml.javafmlmod.FMLModContainer/LOADING]: Creating FMLModContainer instance for [me.djtheredstoner.devauth.neoforge.NeoForgeBootstrap]
[13Mar2026 19:33:16.595] [Render thread/DEBUG] [net.neoforged.fml.javafmlmod.FMLModContainer/LOADING]: Creating FMLModContainer instance for [software.bernie.geckolib.GeckoLib]
[13Mar2026 19:33:16.597] [Render thread/DEBUG] [net.neoforged.fml.javafmlmod.FMLModContainer/LOADING]: Creating FMLModContainer instance for [com.github.exopandora.shouldersurfing.neoforge.ShoulderSurfingNeoForge]
[13Mar2026 19:33:16.605] [Render thread/DEBUG] [thedarkcolour.kotlinforforge.neoforge.LoggerKt/LOADING]: Creating KotlinModContainer instance for [net.casual.arcade.Arcade]
[13Mar2026 19:33:16.608] [Render thread/DEBUG] [net.neoforged.fml.javafmlmod.FMLModContainer/LOADING]: Creating FMLModContainer instance for [dev.kosmx.playerAnim.forge.ForgeClientEvent]
[13Mar2026 19:33:16.609] [Render thread/DEBUG] [thedarkcolour.kotlinforforge.neoforge.LoggerKt/LOADING]: Creating KotlinModContainer instance for [org.shaydee.loot_beams_neoforge.LootBeams]
[13Mar2026 19:33:16.609] [Render thread/DEBUG] [net.neoforged.fml.javafmlmod.FMLModContainer/LOADING]: Creating FMLModContainer instance for [net.blay09.mods.balm.neoforge.NeoForgeBalm, net.blay09.mods.balm.neoforge.client.NeoForgeBalmClient]
[13Mar2026 19:33:16.609] [Render thread/DEBUG] [thedarkcolour.kotlinforforge.neoforge.LoggerKt/LOADING]: Creating KotlinModContainer instance for [org.shaydee.shaydeeapi.ShaydeeAPI]
[13Mar2026 19:33:16.611] [Render thread/DEBUG] [net.neoforged.fml.javafmlmod.FMLModContainer/LOADING]: Creating FMLModContainer instance for [com.github.L_Ender.lionfishapi.LionfishAPI]
[13Mar2026 19:33:16.611] [Render thread/DEBUG] [net.neoforged.fml.javafmlmod.FMLModContainer/LOADING]: Creating FMLModContainer instance for [me.shedaniel.clothconfig.ClothConfigForge]
[13Mar2026 19:33:16.611] [Render thread/DEBUG] [net.neoforged.fml.javafmlmod.FMLModContainer/LOADING]: Creating FMLModContainer instance for [net.bettercombat.neoforge.NeoForgeMod]
[13Mar2026 19:33:16.611] [Render thread/DEBUG] [thedarkcolour.kotlinforforge.neoforge.LoggerKt/LOADING]: Creating KotlinModContainer instance for [thedarkcolour.kotlinforforge.neoforge.test.KotlinForForge]
[13Mar2026 19:33:16.612] [Render thread/DEBUG] [net.neoforged.fml.javafmlmod.FMLModContainer/LOADING]: Creating FMLModContainer instance for [net.mehvahdjukaar.dummmmmmy.neoforge.DummmmmmyForge]
[13Mar2026 19:33:16.612] [Render thread/DEBUG] [net.neoforged.fml.javafmlmod.FMLModContainer/LOADING]: Creating FMLModContainer instance for [top.theillusivec4.curios.Curios]
[13Mar2026 19:33:16.613] [Render thread/DEBUG] [net.neoforged.fml.javafmlmod.FMLModContainer/LOADING]: Creating FMLModContainer instance for [com.github.L_Ender.cataclysm.Cataclysm]
[13Mar2026 19:33:16.613] [Render thread/DEBUG] [net.neoforged.fml.javafmlmod.FMLModContainer/LOADING]: Creating FMLModContainer instance for [org.jahdoo.JahdooMod]
[13Mar2026 19:33:16.614] [Render thread/DEBUG] [net.neoforged.fml.javafmlmod.FMLModContainer/LOADING]: Creating FMLModContainer instance for [net.blay09.mods.waystones.NeoForgeWaystones, net.blay09.mods.waystones.client.NeoForgeWaystonesClient]
[13Mar2026 19:33:16.614] [Render thread/DEBUG] [net.neoforged.fml.javafmlmod.FMLModContainer/LOADING]: Creating FMLModContainer instance for [net.neoforged.neoforge.common.NeoForgeMod, net.neoforged.neoforge.client.ClientNeoForgeMod]
[13Mar2026 19:33:16.623] [modloading-worker-0/DEBUG] [net.neoforged.fml.javafmlmod.AutomaticEventSubscriber/LOADING]: Attempting to inject @EventBusSubscriber classes into the eventbus for devauth
[13Mar2026 19:33:16.642] [modloading-worker-0/DEBUG] [net.neoforged.fml.javafmlmod.AutomaticEventSubscriber/LOADING]: Attempting to inject @EventBusSubscriber classes into the eventbus for playeranimator
[13Mar2026 19:33:16.647] [modloading-worker-0/DEBUG] [net.neoforged.fml.javafmlmod.AutomaticEventSubscriber/LOADING]: Attempting to inject @EventBusSubscriber classes into the eventbus for kuma_api
[13Mar2026 19:33:16.647] [modloading-worker-0/DEBUG] [GeckoLib/]: Loaded software.bernie.geckolib.platform.GeckoLibNeoForge@545274db for service interface software.bernie.geckolib.service.GeckoLibPlatform
[13Mar2026 19:33:16.647] [modloading-worker-0/DEBUG] [GeckoLib/]: Loaded software.bernie.geckolib.network.GeckoLibNetworkingNeoForge@1d01542c for service interface software.bernie.geckolib.service.GeckoLibNetworking
[13Mar2026 19:33:16.649] [modloading-worker-0/DEBUG] [net.neoforged.fml.javafmlmod.AutomaticEventSubscriber/LOADING]: Attempting to inject @EventBusSubscriber classes into the eventbus for lionfishapi
[13Mar2026 19:33:16.649] [modloading-worker-0/DEBUG] [net.neoforged.fml.javafmlmod.AutomaticEventSubscriber/LOADING]: Scanning class com.github.L_Ender.lionfishapi.client.event.ClientSetUp for @SubscribeEvent-annotated methods
[13Mar2026 19:33:16.653] [modloading-worker-0/DEBUG] [net.neoforged.fml.javafmlmod.AutomaticEventSubscriber/]: Subscribing @EventBusSubscriber class Lcom/github/L_Ender/lionfishapi/client/event/ClientSetUp; to the mod event bus of mod lionfishapi
[13Mar2026 19:33:16.655] [modloading-worker-0/DEBUG] [net.neoforged.fml.javafmlmod.AutomaticEventSubscriber/LOADING]: Attempting to inject @EventBusSubscriber classes into the eventbus for geckolib
[13Mar2026 19:33:16.657] [modloading-worker-0/DEBUG] [net.neoforged.fml.javafmlmod.AutomaticEventSubscriber/LOADING]: Attempting to inject @EventBusSubscriber classes into the eventbus for cloth_config
[13Mar2026 19:33:16.659] [modloading-worker-0/DEBUG] [net.neoforged.fml.javafmlmod.AutomaticEventSubscriber/LOADING]: Scanning class com.github.L_Ender.lionfishapi.client.event.ClientSetUp$ForgeEvents for @SubscribeEvent-annotated methods
[13Mar2026 19:33:16.660] [modloading-worker-0/DEBUG] [net.neoforged.fml.javafmlmod.AutomaticEventSubscriber/]: Subscribing @EventBusSubscriber class Lcom/github/L_Ender/lionfishapi/client/event/ClientSetUp$ForgeEvents; to the game event bus
[13Mar2026 19:33:16.684] [modloading-worker-0/DEBUG] [mixin/]: Mixing MixinCamera from shouldersurfing.common.mixins.json into net.minecraft.client.Camera
[13Mar2026 19:33:16.684] [modloading-worker-0/DEBUG] [mixin/]: shouldersurfing.common.mixins.json:MixinCamera from mod shouldersurfing: Class version 65 required is higher than the class version supported by the current version of Mixin (JAVA_17 supports class version 61)
[13Mar2026 19:33:16.685] [modloading-worker-0/DEBUG] [mixin/]: Mixing epicfight.AccessorCamera from shouldersurfing.common.compat.mixins.json into net.minecraft.client.Camera
[13Mar2026 19:33:16.685] [modloading-worker-0/DEBUG] [mixin/]: shouldersurfing.common.compat.mixins.json:epicfight.AccessorCamera from mod shouldersurfing: Class version 65 required is higher than the class version supported by the current version of Mixin (JAVA_17 supports class version 61)
[13Mar2026 19:33:16.686] [modloading-worker-0/DEBUG] [mixin/]: Mixing firstPerson.CameraAccessor from playerAnimator-common.mixins.json into net.minecraft.client.Camera
[13Mar2026 19:33:16.687] [modloading-worker-0/DEBUG] [mixin/]: shouldersurfing.common.mixins.json:MixinCamera from mod shouldersurfing->@Inject::setupRotations(Lnet/minecraft/world/level/BlockGetter;Lnet/minecraft/world/entity/Entity;ZZFLorg/spongepowered/asm/mixin/injection/callback/CallbackInfo;)V doesn't use it's CallbackInfo
[13Mar2026 19:33:16.687] [modloading-worker-0/DEBUG] [mixin/]: shouldersurfing.common.mixins.json:MixinCamera from mod shouldersurfing->@Inject::setupRotations(Lnet/minecraft/world/level/BlockGetter;Lnet/minecraft/world/entity/Entity;ZZFLorg/spongepowered/asm/mixin/injection/callback/CallbackInfo;)V has 0 override(s) in child classes
[13Mar2026 19:33:16.687] [modloading-worker-0/DEBUG] [mixin/]: shouldersurfing.common.mixins.json:MixinCamera from mod shouldersurfing->@Inject::setupRotations(Lnet/minecraft/world/level/BlockGetter;Lnet/minecraft/world/entity/Entity;ZZFLorg/spongepowered/asm/mixin/injection/callback/CallbackInfo;)V won't be passed a CallbackInfo as a result
[13Mar2026 19:33:16.698] [modloading-worker-0/DEBUG] [net.neoforged.fml.config.ConfigTracker/CONFIG]: Config file moonlight-common.toml for moonlight tracking
[13Mar2026 19:33:16.704] [modloading-worker-0/DEBUG] [net.neoforged.fml.config.ConfigTracker/CONFIG]: Config file shouldersurfing-client.toml for shouldersurfing tracking
[13Mar2026 19:33:16.722] [modloading-worker-0/INFO] [Moonlight/]: Detected config change in moonlight-common.toml, from neoforge config event
[13Mar2026 19:33:16.730] [modloading-worker-0/DEBUG] [net.neoforged.fml.javafmlmod.AutomaticEventSubscriber/LOADING]: Attempting to inject @EventBusSubscriber classes into the eventbus for shouldersurfing
[13Mar2026 19:33:16.772] [modloading-worker-0/DEBUG] [net.neoforged.fml.config.ConfigTracker/CONFIG]: Config file dummmmmmy-client.toml for dummmmmmy tracking
[13Mar2026 19:33:16.786] [modloading-worker-0/DEBUG] [net.neoforged.fml.config.ConfigTracker/CONFIG]: Config file dummmmmmy-common.toml for dummmmmmy tracking
[13Mar2026 19:33:16.794] [modloading-worker-0/DEBUG] [net.neoforged.fml.javafmlmod.AutomaticEventSubscriber/LOADING]: Attempting to inject @EventBusSubscriber classes into the eventbus for bettercombat
[13Mar2026 19:33:16.794] [modloading-worker-0/DEBUG] [net.neoforged.fml.javafmlmod.AutomaticEventSubscriber/LOADING]: Scanning class net.bettercombat.neoforge.network.NetworkEvents for @SubscribeEvent-annotated methods
[13Mar2026 19:33:16.802] [modloading-worker-0/DEBUG] [net.neoforged.fml.javafmlmod.AutomaticEventSubscriber/LOADING]: Attempting to inject @EventBusSubscriber classes into the eventbus for dummmmmmy
[13Mar2026 19:33:16.805] [modloading-worker-0/DEBUG] [net.neoforged.fml.javafmlmod.AutomaticEventSubscriber/]: Subscribing @EventBusSubscriber class Lnet/bettercombat/neoforge/network/NetworkEvents; to the mod event bus of mod bettercombat
[13Mar2026 19:33:16.806] [modloading-worker-0/DEBUG] [net.neoforged.fml.javafmlmod.AutomaticEventSubscriber/LOADING]: Scanning class net.bettercombat.neoforge.client.NeoForgeClientMod for @SubscribeEvent-annotated methods
[13Mar2026 19:33:16.807] [modloading-worker-0/DEBUG] [net.neoforged.fml.javafmlmod.AutomaticEventSubscriber/]: Subscribing @EventBusSubscriber class Lnet/bettercombat/neoforge/client/NeoForgeClientMod; to the mod event bus of mod bettercombat
[13Mar2026 19:33:16.809] [modloading-worker-0/DEBUG] [net.neoforged.fml.javafmlmod.AutomaticEventSubscriber/LOADING]: Scanning class net.bettercombat.neoforge.client.NeoForgeClientEvents for @SubscribeEvent-annotated methods
[13Mar2026 19:33:16.810] [modloading-worker-0/DEBUG] [net.neoforged.fml.javafmlmod.AutomaticEventSubscriber/]: Subscribing @EventBusSubscriber class Lnet/bettercombat/neoforge/client/NeoForgeClientEvents; to the game event bus
[13Mar2026 19:33:16.812] [modloading-worker-0/DEBUG] [net.neoforged.fml.javafmlmod.AutomaticEventSubscriber/LOADING]: Scanning class net.bettercombat.neoforge.NeoForgeEvents for @SubscribeEvent-annotated methods
[13Mar2026 19:33:16.813] [modloading-worker-0/DEBUG] [net.neoforged.fml.javafmlmod.AutomaticEventSubscriber/]: Subscribing @EventBusSubscriber class Lnet/bettercombat/neoforge/NeoForgeEvents; to the game event bus
[13Mar2026 19:33:16.824] [modloading-worker-0/DEBUG] [net.neoforged.fml.config.ConfigTracker/CONFIG]: Config file curios-client.toml for curios tracking
[13Mar2026 19:33:16.826] [modloading-worker-0/DEBUG] [mixin/]: Mixing client.EntityRendererMixin from loot_beams_neoforge.mixins.json into net.minecraft.client.renderer.entity.EntityRenderer
[13Mar2026 19:33:16.826] [modloading-worker-0/DEBUG] [mixin/]: loot_beams_neoforge.mixins.json:client.EntityRendererMixin from mod loot_beams_neoforge: Class version 65 required is higher than the class version supported by the current version of Mixin (JAVA_8 supports class version 52)
[13Mar2026 19:33:16.828] [modloading-worker-0/DEBUG] [mixin/]: loot_beams_neoforge.mixins.json:client.EntityRendererMixin from mod loot_beams_neoforge->@Inject::render(Lnet/minecraft/world/entity/Entity;FFLcom/mojang/blaze3d/vertex/PoseStack;Lnet/minecraft/client/renderer/MultiBufferSource;ILorg/spongepowered/asm/mixin/injection/callback/CallbackInfo;)V doesn't use it's CallbackInfo
[13Mar2026 19:33:16.829] [modloading-worker-0/DEBUG] [net.neoforged.fml.config.ConfigTracker/CONFIG]: Config file curios-common.toml for curios tracking
[13Mar2026 19:33:16.829] [modloading-worker-0/DEBUG] [net.neoforged.fml.config.ConfigTracker/CONFIG]: Config file curios-server.toml for curios tracking
[13Mar2026 19:33:16.830] [modloading-worker-0/DEBUG] [net.neoforged.fml.javafmlmod.AutomaticEventSubscriber/LOADING]: Attempting to inject @EventBusSubscriber classes into the eventbus for curios
[13Mar2026 19:33:16.830] [modloading-worker-0/DEBUG] [net.neoforged.fml.javafmlmod.AutomaticEventSubscriber/LOADING]: Scanning class top.theillusivec4.curios.Curios$ClientProxy for @SubscribeEvent-annotated methods
[13Mar2026 19:33:16.830] [modloading-worker-0/DEBUG] [mixin/]: Mixing FeatureRendererMixin from playerAnimator-common.mixins.json into net.minecraft.client.renderer.entity.layers.RenderLayer
[13Mar2026 19:33:16.833] [modloading-worker-0/DEBUG] [mixin/]: playerAnimator-common.mixins.json:FeatureRendererMixin from mod playeranimator->@Inject::init(Lnet/minecraft/client/renderer/entity/RenderLayerParent;Lorg/spongepowered/asm/mixin/injection/callback/CallbackInfo;)V doesn't use it's CallbackInfo
[13Mar2026 19:33:16.833] [modloading-worker-0/DEBUG] [mixin/]: playerAnimator-common.mixins.json:FeatureRendererMixin from mod playeranimator->@Inject::init(Lnet/minecraft/client/renderer/entity/RenderLayerParent;Lorg/spongepowered/asm/mixin/injection/callback/CallbackInfo;)V has 0 override(s) in child classes
[13Mar2026 19:33:16.833] [modloading-worker-0/DEBUG] [mixin/]: playerAnimator-common.mixins.json:FeatureRendererMixin from mod playeranimator->@Inject::init(Lnet/minecraft/client/renderer/entity/RenderLayerParent;Lorg/spongepowered/asm/mixin/injection/callback/CallbackInfo;)V won't be passed a CallbackInfo as a result
[13Mar2026 19:33:16.854] [modloading-worker-0/DEBUG] [net.neoforged.fml.javafmlmod.AutomaticEventSubscriber/]: Subscribing @EventBusSubscriber class Ltop/theillusivec4/curios/Curios$ClientProxy; to the mod event bus of mod curios
[13Mar2026 19:33:16.868] [modloading-worker-0/DEBUG] [mixin/]: Mixing MixinRenderType from shouldersurfing.common.mixins.json into net.minecraft.client.renderer.RenderType
[13Mar2026 19:33:16.868] [modloading-worker-0/DEBUG] [mixin/]: shouldersurfing.common.mixins.json:MixinRenderType from mod shouldersurfing: Class version 65 required is higher than the class version supported by the current version of Mixin (JAVA_17 supports class version 61)
[13Mar2026 19:33:16.928] [modloading-worker-0/DEBUG] [net.neoforged.fml.config.ConfigTracker/CONFIG]: Config file jahdoo-client.toml for jahdoo tracking
[13Mar2026 19:33:16.938] [modloading-worker-0/DEBUG] [net.neoforged.fml.javafmlmod.AutomaticEventSubscriber/LOADING]: Attempting to inject @EventBusSubscriber classes into the eventbus for balm
[13Mar2026 19:33:16.989] [modloading-worker-0/DEBUG] [net.neoforged.fml.config.ConfigTracker/CONFIG]: Config file moonlight-client.toml for moonlight tracking
[13Mar2026 19:33:17.046] [modloading-worker-0/DEBUG] [net.neoforged.fml.javafmlmod.AutomaticEventSubscriber/LOADING]: Attempting to inject @EventBusSubscriber classes into the eventbus for moonlight
[13Mar2026 19:33:17.047] [modloading-worker-0/DEBUG] [net.neoforged.fml.javafmlmod.AutomaticEventSubscriber/LOADING]: Scanning class net.mehvahdjukaar.moonlight.api.client.neoforge.ForgeFluidTypeHelper for @SubscribeEvent-annotated methods
[13Mar2026 19:33:17.048] [modloading-worker-0/DEBUG] [mixin/]: Mixing SelfModFlowingFluidMixin from moonlight.mixins.json into net.mehvahdjukaar.moonlight.api.fluids.ModFlowingFluid
[13Mar2026 19:33:17.048] [modloading-worker-0/DEBUG] [mixin/]: moonlight.mixins.json:SelfModFlowingFluidMixin from mod moonlight: Class version 65 required is higher than the class version supported by the current version of Mixin (JAVA_17 supports class version 61)
[13Mar2026 19:33:17.048] [modloading-worker-0/DEBUG] [mixin/]: Renaming synthetic method lambda$afterInit$0(Lnet/neoforged/neoforge/fluids/FluidType;)Lnet/neoforged/neoforge/fluids/FluidType; to mdd6ddab$moonlight$lambda$afterInit$0$0 in moonlight.mixins.json:SelfModFlowingFluidMixin from mod moonlight
[13Mar2026 19:33:17.050] [modloading-worker-0/DEBUG] [net.neoforged.fml.javafmlmod.AutomaticEventSubscriber/]: Subscribing @EventBusSubscriber class Lnet/mehvahdjukaar/moonlight/api/client/neoforge/ForgeFluidTypeHelper; to the mod event bus of mod moonlight
[13Mar2026 19:33:17.102] [modloading-worker-0/DEBUG] [net.neoforged.neoforge.internal.versions.neoforge.NeoForgeVersion/CORE]: Found NeoForge version 21.1.219
[13Mar2026 19:33:17.103] [modloading-worker-0/DEBUG] [net.neoforged.neoforge.internal.versions.neoforge.NeoForgeVersion/CORE]: Found FML version 4.0.42
[13Mar2026 19:33:17.104] [modloading-worker-0/INFO] [net.neoforged.neoforge.common.NeoForgeMod/NEOFORGE-MOD]: NeoForge mod loading, version 21.1.219, for MC 1.21.1
[13Mar2026 19:33:17.127] [modloading-worker-0/DEBUG] [net.neoforged.fml.config.ConfigTracker/CONFIG]: Config file neoforge-client.toml for neoforge tracking
[13Mar2026 19:33:17.128] [modloading-worker-0/DEBUG] [net.neoforged.fml.config.ConfigTracker/CONFIG]: Config file neoforge-server.toml for neoforge tracking
[13Mar2026 19:33:17.128] [modloading-worker-0/DEBUG] [net.neoforged.fml.config.ConfigTracker/CONFIG]: Config file neoforge-common.toml for neoforge tracking
[13Mar2026 19:33:17.140] [modloading-worker-0/INFO] [net.blay09.mods.balm.neoforge.config.NeoForgeBalmConfig/]: Registering config for waystones:common (COMMON) with 31 properties.
[13Mar2026 19:33:17.141] [modloading-worker-0/DEBUG] [net.neoforged.fml.config.ConfigTracker/CONFIG]: Config file waystones-common.toml for waystones tracking
[13Mar2026 19:33:17.217] [modloading-worker-0/DEBUG] [net.neoforged.fml.javafmlmod.AutomaticEventSubscriber/LOADING]: Attempting to inject @EventBusSubscriber classes into the eventbus for neoforge
[13Mar2026 19:33:17.217] [modloading-worker-0/DEBUG] [net.neoforged.fml.javafmlmod.AutomaticEventSubscriber/LOADING]: Scanning class net.neoforged.neoforge.server.command.ConfigCommand for @SubscribeEvent-annotated methods
[13Mar2026 19:33:17.218] [modloading-worker-0/DEBUG] [net.neoforged.fml.javafmlmod.AutomaticEventSubscriber/]: Subscribing @EventBusSubscriber class Lnet/neoforged/neoforge/server/command/ConfigCommand; to the game event bus
[13Mar2026 19:33:17.219] [modloading-worker-0/DEBUG] [net.neoforged.fml.javafmlmod.AutomaticEventSubscriber/LOADING]: Scanning class net.neoforged.neoforge.network.filters.GenericPacketSplitter for @SubscribeEvent-annotated methods
[13Mar2026 19:33:17.262] [modloading-worker-0/DEBUG] [io.netty.buffer.AbstractByteBuf/]: -Dio.netty.buffer.checkAccessible: true
[13Mar2026 19:33:17.274] [modloading-worker-0/DEBUG] [io.netty.buffer.AbstractByteBuf/]: -Dio.netty.buffer.checkBounds: true
[13Mar2026 19:33:17.277] [modloading-worker-0/DEBUG] [io.netty.util.ResourceLeakDetectorFactory/]: Loaded default ResourceLeakDetector: io.netty.util.ResourceLeakDetector@54c4c0d
[13Mar2026 19:33:17.302] [modloading-worker-0/DEBUG] [io.netty.util.internal.InternalThreadLocalMap/]: -Dio.netty.threadLocalMap.stringBuilder.initialSize: 1024
[13Mar2026 19:33:17.302] [modloading-worker-0/DEBUG] [io.netty.util.internal.InternalThreadLocalMap/]: -Dio.netty.threadLocalMap.stringBuilder.maxSize: 4096
[13Mar2026 19:33:17.306] [modloading-worker-0/DEBUG] [io.netty.buffer.PooledByteBufAllocator/]: -Dio.netty.allocator.numHeapArenas: 16
[13Mar2026 19:33:17.307] [modloading-worker-0/DEBUG] [io.netty.buffer.PooledByteBufAllocator/]: -Dio.netty.allocator.numDirectArenas: 16
[13Mar2026 19:33:17.307] [modloading-worker-0/DEBUG] [io.netty.buffer.PooledByteBufAllocator/]: -Dio.netty.allocator.pageSize: 8192
[13Mar2026 19:33:17.307] [modloading-worker-0/DEBUG] [io.netty.buffer.PooledByteBufAllocator/]: -Dio.netty.allocator.maxOrder: 9
[13Mar2026 19:33:17.307] [modloading-worker-0/DEBUG] [io.netty.buffer.PooledByteBufAllocator/]: -Dio.netty.allocator.chunkSize: 4194304
[13Mar2026 19:33:17.307] [modloading-worker-0/DEBUG] [io.netty.buffer.PooledByteBufAllocator/]: -Dio.netty.allocator.smallCacheSize: 256
[13Mar2026 19:33:17.307] [modloading-worker-0/DEBUG] [io.netty.buffer.PooledByteBufAllocator/]: -Dio.netty.allocator.normalCacheSize: 64
[13Mar2026 19:33:17.307] [modloading-worker-0/DEBUG] [io.netty.buffer.PooledByteBufAllocator/]: -Dio.netty.allocator.maxCachedBufferCapacity: 32768
[13Mar2026 19:33:17.307] [modloading-worker-0/DEBUG] [io.netty.buffer.PooledByteBufAllocator/]: -Dio.netty.allocator.cacheTrimInterval: 8192
[13Mar2026 19:33:17.307] [modloading-worker-0/DEBUG] [io.netty.buffer.PooledByteBufAllocator/]: -Dio.netty.allocator.cacheTrimIntervalMillis: 0
[13Mar2026 19:33:17.307] [modloading-worker-0/DEBUG] [io.netty.buffer.PooledByteBufAllocator/]: -Dio.netty.allocator.useCacheForAllThreads: false
[13Mar2026 19:33:17.307] [modloading-worker-0/DEBUG] [io.netty.buffer.PooledByteBufAllocator/]: -Dio.netty.allocator.maxCachedByteBuffersPerChunk: 1023
[13Mar2026 19:33:17.319] [modloading-worker-0/DEBUG] [io.netty.buffer.ByteBufUtil/]: -Dio.netty.allocator.type: pooled
[13Mar2026 19:33:17.319] [modloading-worker-0/DEBUG] [io.netty.buffer.ByteBufUtil/]: -Dio.netty.threadLocalDirectBufferSize: 0
[13Mar2026 19:33:17.319] [modloading-worker-0/DEBUG] [io.netty.buffer.ByteBufUtil/]: -Dio.netty.maxThreadLocalCharBufferSize: 16384
[13Mar2026 19:33:17.328] [modloading-worker-0/DEBUG] [net.neoforged.fml.javafmlmod.AutomaticEventSubscriber/]: Subscribing @EventBusSubscriber class Lnet/neoforged/neoforge/network/filters/GenericPacketSplitter; to the mod event bus of mod neoforge
[13Mar2026 19:33:17.331] [modloading-worker-0/DEBUG] [net.neoforged.fml.javafmlmod.AutomaticEventSubscriber/LOADING]: Scanning class net.neoforged.neoforge.network.NetworkInitialization for @SubscribeEvent-annotated methods
[13Mar2026 19:33:17.332] [modloading-worker-0/DEBUG] [net.neoforged.fml.javafmlmod.AutomaticEventSubscriber/]: Subscribing @EventBusSubscriber class Lnet/neoforged/neoforge/network/NetworkInitialization; to the mod event bus of mod neoforge
[13Mar2026 19:33:17.332] [modloading-worker-0/DEBUG] [net.neoforged.fml.javafmlmod.AutomaticEventSubscriber/LOADING]: Scanning class net.neoforged.neoforge.network.ConfigurationInitialization for @SubscribeEvent-annotated methods
[13Mar2026 19:33:17.335] [modloading-worker-0/DEBUG] [net.neoforged.fml.javafmlmod.AutomaticEventSubscriber/]: Subscribing @EventBusSubscriber class Lnet/neoforged/neoforge/network/ConfigurationInitialization; to the mod event bus of mod neoforge
[13Mar2026 19:33:17.336] [modloading-worker-0/DEBUG] [net.neoforged.fml.javafmlmod.AutomaticEventSubscriber/LOADING]: Scanning class net.neoforged.neoforge.common.MonsterRoomHooks for @SubscribeEvent-annotated methods
[13Mar2026 19:33:17.338] [modloading-worker-0/DEBUG] [net.neoforged.fml.javafmlmod.AutomaticEventSubscriber/]: Subscribing @EventBusSubscriber class Lnet/neoforged/neoforge/common/MonsterRoomHooks; to the game event bus
[13Mar2026 19:33:17.338] [modloading-worker-0/DEBUG] [net.neoforged.fml.javafmlmod.AutomaticEventSubscriber/LOADING]: Scanning class net.neoforged.neoforge.common.DeferredSpawnEggItem$CommonHandler for @SubscribeEvent-annotated methods
[13Mar2026 19:33:17.339] [modloading-worker-0/DEBUG] [net.neoforged.fml.javafmlmod.AutomaticEventSubscriber/]: Subscribing @EventBusSubscriber class Lnet/neoforged/neoforge/common/DeferredSpawnEggItem$CommonHandler; to the mod event bus of mod neoforge
[13Mar2026 19:33:17.341] [modloading-worker-0/DEBUG] [net.neoforged.fml.javafmlmod.AutomaticEventSubscriber/LOADING]: Scanning class net.neoforged.neoforge.common.DeferredSpawnEggItem$ColorRegisterHandler for @SubscribeEvent-annotated methods
[13Mar2026 19:33:17.343] [modloading-worker-0/DEBUG] [net.neoforged.fml.javafmlmod.AutomaticEventSubscriber/]: Subscribing @EventBusSubscriber class Lnet/neoforged/neoforge/common/DeferredSpawnEggItem$ColorRegisterHandler; to the mod event bus of mod neoforge
[13Mar2026 19:33:17.344] [modloading-worker-0/DEBUG] [net.neoforged.fml.javafmlmod.AutomaticEventSubscriber/LOADING]: Scanning class net.neoforged.neoforge.client.model.data.ModelDataManager for @SubscribeEvent-annotated methods
[13Mar2026 19:33:17.347] [modloading-worker-0/DEBUG] [net.neoforged.fml.javafmlmod.AutomaticEventSubscriber/]: Subscribing @EventBusSubscriber class Lnet/neoforged/neoforge/client/model/data/ModelDataManager; to the game event bus
[13Mar2026 19:33:17.347] [modloading-worker-0/DEBUG] [net.neoforged.fml.javafmlmod.AutomaticEventSubscriber/LOADING]: Scanning class net.neoforged.neoforge.client.ParticleBoundsDebugRenderer for @SubscribeEvent-annotated methods
[13Mar2026 19:33:17.349] [modloading-worker-0/DEBUG] [net.neoforged.fml.javafmlmod.AutomaticEventSubscriber/]: Subscribing @EventBusSubscriber class Lnet/neoforged/neoforge/client/ParticleBoundsDebugRenderer; to the game event bus
[13Mar2026 19:33:17.353] [modloading-worker-0/DEBUG] [net.neoforged.fml.javafmlmod.AutomaticEventSubscriber/LOADING]: Scanning class net.neoforged.neoforge.client.ClientHooks$ClientEvents for @SubscribeEvent-annotated methods
[13Mar2026 19:33:17.355] [modloading-worker-0/DEBUG] [net.neoforged.fml.javafmlmod.AutomaticEventSubscriber/]: Subscribing @EventBusSubscriber class Lnet/neoforged/neoforge/client/ClientHooks$ClientEvents; to the mod event bus of mod neoforge
[13Mar2026 19:33:17.356] [modloading-worker-0/DEBUG] [net.neoforged.fml.javafmlmod.AutomaticEventSubscriber/LOADING]: Scanning class net.neoforged.neoforge.client.BlockEntityRenderBoundsDebugRenderer for @SubscribeEvent-annotated methods
[13Mar2026 19:33:17.357] [modloading-worker-0/DEBUG] [net.neoforged.fml.javafmlmod.AutomaticEventSubscriber/]: Subscribing @EventBusSubscriber class Lnet/neoforged/neoforge/client/BlockEntityRenderBoundsDebugRenderer; to the game event bus
[13Mar2026 19:33:17.360] [modloading-worker-0/DEBUG] [net.neoforged.fml.javafmlmod.AutomaticEventSubscriber/LOADING]: Scanning class net.neoforged.neoforge.attachment.AttachmentSync for @SubscribeEvent-annotated methods
[13Mar2026 19:33:17.365] [modloading-worker-0/DEBUG] [net.neoforged.fml.javafmlmod.AutomaticEventSubscriber/]: Subscribing @EventBusSubscriber class Lnet/neoforged/neoforge/attachment/AttachmentSync; to the game event bus
[13Mar2026 19:33:17.368] [modloading-worker-0/DEBUG] [net.neoforged.fml.javafmlmod.AutomaticEventSubscriber/LOADING]: Scanning class net.neoforged.neoforge.attachment.AttachmentInternals for @SubscribeEvent-annotated methods
[13Mar2026 19:33:17.369] [modloading-worker-0/DEBUG] [net.neoforged.fml.javafmlmod.AutomaticEventSubscriber/]: Subscribing @EventBusSubscriber class Lnet/neoforged/neoforge/attachment/AttachmentInternals; to the game event bus
[13Mar2026 19:33:17.404] [modloading-worker-0/DEBUG] [mixin/]: Mixing GameRendererAccessor from shouldersurfing.common.mixins.json into net.minecraft.client.renderer.GameRenderer
[13Mar2026 19:33:17.404] [modloading-worker-0/DEBUG] [mixin/]: shouldersurfing.common.mixins.json:GameRendererAccessor from mod shouldersurfing: Class version 65 required is higher than the class version supported by the current version of Mixin (JAVA_17 supports class version 61)
[13Mar2026 19:33:17.404] [modloading-worker-0/DEBUG] [mixin/]: Mixing MixinGameRenderer from shouldersurfing.common.mixins.json into net.minecraft.client.renderer.GameRenderer
[13Mar2026 19:33:17.404] [modloading-worker-0/DEBUG] [mixin/]: shouldersurfing.common.mixins.json:MixinGameRenderer from mod shouldersurfing: Class version 65 required is higher than the class version supported by the current version of Mixin (JAVA_17 supports class version 61)
[13Mar2026 19:33:17.405] [modloading-worker-0/DEBUG] [mixin/]: Mixing GameRendererMixin from jahdoo.mixins.json into net.minecraft.client.renderer.GameRenderer
[13Mar2026 19:33:17.406] [modloading-worker-0/DEBUG] [mixin/]: jahdoo.mixins.json:GameRendererMixin from mod jahdoo: Class version 65 required is higher than the class version supported by the current version of Mixin (JAVA_17 supports class version 61)
[13Mar2026 19:33:17.419] [modloading-worker-0/DEBUG] [mixin/]: jahdoo.mixins.json:GameRendererMixin from mod jahdoo->@Inject::disableViewBobbing(Lcom/mojang/blaze3d/vertex/PoseStack;FLorg/spongepowered/asm/mixin/injection/callback/CallbackInfo;)V does use it's CallbackInfo
[13Mar2026 19:33:17.445] [modloading-worker-0/INFO] [thedarkcolour.kotlinforforge.neoforge.test.KotlinForForge/]: Kotlin For Forge Enabled!
[13Mar2026 19:33:17.445] [modloading-worker-0/INFO] [arcade/]: Initializing Arcade!
[13Mar2026 19:33:17.449] [modloading-worker-0/DEBUG] [thedarkcolour.kotlinforforge.neoforge.LoggerKt/LOADING]: Attempting to inject @EventBusSubscriber kotlin objects in to the event bus for arcade
[13Mar2026 19:33:17.449] [modloading-worker-0/DEBUG] [thedarkcolour.kotlinforforge.neoforge.LoggerKt/LOADING]: Attempting to inject @EventBusSubscriber kotlin objects in to the event bus for kotlinforforge
[13Mar2026 19:33:17.483] [modloading-worker-0/DEBUG] [thedarkcolour.kotlinforforge.neoforge.LoggerKt/LOADING]: Attempting to inject @EventBusSubscriber kotlin objects in to the event bus for shaydeeapi
[13Mar2026 19:33:17.490] [modloading-worker-0/DEBUG] [thedarkcolour.kotlinforforge.neoforge.LoggerKt/LOADING]: Attempting to inject @EventBusSubscriber kotlin objects in to the event bus for loot_beams_neoforge
[13Mar2026 19:33:17.637] [modloading-worker-0/DEBUG] [net.neoforged.fml.config.ConfigTracker/CONFIG]: Config file cataclysm-client.toml for cataclysm tracking
[13Mar2026 19:33:17.638] [modloading-worker-0/DEBUG] [net.neoforged.fml.config.ConfigTracker/CONFIG]: Config file cataclysm-common.toml for cataclysm tracking
[13Mar2026 19:33:17.638] [modloading-worker-0/DEBUG] [net.neoforged.fml.javafmlmod.AutomaticEventSubscriber/LOADING]: Attempting to inject @EventBusSubscriber classes into the eventbus for cataclysm
[13Mar2026 19:33:17.638] [modloading-worker-0/DEBUG] [net.neoforged.fml.javafmlmod.AutomaticEventSubscriber/LOADING]: Scanning class com.github.L_Ender.cataclysm.init.ModEntities for @SubscribeEvent-annotated methods
[13Mar2026 19:33:17.639] [modloading-worker-0/DEBUG] [net.neoforged.fml.javafmlmod.AutomaticEventSubscriber/]: Subscribing @EventBusSubscriber class Lcom/github/L_Ender/cataclysm/init/ModEntities; to the mod event bus of mod cataclysm
[13Mar2026 19:33:17.640] [modloading-worker-0/DEBUG] [net.neoforged.fml.javafmlmod.AutomaticEventSubscriber/LOADING]: Scanning class com.github.L_Ender.cataclysm.init.ModAttribute for @SubscribeEvent-annotated methods
[13Mar2026 19:33:17.640] [modloading-worker-0/DEBUG] [net.neoforged.fml.javafmlmod.AutomaticEventSubscriber/]: Subscribing @EventBusSubscriber class Lcom/github/L_Ender/cataclysm/init/ModAttribute; to the mod event bus of mod cataclysm
[13Mar2026 19:33:17.643] [modloading-worker-0/DEBUG] [net.neoforged.fml.javafmlmod.AutomaticEventSubscriber/LOADING]: Scanning class com.github.L_Ender.cataclysm.event.ServerEventHandler for @SubscribeEvent-annotated methods
[13Mar2026 19:33:17.646] [modloading-worker-0/DEBUG] [net.neoforged.fml.javafmlmod.AutomaticEventSubscriber/]: Subscribing @EventBusSubscriber class Lcom/github/L_Ender/cataclysm/event/ServerEventHandler; to the game event bus
[13Mar2026 19:33:17.675] [modloading-worker-0/DEBUG] [mixin/]: Mixing ItemRenderMixin from jahdoo.mixins.json into net.minecraft.client.renderer.entity.ItemRenderer
[13Mar2026 19:33:17.675] [modloading-worker-0/DEBUG] [mixin/]: jahdoo.mixins.json:ItemRenderMixin from mod jahdoo: Class version 65 required is higher than the class version supported by the current version of Mixin (JAVA_17 supports class version 61)
[13Mar2026 19:33:17.675] [modloading-worker-0/DEBUG] [mixin/]: Renaming synthetic method lambda$overlayStuff$0(Lnet/minecraft/world/item/ItemDisplayContext;IILcom/mojang/blaze3d/vertex/PoseStack;Lnet/minecraft/client/renderer/MultiBufferSource;Lnet/minecraft/world/item/ItemStack;)V to mdd6ddab$jahdoo$lambda$overlayStuff$0$0 in jahdoo.mixins.json:ItemRenderMixin from mod jahdoo
[13Mar2026 19:33:17.680] [modloading-worker-0/DEBUG] [mixin/]: jahdoo.mixins.json:ItemRenderMixin from mod jahdoo->@Inject::overlayStuff(Lnet/minecraft/world/item/ItemStack;Lnet/minecraft/world/item/ItemDisplayContext;ZLcom/mojang/blaze3d/vertex/PoseStack;Lnet/minecraft/client/renderer/MultiBufferSource;IILnet/minecraft/client/resources/model/BakedModel;Lorg/spongepowered/asm/mixin/injection/callback/CallbackInfo;)V doesn't use it's CallbackInfo
[13Mar2026 19:33:17.680] [modloading-worker-0/DEBUG] [mixin/]: jahdoo.mixins.json:ItemRenderMixin from mod jahdoo->@Inject::overlayStuff(Lnet/minecraft/world/item/ItemStack;Lnet/minecraft/world/item/ItemDisplayContext;ZLcom/mojang/blaze3d/vertex/PoseStack;Lnet/minecraft/client/renderer/MultiBufferSource;IILnet/minecraft/client/resources/model/BakedModel;Lorg/spongepowered/asm/mixin/injection/callback/CallbackInfo;)V has 0 override(s) in child classes
[13Mar2026 19:33:17.680] [modloading-worker-0/DEBUG] [mixin/]: jahdoo.mixins.json:ItemRenderMixin from mod jahdoo->@Inject::overlayStuff(Lnet/minecraft/world/item/ItemStack;Lnet/minecraft/world/item/ItemDisplayContext;ZLcom/mojang/blaze3d/vertex/PoseStack;Lnet/minecraft/client/renderer/MultiBufferSource;IILnet/minecraft/client/resources/model/BakedModel;Lorg/spongepowered/asm/mixin/injection/callback/CallbackInfo;)V won't be passed a CallbackInfo as a result
[13Mar2026 19:33:17.703] [modloading-worker-0/DEBUG] [mixin/]: Mixing client.LevelRendererMixin from geckolib.mixins.json into net.minecraft.client.renderer.LevelRenderer
[13Mar2026 19:33:17.703] [modloading-worker-0/DEBUG] [mixin/]: geckolib.mixins.json:client.LevelRendererMixin from mod geckolib: Class version 65 required is higher than the class version supported by the current version of Mixin (JAVA_17 supports class version 61)
[13Mar2026 19:33:17.703] [modloading-worker-0/DEBUG] [mixin/]: Renaming synthetic method lambda$geckolib$captureRenderedEntities$0(I)D to mdd6ddab$geckolib$lambda$geckolib$captureRenderedEntities$0$0 in geckolib.mixins.json:client.LevelRendererMixin from mod geckolib
[13Mar2026 19:33:17.705] [modloading-worker-0/DEBUG] [mixin/]: Mixing MixinLevelRenderer from shouldersurfing.common.mixins.json into net.minecraft.client.renderer.LevelRenderer
[13Mar2026 19:33:17.705] [modloading-worker-0/DEBUG] [mixin/]: shouldersurfing.common.mixins.json:MixinLevelRenderer from mod shouldersurfing: Class version 65 required is higher than the class version supported by the current version of Mixin (JAVA_17 supports class version 61)
[13Mar2026 19:33:17.706] [modloading-worker-0/DEBUG] [mixin/]: Mixing firstPerson.LevelRendererMixin from playerAnimator-common.mixins.json into net.minecraft.client.renderer.LevelRenderer
[13Mar2026 19:33:17.724] [modloading-worker-0/DEBUG] [mixin/]: geckolib.mixins.json:client.LevelRendererMixin from mod geckolib->@Inject::geckolib$captureRenderedEntities(Lnet/minecraft/client/DeltaTracker;ZLnet/minecraft/client/Camera;Lnet/minecraft/client/renderer/GameRenderer;Lnet/minecraft/client/renderer/LightTexture;Lorg/joml/Matrix4f;Lorg/joml/Matrix4f;Lorg/spongepowered/asm/mixin/injection/callback/CallbackInfo;)V doesn't use it's CallbackInfo
[13Mar2026 19:33:17.724] [modloading-worker-0/DEBUG] [mixin/]: geckolib.mixins.json:client.LevelRendererMixin from mod geckolib->@Inject::geckolib$captureRenderedEntities(Lnet/minecraft/client/DeltaTracker;ZLnet/minecraft/client/Camera;Lnet/minecraft/client/renderer/GameRenderer;Lnet/minecraft/client/renderer/LightTexture;Lorg/joml/Matrix4f;Lorg/joml/Matrix4f;Lorg/spongepowered/asm/mixin/injection/callback/CallbackInfo;)V has 0 override(s) in child classes
[13Mar2026 19:33:17.724] [modloading-worker-0/DEBUG] [mixin/]: geckolib.mixins.json:client.LevelRendererMixin from mod geckolib->@Inject::geckolib$captureRenderedEntities(Lnet/minecraft/client/DeltaTracker;ZLnet/minecraft/client/Camera;Lnet/minecraft/client/renderer/GameRenderer;Lnet/minecraft/client/renderer/LightTexture;Lorg/joml/Matrix4f;Lorg/joml/Matrix4f;Lorg/spongepowered/asm/mixin/injection/callback/CallbackInfo;)V won't be passed a CallbackInfo as a result
[13Mar2026 19:33:17.725] [modloading-worker-0/DEBUG] [mixin/]: shouldersurfing.common.mixins.json:MixinLevelRenderer from mod shouldersurfing->@Inject::preRender(Lnet/minecraft/world/entity/Entity;DDDFLcom/mojang/blaze3d/vertex/PoseStack;Lnet/minecraft/client/renderer/MultiBufferSource;Lorg/spongepowered/asm/mixin/injection/callback/CallbackInfo;)V does use it's CallbackInfo
[13Mar2026 19:33:17.725] [modloading-worker-0/DEBUG] [mixin/]: shouldersurfing.common.mixins.json:MixinLevelRenderer from mod shouldersurfing->@Inject::postRender(Lnet/minecraft/world/entity/Entity;DDDFLcom/mojang/blaze3d/vertex/PoseStack;Lnet/minecraft/client/renderer/MultiBufferSource;Lorg/spongepowered/asm/mixin/injection/callback/CallbackInfo;)V doesn't use it's CallbackInfo
[13Mar2026 19:33:17.725] [modloading-worker-0/DEBUG] [mixin/]: shouldersurfing.common.mixins.json:MixinLevelRenderer from mod shouldersurfing->@Inject::postRender(Lnet/minecraft/world/entity/Entity;DDDFLcom/mojang/blaze3d/vertex/PoseStack;Lnet/minecraft/client/renderer/MultiBufferSource;Lorg/spongepowered/asm/mixin/injection/callback/CallbackInfo;)V has 0 override(s) in child classes
[13Mar2026 19:33:17.725] [modloading-worker-0/DEBUG] [mixin/]: shouldersurfing.common.mixins.json:MixinLevelRenderer from mod shouldersurfing->@Inject::postRender(Lnet/minecraft/world/entity/Entity;DDDFLcom/mojang/blaze3d/vertex/PoseStack;Lnet/minecraft/client/renderer/MultiBufferSource;Lorg/spongepowered/asm/mixin/injection/callback/CallbackInfo;)V won't be passed a CallbackInfo as a result
[13Mar2026 19:33:17.725] [modloading-worker-0/DEBUG] [mixin/]: playerAnimator-common.mixins.json:firstPerson.LevelRendererMixin from mod playeranimator->@Inject::fakeThirdPersonMode(Lnet/minecraft/client/DeltaTracker;ZLnet/minecraft/client/Camera;Lnet/minecraft/client/renderer/GameRenderer;Lnet/minecraft/client/renderer/LightTexture;Lorg/joml/Matrix4f;Lorg/joml/Matrix4f;Lorg/spongepowered/asm/mixin/injection/callback/CallbackInfo;)V doesn't use it's CallbackInfo
[13Mar2026 19:33:17.725] [modloading-worker-0/DEBUG] [mixin/]: playerAnimator-common.mixins.json:firstPerson.LevelRendererMixin from mod playeranimator->@Inject::fakeThirdPersonMode(Lnet/minecraft/client/DeltaTracker;ZLnet/minecraft/client/Camera;Lnet/minecraft/client/renderer/GameRenderer;Lnet/minecraft/client/renderer/LightTexture;Lorg/joml/Matrix4f;Lorg/joml/Matrix4f;Lorg/spongepowered/asm/mixin/injection/callback/CallbackInfo;)V has 0 override(s) in child classes
[13Mar2026 19:33:17.725] [modloading-worker-0/DEBUG] [mixin/]: playerAnimator-common.mixins.json:firstPerson.LevelRendererMixin from mod playeranimator->@Inject::fakeThirdPersonMode(Lnet/minecraft/client/DeltaTracker;ZLnet/minecraft/client/Camera;Lnet/minecraft/client/renderer/GameRenderer;Lnet/minecraft/client/renderer/LightTexture;Lorg/joml/Matrix4f;Lorg/joml/Matrix4f;Lorg/spongepowered/asm/mixin/injection/callback/CallbackInfo;)V won't be passed a CallbackInfo as a result
[13Mar2026 19:33:17.725] [modloading-worker-0/DEBUG] [mixin/]: playerAnimator-common.mixins.json:firstPerson.LevelRendererMixin from mod playeranimator->@Inject::resetThirdPerson(Lnet/minecraft/client/DeltaTracker;ZLnet/minecraft/client/Camera;Lnet/minecraft/client/renderer/GameRenderer;Lnet/minecraft/client/renderer/LightTexture;Lorg/joml/Matrix4f;Lorg/joml/Matrix4f;Lorg/spongepowered/asm/mixin/injection/callback/CallbackInfo;)V doesn't use it's CallbackInfo
[13Mar2026 19:33:17.725] [modloading-worker-0/DEBUG] [mixin/]: playerAnimator-common.mixins.json:firstPerson.LevelRendererMixin from mod playeranimator->@Inject::resetThirdPerson(Lnet/minecraft/client/DeltaTracker;ZLnet/minecraft/client/Camera;Lnet/minecraft/client/renderer/GameRenderer;Lnet/minecraft/client/renderer/LightTexture;Lorg/joml/Matrix4f;Lorg/joml/Matrix4f;Lorg/spongepowered/asm/mixin/injection/callback/CallbackInfo;)V has 0 override(s) in child classes
[13Mar2026 19:33:17.725] [modloading-worker-0/DEBUG] [mixin/]: playerAnimator-common.mixins.json:firstPerson.LevelRendererMixin from mod playeranimator->@Inject::resetThirdPerson(Lnet/minecraft/client/DeltaTracker;ZLnet/minecraft/client/Camera;Lnet/minecraft/client/renderer/GameRenderer;Lnet/minecraft/client/renderer/LightTexture;Lorg/joml/Matrix4f;Lorg/joml/Matrix4f;Lorg/spongepowered/asm/mixin/injection/callback/CallbackInfo;)V won't be passed a CallbackInfo as a result
[13Mar2026 19:33:17.725] [modloading-worker-0/DEBUG] [mixin/]: playerAnimator-common.mixins.json:firstPerson.LevelRendererMixin from mod playeranimator->@Inject::dontRenderEntity_End(Lnet/minecraft/world/entity/Entity;DDDFLcom/mojang/blaze3d/vertex/PoseStack;Lnet/minecraft/client/renderer/MultiBufferSource;Lorg/spongepowered/asm/mixin/injection/callback/CallbackInfo;)V doesn't use it's CallbackInfo
[13Mar2026 19:33:17.725] [modloading-worker-0/DEBUG] [mixin/]: playerAnimator-common.mixins.json:firstPerson.LevelRendererMixin from mod playeranimator->@Inject::dontRenderEntity_End(Lnet/minecraft/world/entity/Entity;DDDFLcom/mojang/blaze3d/vertex/PoseStack;Lnet/minecraft/client/renderer/MultiBufferSource;Lorg/spongepowered/asm/mixin/injection/callback/CallbackInfo;)V has 0 override(s) in child classes
[13Mar2026 19:33:17.725] [modloading-worker-0/DEBUG] [mixin/]: playerAnimator-common.mixins.json:firstPerson.LevelRendererMixin from mod playeranimator->@Inject::dontRenderEntity_End(Lnet/minecraft/world/entity/Entity;DDDFLcom/mojang/blaze3d/vertex/PoseStack;Lnet/minecraft/client/renderer/MultiBufferSource;Lorg/spongepowered/asm/mixin/injection/callback/CallbackInfo;)V won't be passed a CallbackInfo as a result
[13Mar2026 19:33:17.765] [modloading-worker-0/DEBUG] [net.neoforged.fml.javafmlmod.AutomaticEventSubscriber/LOADING]: Attempting to inject @EventBusSubscriber classes into the eventbus for waystones
[13Mar2026 19:33:17.778] [modloading-worker-0/DEBUG] [thedarkcolour.kotlinforforge.neoforge.LoggerKt/LOADING]: Auto-subscribing kotlin object org.shaydee.shaydeeapi.events.ClientEventBus@17e6af23 to MOD
[13Mar2026 19:33:17.778] [modloading-worker-0/DEBUG] [thedarkcolour.kotlinforforge.neoforge.LoggerKt/LOADING]: Auto-subscribing kotlin object net.casual.arcade.Arcade@9e37c2 to MOD
[13Mar2026 19:33:17.778] [modloading-worker-0/DEBUG] [thedarkcolour.kotlinforforge.neoforge.LoggerKt/LOADING]: Auto-subscribing kotlin object org.shaydee.loot_beams_neoforge.events.ServerEvents@7027b7f to GAME
[13Mar2026 19:33:17.781] [modloading-worker-0/DEBUG] [thedarkcolour.kotlinforforge.neoforge.LoggerKt/LOADING]: Auto-subscribing kotlin object org.shaydee.loot_beams_neoforge.events.ClientEventBus@3896f127 to MOD
[13Mar2026 19:33:17.787] [modloading-worker-0/DEBUG] [thedarkcolour.kotlinforforge.neoforge.LoggerKt/LOADING]: Auto-subscribing kotlin object org.shaydee.loot_beams_neoforge.events.ClientEvent@138d6c17 to GAME
[13Mar2026 19:33:17.831] [modloading-worker-0/DEBUG] [thedarkcolour.kotlinforforge.neoforge.LoggerKt/LOADING]: Auto-subscribing kotlin object org.shaydee.loot_beams_neoforge.ClientSetup@6a4bee90 to GAME
[13Mar2026 19:33:17.863] [modloading-worker-0/DEBUG] [net.neoforged.fml.javafmlmod.AutomaticEventSubscriber/LOADING]: Attempting to inject @EventBusSubscriber classes into the eventbus for jahdoo
[13Mar2026 19:33:17.863] [modloading-worker-0/DEBUG] [net.neoforged.fml.javafmlmod.AutomaticEventSubscriber/LOADING]: Scanning class org.jahdoo.common.client.screens.AbilityWheelScreen for @SubscribeEvent-annotated methods
[13Mar2026 19:33:17.868] [modloading-worker-0/DEBUG] [net.neoforged.fml.javafmlmod.AutomaticEventSubscriber/]: Subscribing @EventBusSubscriber class Lorg/jahdoo/common/client/screens/AbilityWheelScreen; to the game event bus
[13Mar2026 19:33:17.874] [modloading-worker-0/DEBUG] [net.neoforged.fml.javafmlmod.AutomaticEventSubscriber/LOADING]: Scanning class org.jahdoo.common.event.ClientEvents for @SubscribeEvent-annotated methods
[13Mar2026 19:33:17.877] [modloading-worker-0/DEBUG] [net.neoforged.fml.javafmlmod.AutomaticEventSubscriber/]: Subscribing @EventBusSubscriber class Lorg/jahdoo/common/event/ClientEvents; to the game event bus
[13Mar2026 19:33:17.881] [modloading-worker-0/DEBUG] [net.neoforged.fml.javafmlmod.AutomaticEventSubscriber/LOADING]: Scanning class org.jahdoo.common.event.ServerEvents for @SubscribeEvent-annotated methods
[13Mar2026 19:33:17.883] [modloading-worker-0/DEBUG] [net.neoforged.fml.javafmlmod.AutomaticEventSubscriber/]: Subscribing @EventBusSubscriber class Lorg/jahdoo/common/event/ServerEvents; to the game event bus
[13Mar2026 19:33:17.898] [modloading-worker-0/DEBUG] [net.neoforged.fml.javafmlmod.AutomaticEventSubscriber/LOADING]: Scanning class org.jahdoo.common.items.caster_item.StaffArmPose for @SubscribeEvent-annotated methods
[13Mar2026 19:33:17.899] [modloading-worker-0/DEBUG] [net.neoforged.fml.javafmlmod.AutomaticEventSubscriber/]: Subscribing @EventBusSubscriber class Lorg/jahdoo/common/items/caster_item/StaffArmPose; to the mod event bus of mod jahdoo
[13Mar2026 19:33:17.900] [modloading-worker-0/DEBUG] [net.neoforged.fml.javafmlmod.AutomaticEventSubscriber/LOADING]: Scanning class org.jahdoo.common.networking.Network for @SubscribeEvent-annotated methods
[13Mar2026 19:33:17.901] [modloading-worker-0/DEBUG] [net.neoforged.fml.javafmlmod.AutomaticEventSubscriber/]: Subscribing @EventBusSubscriber class Lorg/jahdoo/common/networking/Network; to the mod event bus of mod jahdoo
[13Mar2026 19:33:17.905] [modloading-sync-worker/DEBUG] [jahdoo_mod/]: SpellRegistry.registerRegistry
[13Mar2026 19:33:17.905] [modloading-sync-worker/DEBUG] [jahdoo_mod/]: StatEntry.RegisterRegistry
[13Mar2026 19:33:17.905] [modloading-sync-worker/DEBUG] [jahdoo_mod/]: Element.RegisterRegistry
[13Mar2026 19:33:17.905] [modloading-sync-worker/DEBUG] [jahdoo_mod/]: Entity.Effect.RegisterRegistry
[13Mar2026 19:33:17.905] [modloading-sync-worker/DEBUG] [jahdoo_mod/]: EntityProperty.registerRegistry
[13Mar2026 19:33:17.905] [modloading-sync-worker/DEBUG] [jahdoo_mod/]: CreatorRecipe.RegisterRegistry
[13Mar2026 19:33:17.905] [modloading-sync-worker/DEBUG] [jahdoo_mod/]: Element.RegisterRegistry
[13Mar2026 19:33:17.905] [modloading-sync-worker/DEBUG] [jahdoo_mod/]: PlayerBoon.RegisterRegistry
[13Mar2026 19:33:17.905] [modloading-sync-worker/DEBUG] [jahdoo_mod/]: SKill.RegisterRegistry
[13Mar2026 19:33:17.905] [modloading-sync-worker/DEBUG] [jahdoo_mod/]: Quest.RegisterRegistry
[13Mar2026 19:33:17.905] [modloading-sync-worker/DEBUG] [jahdoo_mod/]: Rune.RegisterRegistry
[13Mar2026 19:33:17.905] [modloading-sync-worker/DEBUG] [jahdoo_mod/]: Task.RegisterRegistry
[13Mar2026 19:33:18.673] [modloading-sync-worker/DEBUG] [GeckoLib/]: Registered SyncedAnimatable for class org.jahdoo.common.items.block_items.DisassemblerBlockItem
[13Mar2026 19:33:18.930] [modloading-sync-worker/DEBUG] [GeckoLib/]: Registered SyncedAnimatable for class org.jahdoo.common.items.block_items.ChallengeAltarBlockItem
[13Mar2026 19:33:18.932] [modloading-sync-worker/DEBUG] [GeckoLib/]: Registered SyncedAnimatable for class org.jahdoo.common.items.block_items.LootChestBlockItem
[13Mar2026 19:33:18.932] [modloading-sync-worker/DEBUG] [GeckoLib/]: Registered SyncedAnimatable for class org.jahdoo.common.items.block_items.ModularChaosCubeItem
[13Mar2026 19:33:18.933] [modloading-sync-worker/DEBUG] [GeckoLib/]: Registered SyncedAnimatable for class org.jahdoo.common.items.block_items.MysticalAugmenterItem
[13Mar2026 19:33:18.933] [modloading-sync-worker/DEBUG] [GeckoLib/]: Registered SyncedAnimatable for class org.jahdoo.common.items.caster_item.basic_wand.StarterWand
[13Mar2026 19:33:18.933] [modloading-sync-worker/DEBUG] [GeckoLib/]: Registered SyncedAnimatable for class org.jahdoo.common.items.caster_item.elemental_wand.MysticWand
[13Mar2026 19:33:18.933] [modloading-sync-worker/DEBUG] [GeckoLib/]: Registered SyncedAnimatable for class org.jahdoo.common.items.caster_item.elemental_wand.FrostWand
[13Mar2026 19:33:18.933] [modloading-sync-worker/DEBUG] [GeckoLib/]: Registered SyncedAnimatable for class org.jahdoo.common.items.caster_item.elemental_wand.InfernoWand
[13Mar2026 19:33:18.933] [modloading-sync-worker/DEBUG] [GeckoLib/]: Registered SyncedAnimatable for class org.jahdoo.common.items.caster_item.elemental_wand.VitalityWand
[13Mar2026 19:33:18.952] [modloading-sync-worker/INFO] [Moonlight/]: Initialized block sets in 10ms
[13Mar2026 19:33:19.447] [modloading-sync-worker/DEBUG] [net.neoforged.fml.config.ConfigTracker/CONFIG]: Loading configs type CLIENT
[13Mar2026 19:33:19.464] [modloading-sync-worker/DEBUG] [net.neoforged.fml.config.ConfigTracker/CONFIG]: Loaded TOML config file C:\Users\JayDeeHome\Documents\Development\Jahdoo Neoforge\run\config\shouldersurfing-client.toml
[13Mar2026 19:33:19.474] [modloading-sync-worker/DEBUG] [net.neoforged.fml.config.ConfigTracker/CONFIG]: Watching TOML config file C:\Users\JayDeeHome\Documents\Development\Jahdoo Neoforge\run\config\shouldersurfing-client.toml for changes
[13Mar2026 19:33:19.475] [modloading-sync-worker/DEBUG] [net.neoforged.fml.config.ConfigTracker/CONFIG]: Loaded TOML config file C:\Users\JayDeeHome\Documents\Development\Jahdoo Neoforge\run\config\dummmmmmy-client.toml
[13Mar2026 19:33:19.476] [modloading-sync-worker/DEBUG] [net.neoforged.fml.config.ConfigTracker/CONFIG]: Watching TOML config file C:\Users\JayDeeHome\Documents\Development\Jahdoo Neoforge\run\config\dummmmmmy-client.toml for changes
[13Mar2026 19:33:19.476] [modloading-sync-worker/DEBUG] [net.neoforged.fml.config.ConfigTracker/CONFIG]: Loaded TOML config file C:\Users\JayDeeHome\Documents\Development\Jahdoo Neoforge\run\config\curios-client.toml
[13Mar2026 19:33:19.477] [modloading-sync-worker/DEBUG] [net.neoforged.fml.config.ConfigTracker/CONFIG]: Watching TOML config file C:\Users\JayDeeHome\Documents\Development\Jahdoo Neoforge\run\config\curios-client.toml for changes
[13Mar2026 19:33:19.477] [modloading-sync-worker/DEBUG] [net.neoforged.fml.config.ConfigTracker/CONFIG]: Loaded TOML config file C:\Users\JayDeeHome\Documents\Development\Jahdoo Neoforge\run\config\jahdoo-client.toml
[13Mar2026 19:33:19.478] [modloading-sync-worker/DEBUG] [net.neoforged.fml.config.ConfigTracker/CONFIG]: Watching TOML config file C:\Users\JayDeeHome\Documents\Development\Jahdoo Neoforge\run\config\jahdoo-client.toml for changes
[13Mar2026 19:33:19.478] [modloading-sync-worker/DEBUG] [net.neoforged.fml.config.ConfigTracker/CONFIG]: Loaded TOML config file C:\Users\JayDeeHome\Documents\Development\Jahdoo Neoforge\run\config\moonlight-client.toml
[13Mar2026 19:33:19.479] [modloading-sync-worker/DEBUG] [net.neoforged.fml.config.ConfigTracker/CONFIG]: Watching TOML config file C:\Users\JayDeeHome\Documents\Development\Jahdoo Neoforge\run\config\moonlight-client.toml for changes
[13Mar2026 19:33:19.479] [modloading-sync-worker/DEBUG] [net.neoforged.neoforge.common.NeoForgeConfig/FORGEMOD]: Loaded NeoForge config file neoforge-client.toml
[13Mar2026 19:33:19.479] [modloading-sync-worker/DEBUG] [net.neoforged.fml.config.ConfigTracker/CONFIG]: Loaded TOML config file C:\Users\JayDeeHome\Documents\Development\Jahdoo Neoforge\run\config\neoforge-client.toml
[13Mar2026 19:33:19.480] [modloading-sync-worker/DEBUG] [net.neoforged.fml.config.ConfigTracker/CONFIG]: Watching TOML config file C:\Users\JayDeeHome\Documents\Development\Jahdoo Neoforge\run\config\neoforge-client.toml for changes
[13Mar2026 19:33:19.480] [modloading-sync-worker/DEBUG] [net.neoforged.fml.config.ConfigTracker/CONFIG]: Loaded TOML config file C:\Users\JayDeeHome\Documents\Development\Jahdoo Neoforge\run\config\cataclysm-client.toml
[13Mar2026 19:33:19.480] [modloading-sync-worker/DEBUG] [net.neoforged.fml.config.ConfigTracker/CONFIG]: Watching TOML config file C:\Users\JayDeeHome\Documents\Development\Jahdoo Neoforge\run\config\cataclysm-client.toml for changes
[13Mar2026 19:33:19.480] [modloading-sync-worker/DEBUG] [net.neoforged.fml.config.ConfigTracker/CONFIG]: Loading configs type COMMON
[13Mar2026 19:33:19.482] [modloading-sync-worker/INFO] [Moonlight/]: Detected config change in moonlight-common.toml, from neoforge config event
[13Mar2026 19:33:19.482] [modloading-sync-worker/DEBUG] [net.neoforged.fml.config.ConfigTracker/CONFIG]: Loaded TOML config file C:\Users\JayDeeHome\Documents\Development\Jahdoo Neoforge\run\config\moonlight-common.toml
[13Mar2026 19:33:19.482] [modloading-sync-worker/DEBUG] [net.neoforged.fml.config.ConfigTracker/CONFIG]: Watching TOML config file C:\Users\JayDeeHome\Documents\Development\Jahdoo Neoforge\run\config\moonlight-common.toml for changes
[13Mar2026 19:33:19.483] [modloading-sync-worker/DEBUG] [net.neoforged.fml.config.ConfigTracker/CONFIG]: Loaded TOML config file C:\Users\JayDeeHome\Documents\Development\Jahdoo Neoforge\run\config\dummmmmmy-common.toml
[13Mar2026 19:33:19.483] [modloading-sync-worker/DEBUG] [net.neoforged.fml.config.ConfigTracker/CONFIG]: Watching TOML config file C:\Users\JayDeeHome\Documents\Development\Jahdoo Neoforge\run\config\dummmmmmy-common.toml for changes
[13Mar2026 19:33:19.483] [modloading-sync-worker/DEBUG] [net.neoforged.fml.config.ConfigTracker/CONFIG]: Loaded TOML config file C:\Users\JayDeeHome\Documents\Development\Jahdoo Neoforge\run\config\curios-common.toml
[13Mar2026 19:33:19.484] [modloading-sync-worker/DEBUG] [net.neoforged.fml.config.ConfigTracker/CONFIG]: Watching TOML config file C:\Users\JayDeeHome\Documents\Development\Jahdoo Neoforge\run\config\curios-common.toml for changes
[13Mar2026 19:33:19.484] [modloading-sync-worker/DEBUG] [net.neoforged.neoforge.common.NeoForgeConfig/FORGEMOD]: Loaded NeoForge config file neoforge-common.toml
[13Mar2026 19:33:19.484] [modloading-sync-worker/DEBUG] [net.neoforged.fml.config.ConfigTracker/CONFIG]: Loaded TOML config file C:\Users\JayDeeHome\Documents\Development\Jahdoo Neoforge\run\config\neoforge-common.toml
[13Mar2026 19:33:19.484] [modloading-sync-worker/DEBUG] [net.neoforged.fml.config.ConfigTracker/CONFIG]: Watching TOML config file C:\Users\JayDeeHome\Documents\Development\Jahdoo Neoforge\run\config\neoforge-common.toml for changes
[13Mar2026 19:33:19.496] [modloading-sync-worker/DEBUG] [net.neoforged.fml.config.ConfigTracker/CONFIG]: Loaded TOML config file C:\Users\JayDeeHome\Documents\Development\Jahdoo Neoforge\run\config\waystones-common.toml
[13Mar2026 19:33:19.496] [modloading-sync-worker/DEBUG] [net.neoforged.fml.config.ConfigTracker/CONFIG]: Watching TOML config file C:\Users\JayDeeHome\Documents\Development\Jahdoo Neoforge\run\config\waystones-common.toml for changes
[13Mar2026 19:33:19.506] [modloading-sync-worker/DEBUG] [net.neoforged.fml.config.ConfigTracker/CONFIG]: Loaded TOML config file C:\Users\JayDeeHome\Documents\Development\Jahdoo Neoforge\run\config\cataclysm-common.toml
[13Mar2026 19:33:19.507] [modloading-sync-worker/DEBUG] [net.neoforged.fml.config.ConfigTracker/CONFIG]: Watching TOML config file C:\Users\JayDeeHome\Documents\Development\Jahdoo Neoforge\run\config\cataclysm-common.toml for changes
[13Mar2026 19:33:19.592] [Render thread/INFO] [Moonlight/]: Merging 1 images using mode MIN_AREA_NO_UPSCALE
[13Mar2026 19:33:19.840] [Render thread/DEBUG] [mixin/]: Mixing ClientLanguagesMixin from moonlight.mixins.json into net.minecraft.client.resources.language.ClientLanguage
[13Mar2026 19:33:19.840] [Render thread/DEBUG] [mixin/]: moonlight.mixins.json:ClientLanguagesMixin from mod moonlight: Class version 65 required is higher than the class version supported by the current version of Mixin (JAVA_17 supports class version 61)
[13Mar2026 19:33:19.841] [Render thread/DEBUG] [mixin/]: Renaming synthetic method lambda$moonlight$addDynamicEntries2$2(Ljava/util/Map;Ljava/lang/String;Ljava/lang/String;)V to mdd6ddab$moonlight$lambda$moonlight$addDynamicEntries2$2$0 in moonlight.mixins.json:ClientLanguagesMixin from mod moonlight
[13Mar2026 19:33:19.841] [Render thread/DEBUG] [mixin/]: Renaming synthetic method lambda$moonlight$addDynamicEntries2$1(Ljava/lang/String;Ljava/lang/String;)Lcom/google/gson/JsonParseException; to mdd6ddab$moonlight$lambda$moonlight$addDynamicEntries2$1$1 in moonlight.mixins.json:ClientLanguagesMixin from mod moonlight
[13Mar2026 19:33:19.841] [Render thread/DEBUG] [mixin/]: Renaming synthetic method lambda$moonlight$addDynamicEntries$0(Lnet/mehvahdjukaar/moonlight/api/events/AfterLanguageLoadEvent;Lnet/mehvahdjukaar/moonlight/api/set/BlockTypeRegistry;)V to mdd6ddab$moonlight$lambda$moonlight$addDynamicEntries$0$2 in moonlight.mixins.json:ClientLanguagesMixin from mod moonlight
[13Mar2026 19:33:19.866] [Render thread/DEBUG] [mixin/]: Mixing client.TextureManagerMixin from geckolib.mixins.json into net.minecraft.client.renderer.texture.TextureManager
[13Mar2026 19:33:19.867] [Render thread/DEBUG] [mixin/]: geckolib.mixins.json:client.TextureManagerMixin from mod geckolib: Class version 65 required is higher than the class version supported by the current version of Mixin (JAVA_17 supports class version 61)
[13Mar2026 19:33:19.870] [Render thread/DEBUG] [mixin/]: Mixing DynamicTextureMixin from moonlight-common.mixins.json into net.minecraft.client.renderer.texture.DynamicTexture
[13Mar2026 19:33:19.870] [Render thread/DEBUG] [mixin/]: moonlight-common.mixins.json:DynamicTextureMixin from mod moonlight: Class version 65 required is higher than the class version supported by the current version of Mixin (JAVA_17 supports class version 61)
[13Mar2026 19:33:20.058] [Render thread/DEBUG] [mixin/]: Mixing firstPerson.EntityRenderDispatcherMixin from playerAnimator-common.mixins.json into net.minecraft.client.renderer.entity.EntityRenderDispatcher
[13Mar2026 19:33:20.058] [Render thread/DEBUG] [mixin/]: playerAnimator-common.mixins.json:firstPerson.EntityRenderDispatcherMixin from mod playeranimator->@Inject::renderShadow_HEAD_PlayerAnimator(Lcom/mojang/blaze3d/vertex/PoseStack;Lnet/minecraft/client/renderer/MultiBufferSource;Lnet/minecraft/world/entity/Entity;FFLnet/minecraft/world/level/LevelReader;FLorg/spongepowered/asm/mixin/injection/callback/CallbackInfo;)V does use it's CallbackInfo
[13Mar2026 19:33:20.061] [Render thread/DEBUG] [mixin/]: Mixing client.BlockEntityWithoutLevelRendererMixin from geckolib.mixins.json into net.minecraft.client.renderer.BlockEntityWithoutLevelRenderer
[13Mar2026 19:33:20.061] [Render thread/DEBUG] [mixin/]: geckolib.mixins.json:client.BlockEntityWithoutLevelRendererMixin from mod geckolib: Class version 65 required is higher than the class version supported by the current version of Mixin (JAVA_17 supports class version 61)
[13Mar2026 19:33:20.062] [Render thread/DEBUG] [mixin/]: geckolib.mixins.json:client.BlockEntityWithoutLevelRendererMixin from mod geckolib->@Inject::geckolib$renderGeckolibItem(Lnet/minecraft/world/item/ItemStack;Lnet/minecraft/world/item/ItemDisplayContext;Lcom/mojang/blaze3d/vertex/PoseStack;Lnet/minecraft/client/renderer/MultiBufferSource;IILorg/spongepowered/asm/mixin/injection/callback/CallbackInfo;)V does use it's CallbackInfo
[13Mar2026 19:33:20.082] [Render thread/DEBUG] [mixin/]: Mixing ModelBakeryAccessor from balm.mixins.json into net.minecraft.client.resources.model.ModelBakery
[13Mar2026 19:33:20.082] [Render thread/DEBUG] [mixin/]: balm.mixins.json:ModelBakeryAccessor from mod balm: Class version 65 required is higher than the class version supported by the current version of Mixin (JAVA_17 supports class version 61)
[13Mar2026 19:33:20.083] [Render thread/DEBUG] [mixin/]: Mixing ModelBakeryMixin from balm.neoforge.mixins.json into net.minecraft.client.resources.model.ModelBakery
[13Mar2026 19:33:20.084] [Render thread/DEBUG] [mixin/]: balm.neoforge.mixins.json:ModelBakeryMixin from mod balm->@Inject::apply(Lnet/minecraft/client/resources/model/ModelBakery$TextureGetter;Lorg/spongepowered/asm/mixin/injection/callback/CallbackInfo;)V doesn't use it's CallbackInfo
[13Mar2026 19:33:20.084] [Render thread/DEBUG] [mixin/]: balm.neoforge.mixins.json:ModelBakeryMixin from mod balm->@Inject::apply(Lnet/minecraft/client/resources/model/ModelBakery$TextureGetter;Lorg/spongepowered/asm/mixin/injection/callback/CallbackInfo;)V has 0 override(s) in child classes
[13Mar2026 19:33:20.084] [Render thread/DEBUG] [mixin/]: balm.neoforge.mixins.json:ModelBakeryMixin from mod balm->@Inject::apply(Lnet/minecraft/client/resources/model/ModelBakery$TextureGetter;Lorg/spongepowered/asm/mixin/injection/callback/CallbackInfo;)V won't be passed a CallbackInfo as a result
[13Mar2026 19:33:20.139] [Render thread/DEBUG] [mixin/]: Mixing ItemInHandRendererMixin from moonlight-common.mixins.json into net.minecraft.client.renderer.ItemInHandRenderer
[13Mar2026 19:33:20.139] [Render thread/DEBUG] [mixin/]: moonlight-common.mixins.json:ItemInHandRendererMixin from mod moonlight: Class version 65 required is higher than the class version supported by the current version of Mixin (JAVA_17 supports class version 61)
[13Mar2026 19:33:20.140] [Render thread/DEBUG] [mixin/]: Mixing firstPerson.ItemInHandRendererMixin from playerAnimator-common.mixins.json into net.minecraft.client.renderer.ItemInHandRenderer
[13Mar2026 19:33:20.143] [Render thread/DEBUG] [mixin/]: moonlight-common.mixins.json:ItemInHandRendererMixin from mod moonlight->@Inject::moonlight$animateItem(Lnet/minecraft/client/player/AbstractClientPlayer;FFLnet/minecraft/world/InteractionHand;FLnet/minecraft/world/item/ItemStack;FLcom/mojang/blaze3d/vertex/PoseStack;Lnet/minecraft/client/renderer/MultiBufferSource;ILorg/spongepowered/asm/mixin/injection/callback/CallbackInfo;)V doesn't use it's CallbackInfo
[13Mar2026 19:33:20.143] [Render thread/DEBUG] [mixin/]: moonlight-common.mixins.json:ItemInHandRendererMixin from mod moonlight->@Inject::moonlight$animateItem(Lnet/minecraft/client/player/AbstractClientPlayer;FFLnet/minecraft/world/InteractionHand;FLnet/minecraft/world/item/ItemStack;FLcom/mojang/blaze3d/vertex/PoseStack;Lnet/minecraft/client/renderer/MultiBufferSource;ILorg/spongepowered/asm/mixin/injection/callback/CallbackInfo;)V has 0 override(s) in child classes
[13Mar2026 19:33:20.143] [Render thread/DEBUG] [mixin/]: moonlight-common.mixins.json:ItemInHandRendererMixin from mod moonlight->@Inject::moonlight$animateItem(Lnet/minecraft/client/player/AbstractClientPlayer;FFLnet/minecraft/world/InteractionHand;FLnet/minecraft/world/item/ItemStack;FLcom/mojang/blaze3d/vertex/PoseStack;Lnet/minecraft/client/renderer/MultiBufferSource;ILorg/spongepowered/asm/mixin/injection/callback/CallbackInfo;)V won't be passed a CallbackInfo as a result
[13Mar2026 19:33:20.143] [Render thread/DEBUG] [mixin/]: moonlight-common.mixins.json:ItemInHandRendererMixin from mod moonlight->@Inject::moonlight$renderSpecial(Lnet/minecraft/client/player/AbstractClientPlayer;FFLnet/minecraft/world/InteractionHand;FLnet/minecraft/world/item/ItemStack;FLcom/mojang/blaze3d/vertex/PoseStack;Lnet/minecraft/client/renderer/MultiBufferSource;ILorg/spongepowered/asm/mixin/injection/callback/CallbackInfo;)V does use it's CallbackInfo
[13Mar2026 19:33:20.144] [Render thread/DEBUG] [mixin/]: playerAnimator-common.mixins.json:firstPerson.ItemInHandRendererMixin from mod playeranimator->@Inject::disableDefaultItemIfNeeded(FLcom/mojang/blaze3d/vertex/PoseStack;Lnet/minecraft/client/renderer/MultiBufferSource$BufferSource;Lnet/minecraft/client/player/LocalPlayer;ILorg/spongepowered/asm/mixin/injection/callback/CallbackInfo;)V does use it's CallbackInfo
[13Mar2026 19:33:20.144] [Render thread/DEBUG] [mixin/]: playerAnimator-common.mixins.json:firstPerson.ItemInHandRendererMixin from mod playeranimator->@Inject::cancelItemRender(Lnet/minecraft/world/entity/LivingEntity;Lnet/minecraft/world/item/ItemStack;Lnet/minecraft/world/item/ItemDisplayContext;ZLcom/mojang/blaze3d/vertex/PoseStack;Lnet/minecraft/client/renderer/MultiBufferSource;ILorg/spongepowered/asm/mixin/injection/callback/CallbackInfo;)V does use it's CallbackInfo
[13Mar2026 19:33:20.905] [Render thread/DEBUG] [mixin/]: Mixing MapRendererMixin from moonlight-common.mixins.json into net.minecraft.client.gui.MapRenderer
[13Mar2026 19:33:20.905] [Render thread/DEBUG] [mixin/]: moonlight-common.mixins.json:MapRendererMixin from mod moonlight: Class version 65 required is higher than the class version supported by the current version of Mixin (JAVA_17 supports class version 61)
[13Mar2026 19:33:20.907] [Render thread/DEBUG] [mixin/]: moonlight-common.mixins.json:MapRendererMixin from mod moonlight->@Inject::render(Lcom/mojang/blaze3d/vertex/PoseStack;Lnet/minecraft/client/renderer/MultiBufferSource;Lnet/minecraft/world/level/saveddata/maps/MapId;Lnet/minecraft/world/level/saveddata/maps/MapItemSavedData;ZILorg/spongepowered/asm/mixin/injection/callback/CallbackInfo;)V doesn't use it's CallbackInfo
[13Mar2026 19:33:20.907] [Render thread/DEBUG] [mixin/]: moonlight-common.mixins.json:MapRendererMixin from mod moonlight->@Inject::render(Lcom/mojang/blaze3d/vertex/PoseStack;Lnet/minecraft/client/renderer/MultiBufferSource;Lnet/minecraft/world/level/saveddata/maps/MapId;Lnet/minecraft/world/level/saveddata/maps/MapItemSavedData;ZILorg/spongepowered/asm/mixin/injection/callback/CallbackInfo;)V has 0 override(s) in child classes
[13Mar2026 19:33:20.907] [Render thread/DEBUG] [mixin/]: moonlight-common.mixins.json:MapRendererMixin from mod moonlight->@Inject::render(Lcom/mojang/blaze3d/vertex/PoseStack;Lnet/minecraft/client/renderer/MultiBufferSource;Lnet/minecraft/world/level/saveddata/maps/MapId;Lnet/minecraft/world/level/saveddata/maps/MapItemSavedData;ZILorg/spongepowered/asm/mixin/injection/callback/CallbackInfo;)V won't be passed a CallbackInfo as a result
[13Mar2026 19:33:20.941] [Render thread/DEBUG] [mixin/]: Mixing GuiAccessor from shouldersurfing.common.mixins.json into net.minecraft.client.gui.Gui
[13Mar2026 19:33:20.941] [Render thread/DEBUG] [mixin/]: shouldersurfing.common.mixins.json:GuiAccessor from mod shouldersurfing: Class version 65 required is higher than the class version supported by the current version of Mixin (JAVA_17 supports class version 61)
[13Mar2026 19:33:20.941] [Render thread/DEBUG] [mixin/]: Mixing MixinGui from shouldersurfing.common.mixins.json into net.minecraft.client.gui.Gui
[13Mar2026 19:33:20.941] [Render thread/DEBUG] [mixin/]: shouldersurfing.common.mixins.json:MixinGui from mod shouldersurfing: Class version 65 required is higher than the class version supported by the current version of Mixin (JAVA_17 supports class version 61)
[13Mar2026 19:33:20.942] [Render thread/DEBUG] [mixin/]: Mixing client.InGameHudInject from bettercombat.mixins.json into net.minecraft.client.gui.Gui
[13Mar2026 19:33:20.942] [Render thread/DEBUG] [mixin/]: bettercombat.mixins.json:client.InGameHudInject from mod bettercombat: Class version 65 required is higher than the class version supported by the current version of Mixin (JAVA_17 supports class version 61)
[13Mar2026 19:33:20.946] [Render thread/DEBUG] [mixin/]: bettercombat.mixins.json:client.InGameHudInject from mod bettercombat->@Inject::pre_renderCrosshair(Lnet/minecraft/client/gui/GuiGraphics;Lnet/minecraft/client/DeltaTracker;Lorg/spongepowered/asm/mixin/injection/callback/CallbackInfo;)V doesn't use it's CallbackInfo
[13Mar2026 19:33:20.946] [Render thread/DEBUG] [mixin/]: bettercombat.mixins.json:client.InGameHudInject from mod bettercombat->@Inject::pre_renderCrosshair(Lnet/minecraft/client/gui/GuiGraphics;Lnet/minecraft/client/DeltaTracker;Lorg/spongepowered/asm/mixin/injection/callback/CallbackInfo;)V has 0 override(s) in child classes
[13Mar2026 19:33:20.946] [Render thread/DEBUG] [mixin/]: bettercombat.mixins.json:client.InGameHudInject from mod bettercombat->@Inject::pre_renderCrosshair(Lnet/minecraft/client/gui/GuiGraphics;Lnet/minecraft/client/DeltaTracker;Lorg/spongepowered/asm/mixin/injection/callback/CallbackInfo;)V won't be passed a CallbackInfo as a result
[13Mar2026 19:33:20.946] [Render thread/DEBUG] [mixin/]: bettercombat.mixins.json:client.InGameHudInject from mod bettercombat->@Inject::pre_renderCrosshair(Lnet/minecraft/client/gui/GuiGraphics;Lnet/minecraft/client/DeltaTracker;Lorg/spongepowered/asm/mixin/injection/callback/CallbackInfo;)V doesn't use it's CallbackInfo
[13Mar2026 19:33:20.946] [Render thread/DEBUG] [mixin/]: bettercombat.mixins.json:client.InGameHudInject from mod bettercombat->@Inject::pre_renderCrosshair(Lnet/minecraft/client/gui/GuiGraphics;Lnet/minecraft/client/DeltaTracker;Lorg/spongepowered/asm/mixin/injection/callback/CallbackInfo;)V has 0 override(s) in child classes
[13Mar2026 19:33:20.946] [Render thread/DEBUG] [mixin/]: bettercombat.mixins.json:client.InGameHudInject from mod bettercombat->@Inject::pre_renderCrosshair(Lnet/minecraft/client/gui/GuiGraphics;Lnet/minecraft/client/DeltaTracker;Lorg/spongepowered/asm/mixin/injection/callback/CallbackInfo;)V won't be passed a CallbackInfo as a result
[13Mar2026 19:33:20.946] [Render thread/DEBUG] [mixin/]: bettercombat.mixins.json:client.InGameHudInject from mod bettercombat->@Inject::pre_renderCrosshair(Lnet/minecraft/client/gui/GuiGraphics;Lnet/minecraft/client/DeltaTracker;Lorg/spongepowered/asm/mixin/injection/callback/CallbackInfo;)V doesn't use it's CallbackInfo
[13Mar2026 19:33:20.946] [Render thread/DEBUG] [mixin/]: bettercombat.mixins.json:client.InGameHudInject from mod bettercombat->@Inject::pre_renderCrosshair(Lnet/minecraft/client/gui/GuiGraphics;Lnet/minecraft/client/DeltaTracker;Lorg/spongepowered/asm/mixin/injection/callback/CallbackInfo;)V has 0 override(s) in child classes
[13Mar2026 19:33:20.946] [Render thread/DEBUG] [mixin/]: bettercombat.mixins.json:client.InGameHudInject from mod bettercombat->@Inject::pre_renderCrosshair(Lnet/minecraft/client/gui/GuiGraphics;Lnet/minecraft/client/DeltaTracker;Lorg/spongepowered/asm/mixin/injection/callback/CallbackInfo;)V won't be passed a CallbackInfo as a result
[13Mar2026 19:33:20.946] [Render thread/DEBUG] [mixin/]: bettercombat.mixins.json:client.InGameHudInject from mod bettercombat->@Inject::post_renderCrosshair(Lnet/minecraft/client/gui/GuiGraphics;Lnet/minecraft/client/DeltaTracker;Lorg/spongepowered/asm/mixin/injection/callback/CallbackInfo;)V doesn't use it's CallbackInfo
[13Mar2026 19:33:20.946] [Render thread/DEBUG] [mixin/]: bettercombat.mixins.json:client.InGameHudInject from mod bettercombat->@Inject::post_renderCrosshair(Lnet/minecraft/client/gui/GuiGraphics;Lnet/minecraft/client/DeltaTracker;Lorg/spongepowered/asm/mixin/injection/callback/CallbackInfo;)V has 0 override(s) in child classes
[13Mar2026 19:33:20.946] [Render thread/DEBUG] [mixin/]: bettercombat.mixins.json:client.InGameHudInject from mod bettercombat->@Inject::post_renderCrosshair(Lnet/minecraft/client/gui/GuiGraphics;Lnet/minecraft/client/DeltaTracker;Lorg/spongepowered/asm/mixin/injection/callback/CallbackInfo;)V won't be passed a CallbackInfo as a result
[13Mar2026 19:33:20.956] [Render thread/DEBUG] [mixin/]: Mixing MixinDebugScreenOverlay from shouldersurfing.common.mixins.json into net.minecraft.client.gui.components.DebugScreenOverlay
[13Mar2026 19:33:20.956] [Render thread/DEBUG] [mixin/]: shouldersurfing.common.mixins.json:MixinDebugScreenOverlay from mod shouldersurfing: Class version 65 required is higher than the class version supported by the current version of Mixin (JAVA_17 supports class version 61)
[13Mar2026 19:33:20.957] [Render thread/DEBUG] [mixin/]: shouldersurfing.common.mixins.json:MixinDebugScreenOverlay from mod shouldersurfing->@Inject::getGameInformation(Lorg/spongepowered/asm/mixin/injection/callback/CallbackInfoReturnable;)V does use it's CallbackInfoReturnable
[13Mar2026 19:33:20.957] [Render thread/DEBUG] [mixin/]: shouldersurfing.common.mixins.json:MixinDebugScreenOverlay from mod shouldersurfing->@Inject::getGameInformation(Lorg/spongepowered/asm/mixin/injection/callback/CallbackInfoReturnable;)V does use it's CallbackInfoReturnable
[13Mar2026 19:33:20.985] [Render thread/DEBUG] [mixin/]: Mixing DebugRendererMixin from moonlight-common.mixins.json into net.minecraft.client.renderer.debug.DebugRenderer
[13Mar2026 19:33:20.985] [Render thread/DEBUG] [mixin/]: moonlight-common.mixins.json:DebugRendererMixin from mod moonlight: Class version 65 required is higher than the class version supported by the current version of Mixin (JAVA_17 supports class version 61)
[13Mar2026 19:33:20.989] [Render thread/DEBUG] [mixin/]: Mixing client.ColliderDebugRenderer from bettercombat.mixins.json into net.minecraft.client.renderer.debug.DebugRenderer
[13Mar2026 19:33:20.989] [Render thread/DEBUG] [mixin/]: bettercombat.mixins.json:client.ColliderDebugRenderer from mod bettercombat: Class version 65 required is higher than the class version supported by the current version of Mixin (JAVA_17 supports class version 61)
[13Mar2026 19:33:20.989] [Render thread/DEBUG] [mixin/]: Renaming synthetic method lambda$renderColliderDebug$0(Lnet/minecraft/world/phys/Vec3;Lnet/minecraft/world/entity/Entity;)Lnet/bettercombat/client/collision/OrientedBoundingBox; to mdd6ddab$bettercombat$lambda$renderColliderDebug$0$0 in bettercombat.mixins.json:client.ColliderDebugRenderer from mod bettercombat
[13Mar2026 19:33:21.010] [Render thread/DEBUG] [mixin/]: moonlight-common.mixins.json:DebugRendererMixin from mod moonlight->@Inject::supp$renderVanillaDebug(Lcom/mojang/blaze3d/vertex/PoseStack;Lnet/minecraft/client/renderer/MultiBufferSource$BufferSource;DDDLorg/spongepowered/asm/mixin/injection/callback/CallbackInfo;)V doesn't use it's CallbackInfo
[13Mar2026 19:33:21.010] [Render thread/DEBUG] [mixin/]: moonlight-common.mixins.json:DebugRendererMixin from mod moonlight->@Inject::supp$renderVanillaDebug(Lcom/mojang/blaze3d/vertex/PoseStack;Lnet/minecraft/client/renderer/MultiBufferSource$BufferSource;DDDLorg/spongepowered/asm/mixin/injection/callback/CallbackInfo;)V has 0 override(s) in child classes
[13Mar2026 19:33:21.010] [Render thread/DEBUG] [mixin/]: moonlight-common.mixins.json:DebugRendererMixin from mod moonlight->@Inject::supp$renderVanillaDebug(Lcom/mojang/blaze3d/vertex/PoseStack;Lnet/minecraft/client/renderer/MultiBufferSource$BufferSource;DDDLorg/spongepowered/asm/mixin/injection/callback/CallbackInfo;)V won't be passed a CallbackInfo as a result
[13Mar2026 19:33:21.010] [Render thread/DEBUG] [mixin/]: bettercombat.mixins.json:client.ColliderDebugRenderer from mod bettercombat->@Inject::renderColliderDebug(Lcom/mojang/blaze3d/vertex/PoseStack;Lnet/minecraft/client/renderer/MultiBufferSource$BufferSource;DDDLorg/spongepowered/asm/mixin/injection/callback/CallbackInfo;)V doesn't use it's CallbackInfo
[13Mar2026 19:33:21.010] [Render thread/DEBUG] [mixin/]: bettercombat.mixins.json:client.ColliderDebugRenderer from mod bettercombat->@Inject::renderColliderDebug(Lcom/mojang/blaze3d/vertex/PoseStack;Lnet/minecraft/client/renderer/MultiBufferSource$BufferSource;DDDLorg/spongepowered/asm/mixin/injection/callback/CallbackInfo;)V has 0 override(s) in child classes
[13Mar2026 19:33:21.010] [Render thread/DEBUG] [mixin/]: bettercombat.mixins.json:client.ColliderDebugRenderer from mod bettercombat->@Inject::renderColliderDebug(Lcom/mojang/blaze3d/vertex/PoseStack;Lnet/minecraft/client/renderer/MultiBufferSource$BufferSource;DDDLorg/spongepowered/asm/mixin/injection/callback/CallbackInfo;)V won't be passed a CallbackInfo as a result
[13Mar2026 19:33:21.060] [Render thread/DEBUG] [mixin/]: Mixing ThirdPersonRendererMixin from moonlight-common.mixins.json into net.minecraft.client.model.HumanoidModel
[13Mar2026 19:33:21.061] [Render thread/DEBUG] [mixin/]: moonlight-common.mixins.json:ThirdPersonRendererMixin from mod moonlight: Class version 65 required is higher than the class version supported by the current version of Mixin (JAVA_17 supports class version 61)
[13Mar2026 19:33:21.062] [Render thread/DEBUG] [mixin/]: Mixing BipedEntityModelMixin from playerAnimator-common.mixins.json into net.minecraft.client.model.HumanoidModel
[13Mar2026 19:33:21.062] [Render thread/DEBUG] [mixin/]: Renaming synthetic method lambda$renderToBuffer$3(Lcom/mojang/blaze3d/vertex/PoseStack;Lcom/mojang/blaze3d/vertex/VertexConsumer;IIILnet/minecraft/client/model/geom/ModelPart;)V to mdd6ddab$playeranimator$lambda$renderToBuffer$3$0 in playerAnimator-common.mixins.json:BipedEntityModelMixin from mod playeranimator
[13Mar2026 19:33:21.062] [Render thread/DEBUG] [mixin/]: Renaming synthetic method lambda$renderToBuffer$2(Lcom/mojang/blaze3d/vertex/PoseStack;Lcom/mojang/blaze3d/vertex/VertexConsumer;IIILnet/minecraft/client/model/geom/ModelPart;)V to mdd6ddab$playeranimator$lambda$renderToBuffer$2$1 in playerAnimator-common.mixins.json:BipedEntityModelMixin from mod playeranimator
[13Mar2026 19:33:21.062] [Render thread/DEBUG] [mixin/]: Renaming synthetic method lambda$renderToBuffer$1(Lcom/mojang/blaze3d/vertex/PoseStack;Lcom/mojang/blaze3d/vertex/VertexConsumer;IIILnet/minecraft/client/model/geom/ModelPart;)V to mdd6ddab$playeranimator$lambda$renderToBuffer$1$2 in playerAnimator-common.mixins.json:BipedEntityModelMixin from mod playeranimator
[13Mar2026 19:33:21.062] [Render thread/DEBUG] [mixin/]: Renaming synthetic method lambda$renderToBuffer$0(Lcom/mojang/blaze3d/vertex/PoseStack;Lcom/mojang/blaze3d/vertex/VertexConsumer;IIILnet/minecraft/client/model/geom/ModelPart;)V to mdd6ddab$playeranimator$lambda$renderToBuffer$0$3 in playerAnimator-common.mixins.json:BipedEntityModelMixin from mod playeranimator
[13Mar2026 19:33:21.064] [Render thread/DEBUG] [mixin/]: Mixing Client.HumanoidModelMixin from cataclysm.mixins.json into net.minecraft.client.model.HumanoidModel
[13Mar2026 19:33:21.064] [Render thread/DEBUG] [mixin/]: cataclysm.mixins.json:Client.HumanoidModelMixin from mod cataclysm: Class version 65 required is higher than the class version supported by the current version of Mixin (JAVA_17 supports class version 61)
[13Mar2026 19:33:21.088] [Render thread/DEBUG] [mixin/]: moonlight-common.mixins.json:ThirdPersonRendererMixin from mod moonlight->@Inject::poseRightArm(Lnet/minecraft/world/entity/LivingEntity;Lorg/spongepowered/asm/mixin/injection/callback/CallbackInfo;)V does use it's CallbackInfo
[13Mar2026 19:33:21.088] [Render thread/DEBUG] [mixin/]: moonlight-common.mixins.json:ThirdPersonRendererMixin from mod moonlight->@Inject::poseLeftArm(Lnet/minecraft/world/entity/LivingEntity;Lorg/spongepowered/asm/mixin/injection/callback/CallbackInfo;)V does use it's CallbackInfo
[13Mar2026 19:33:21.088] [Render thread/DEBUG] [mixin/]: moonlight-common.mixins.json:ThirdPersonRendererMixin from mod moonlight->@Inject::setupAnim(Lnet/minecraft/world/entity/LivingEntity;FFFFFLorg/spongepowered/asm/mixin/injection/callback/CallbackInfo;)V doesn't use it's CallbackInfo
[13Mar2026 19:33:21.088] [Render thread/DEBUG] [mixin/]: moonlight-common.mixins.json:ThirdPersonRendererMixin from mod moonlight->@Inject::setupAnim(Lnet/minecraft/world/entity/LivingEntity;FFFFFLorg/spongepowered/asm/mixin/injection/callback/CallbackInfo;)V has 0 override(s) in child classes
[13Mar2026 19:33:21.088] [Render thread/DEBUG] [mixin/]: moonlight-common.mixins.json:ThirdPersonRendererMixin from mod moonlight->@Inject::setupAnim(Lnet/minecraft/world/entity/LivingEntity;FFFFFLorg/spongepowered/asm/mixin/injection/callback/CallbackInfo;)V won't be passed a CallbackInfo as a result
[13Mar2026 19:33:21.088] [Render thread/DEBUG] [mixin/]: moonlight-common.mixins.json:ThirdPersonRendererMixin from mod moonlight->@Inject::setupAnim(Lnet/minecraft/world/entity/LivingEntity;FFFFFLorg/spongepowered/asm/mixin/injection/callback/CallbackInfo;)V doesn't use it's CallbackInfo
[13Mar2026 19:33:21.088] [Render thread/DEBUG] [mixin/]: moonlight-common.mixins.json:ThirdPersonRendererMixin from mod moonlight->@Inject::setupAnim(Lnet/minecraft/world/entity/LivingEntity;FFFFFLorg/spongepowered/asm/mixin/injection/callback/CallbackInfo;)V has 0 override(s) in child classes
[13Mar2026 19:33:21.088] [Render thread/DEBUG] [mixin/]: moonlight-common.mixins.json:ThirdPersonRendererMixin from mod moonlight->@Inject::setupAnim(Lnet/minecraft/world/entity/LivingEntity;FFFFFLorg/spongepowered/asm/mixin/injection/callback/CallbackInfo;)V won't be passed a CallbackInfo as a result
[13Mar2026 19:33:21.088] [Render thread/DEBUG] [mixin/]: playerAnimator-common.mixins.json:BipedEntityModelMixin from mod playeranimator->@Inject::initBend(Lnet/minecraft/client/model/geom/ModelPart;Ljava/util/function/Function;Lorg/spongepowered/asm/mixin/injection/callback/CallbackInfo;)V doesn't use it's CallbackInfo
[13Mar2026 19:33:21.088] [Render thread/DEBUG] [mixin/]: playerAnimator-common.mixins.json:BipedEntityModelMixin from mod playeranimator->@Inject::initBend(Lnet/minecraft/client/model/geom/ModelPart;Ljava/util/function/Function;Lorg/spongepowered/asm/mixin/injection/callback/CallbackInfo;)V has 0 override(s) in child classes
[13Mar2026 19:33:21.088] [Render thread/DEBUG] [mixin/]: playerAnimator-common.mixins.json:BipedEntityModelMixin from mod playeranimator->@Inject::initBend(Lnet/minecraft/client/model/geom/ModelPart;Ljava/util/function/Function;Lorg/spongepowered/asm/mixin/injection/callback/CallbackInfo;)V won't be passed a CallbackInfo as a result
[13Mar2026 19:33:21.088] [Render thread/DEBUG] [mixin/]: playerAnimator-common.mixins.json:BipedEntityModelMixin from mod playeranimator->@Inject::copyMutatedAttributes(Lnet/minecraft/client/model/HumanoidModel;Lorg/spongepowered/asm/mixin/injection/callback/CallbackInfo;)V doesn't use it's CallbackInfo
[13Mar2026 19:33:21.088] [Render thread/DEBUG] [mixin/]: playerAnimator-common.mixins.json:BipedEntityModelMixin from mod playeranimator->@Inject::copyMutatedAttributes(Lnet/minecraft/client/model/HumanoidModel;Lorg/spongepowered/asm/mixin/injection/callback/CallbackInfo;)V has 0 override(s) in child classes
[13Mar2026 19:33:21.088] [Render thread/DEBUG] [mixin/]: playerAnimator-common.mixins.json:BipedEntityModelMixin from mod playeranimator->@Inject::copyMutatedAttributes(Lnet/minecraft/client/model/HumanoidModel;Lorg/spongepowered/asm/mixin/injection/callback/CallbackInfo;)V won't be passed a CallbackInfo as a result
[13Mar2026 19:33:21.088] [Render thread/DEBUG] [mixin/]: cataclysm.mixins.json:Client.HumanoidModelMixin from mod cataclysm->@Inject::custom_poseRightArm(Lnet/minecraft/world/entity/LivingEntity;Lorg/spongepowered/asm/mixin/injection/callback/CallbackInfo;)V does use it's CallbackInfo
[13Mar2026 19:33:21.088] [Render thread/DEBUG] [mixin/]: cataclysm.mixins.json:Client.HumanoidModelMixin from mod cataclysm->@Inject::custom_poseLeftArm(Lnet/minecraft/world/entity/LivingEntity;Lorg/spongepowered/asm/mixin/injection/callback/CallbackInfo;)V does use it's CallbackInfo
[13Mar2026 19:33:21.133] [Render thread/INFO] [net.neoforged.neoforge.gametest.GameTestHooks/]: Enabled Gametest Namespaces: [jahdoo]
[13Mar2026 19:33:21.287] [Render thread/DEBUG] [mixin/]: Mixing accessor.LivingEntityRendererAccessor from cataclysm.mixins.json into net.minecraft.client.renderer.entity.LivingEntityRenderer
[13Mar2026 19:33:21.287] [Render thread/DEBUG] [mixin/]: cataclysm.mixins.json:accessor.LivingEntityRendererAccessor from mod cataclysm: Class version 65 required is higher than the class version supported by the current version of Mixin (JAVA_17 supports class version 61)
[13Mar2026 19:33:21.287] [Render thread/DEBUG] [mixin/]: Mixing LivingEntityRendererMixin from jahdoo.mixins.json into net.minecraft.client.renderer.entity.LivingEntityRenderer
[13Mar2026 19:33:21.287] [Render thread/DEBUG] [mixin/]: jahdoo.mixins.json:LivingEntityRendererMixin from mod jahdoo: Class version 65 required is higher than the class version supported by the current version of Mixin (JAVA_17 supports class version 61)
[13Mar2026 19:33:21.287] [Render thread/DEBUG] [mixin/]: Mixing firstPerson.LivingEntityRendererMixin from playerAnimator-common.mixins.json into net.minecraft.client.renderer.entity.LivingEntityRenderer
[13Mar2026 19:33:21.287] [Render thread/DEBUG] [mixin/]: Renaming synthetic method lambda$filterLayers$0(Ljava/lang/Object;)Z to mdd6ddab$playeranimator$lambda$filterLayers$0$0 in playerAnimator-common.mixins.json:firstPerson.LivingEntityRendererMixin from mod playeranimator
[13Mar2026 19:33:21.288] [Render thread/DEBUG] [mixin/]: jahdoo.mixins.json:LivingEntityRendererMixin from mod jahdoo->@Inject::shadowCancel(Lnet/minecraft/world/entity/Entity;Lorg/spongepowered/asm/mixin/injection/callback/CallbackInfoReturnable;)V does use it's CallbackInfoReturnable
[13Mar2026 19:33:21.288] [Render thread/DEBUG] [mixin/]: jahdoo.mixins.json:LivingEntityRendererMixin from mod jahdoo->@Inject::freezeAnimation(Lnet/minecraft/world/entity/LivingEntity;FLorg/spongepowered/asm/mixin/injection/callback/CallbackInfoReturnable;)V does use it's CallbackInfoReturnable
[13Mar2026 19:33:21.293] [Render thread/DEBUG] [mixin/]: Mixing ElytraLayerMixin from playerAnimator-common.mixins.json into net.minecraft.client.renderer.entity.layers.ElytraLayer
[13Mar2026 19:33:21.297] [Render thread/DEBUG] [mixin/]: playerAnimator-common.mixins.json:ElytraLayerMixin from mod playeranimator->@Inject::inject(Lcom/mojang/blaze3d/vertex/PoseStack;Lnet/minecraft/client/renderer/MultiBufferSource;ILnet/minecraft/world/entity/LivingEntity;FFFFFFLorg/spongepowered/asm/mixin/injection/callback/CallbackInfo;)V doesn't use it's CallbackInfo
[13Mar2026 19:33:21.297] [Render thread/DEBUG] [mixin/]: playerAnimator-common.mixins.json:ElytraLayerMixin from mod playeranimator->@Inject::inject(Lcom/mojang/blaze3d/vertex/PoseStack;Lnet/minecraft/client/renderer/MultiBufferSource;ILnet/minecraft/world/entity/LivingEntity;FFFFFFLorg/spongepowered/asm/mixin/injection/callback/CallbackInfo;)V has 0 override(s) in child classes
[13Mar2026 19:33:21.297] [Render thread/DEBUG] [mixin/]: playerAnimator-common.mixins.json:ElytraLayerMixin from mod playeranimator->@Inject::inject(Lcom/mojang/blaze3d/vertex/PoseStack;Lnet/minecraft/client/renderer/MultiBufferSource;ILnet/minecraft/world/entity/LivingEntity;FFFFFFLorg/spongepowered/asm/mixin/injection/callback/CallbackInfo;)V won't be passed a CallbackInfo as a result
[13Mar2026 19:33:21.298] [Render thread/DEBUG] [mixin/]: Mixing HeldItemMixin from playerAnimator-common.mixins.json into net.minecraft.client.renderer.entity.layers.ItemInHandLayer
[13Mar2026 19:33:21.304] [Render thread/DEBUG] [mixin/]: playerAnimator-common.mixins.json:HeldItemMixin from mod playeranimator->@Inject::renderMixin(Lnet/minecraft/world/entity/LivingEntity;Lnet/minecraft/world/item/ItemStack;Lnet/minecraft/world/item/ItemDisplayContext;Lnet/minecraft/world/entity/HumanoidArm;Lcom/mojang/blaze3d/vertex/PoseStack;Lnet/minecraft/client/renderer/MultiBufferSource;ILorg/spongepowered/asm/mixin/injection/callback/CallbackInfo;)V doesn't use it's CallbackInfo
[13Mar2026 19:33:21.304] [Render thread/DEBUG] [mixin/]: playerAnimator-common.mixins.json:HeldItemMixin from mod playeranimator->@Inject::renderMixin(Lnet/minecraft/world/entity/LivingEntity;Lnet/minecraft/world/item/ItemStack;Lnet/minecraft/world/item/ItemDisplayContext;Lnet/minecraft/world/entity/HumanoidArm;Lcom/mojang/blaze3d/vertex/PoseStack;Lnet/minecraft/client/renderer/MultiBufferSource;ILorg/spongepowered/asm/mixin/injection/callback/CallbackInfo;)V has 0 override(s) in child classes
[13Mar2026 19:33:21.304] [Render thread/DEBUG] [mixin/]: playerAnimator-common.mixins.json:HeldItemMixin from mod playeranimator->@Inject::renderMixin(Lnet/minecraft/world/entity/LivingEntity;Lnet/minecraft/world/item/ItemStack;Lnet/minecraft/world/item/ItemDisplayContext;Lnet/minecraft/world/entity/HumanoidArm;Lcom/mojang/blaze3d/vertex/PoseStack;Lnet/minecraft/client/renderer/MultiBufferSource;ILorg/spongepowered/asm/mixin/injection/callback/CallbackInfo;)V won't be passed a CallbackInfo as a result
[13Mar2026 19:33:21.304] [Render thread/DEBUG] [mixin/]: playerAnimator-common.mixins.json:HeldItemMixin from mod playeranimator->@Inject::changeItemLocation(Lnet/minecraft/world/entity/LivingEntity;Lnet/minecraft/world/item/ItemStack;Lnet/minecraft/world/item/ItemDisplayContext;Lnet/minecraft/world/entity/HumanoidArm;Lcom/mojang/blaze3d/vertex/PoseStack;Lnet/minecraft/client/renderer/MultiBufferSource;ILorg/spongepowered/asm/mixin/injection/callback/CallbackInfo;)V doesn't use it's CallbackInfo
[13Mar2026 19:33:21.304] [Render thread/DEBUG] [mixin/]: playerAnimator-common.mixins.json:HeldItemMixin from mod playeranimator->@Inject::changeItemLocation(Lnet/minecraft/world/entity/LivingEntity;Lnet/minecraft/world/item/ItemStack;Lnet/minecraft/world/item/ItemDisplayContext;Lnet/minecraft/world/entity/HumanoidArm;Lcom/mojang/blaze3d/vertex/PoseStack;Lnet/minecraft/client/renderer/MultiBufferSource;ILorg/spongepowered/asm/mixin/injection/callback/CallbackInfo;)V has 0 override(s) in child classes
[13Mar2026 19:33:21.304] [Render thread/DEBUG] [mixin/]: playerAnimator-common.mixins.json:HeldItemMixin from mod playeranimator->@Inject::changeItemLocation(Lnet/minecraft/world/entity/LivingEntity;Lnet/minecraft/world/item/ItemStack;Lnet/minecraft/world/item/ItemDisplayContext;Lnet/minecraft/world/entity/HumanoidArm;Lcom/mojang/blaze3d/vertex/PoseStack;Lnet/minecraft/client/renderer/MultiBufferSource;ILorg/spongepowered/asm/mixin/injection/callback/CallbackInfo;)V won't be passed a CallbackInfo as a result
[13Mar2026 19:33:21.305] [Render thread/DEBUG] [mixin/]: Mixing client.HumanoidArmorLayerMixin from geckolib.mixins.json into net.minecraft.client.renderer.entity.layers.HumanoidArmorLayer
[13Mar2026 19:33:21.305] [Render thread/DEBUG] [mixin/]: geckolib.mixins.json:client.HumanoidArmorLayerMixin from mod geckolib: Class version 65 required is higher than the class version supported by the current version of Mixin (JAVA_17 supports class version 61)
[13Mar2026 19:33:21.306] [Render thread/DEBUG] [mixin/]: Mixing ArmorFeatureRendererMixin from playerAnimator-common.mixins.json into net.minecraft.client.renderer.entity.layers.HumanoidArmorLayer
[13Mar2026 19:33:21.306] [Render thread/DEBUG] [mixin/]: Mixing Client.HumanoidArmorLayerMixin from cataclysm.mixins.json into net.minecraft.client.renderer.entity.layers.HumanoidArmorLayer
[13Mar2026 19:33:21.306] [Render thread/DEBUG] [mixin/]: cataclysm.mixins.json:Client.HumanoidArmorLayerMixin from mod cataclysm: Class version 65 required is higher than the class version supported by the current version of Mixin (JAVA_17 supports class version 61)
[13Mar2026 19:33:21.313] [Render thread/DEBUG] [mixin/]: playerAnimator-common.mixins.json:ArmorFeatureRendererMixin from mod playeranimator->@Inject::initInject(Lnet/minecraft/client/renderer/entity/RenderLayerParent;Lnet/minecraft/client/model/HumanoidModel;Lnet/minecraft/client/model/HumanoidModel;Lnet/minecraft/client/resources/model/ModelManager;Lorg/spongepowered/asm/mixin/injection/callback/CallbackInfo;)V doesn't use it's CallbackInfo
[13Mar2026 19:33:21.313] [Render thread/DEBUG] [mixin/]: playerAnimator-common.mixins.json:ArmorFeatureRendererMixin from mod playeranimator->@Inject::initInject(Lnet/minecraft/client/renderer/entity/RenderLayerParent;Lnet/minecraft/client/model/HumanoidModel;Lnet/minecraft/client/model/HumanoidModel;Lnet/minecraft/client/resources/model/ModelManager;Lorg/spongepowered/asm/mixin/injection/callback/CallbackInfo;)V has 0 override(s) in child classes
[13Mar2026 19:33:21.313] [Render thread/DEBUG] [mixin/]: playerAnimator-common.mixins.json:ArmorFeatureRendererMixin from mod playeranimator->@Inject::initInject(Lnet/minecraft/client/renderer/entity/RenderLayerParent;Lnet/minecraft/client/model/HumanoidModel;Lnet/minecraft/client/model/HumanoidModel;Lnet/minecraft/client/resources/model/ModelManager;Lorg/spongepowered/asm/mixin/injection/callback/CallbackInfo;)V won't be passed a CallbackInfo as a result
[13Mar2026 19:33:21.313] [Render thread/DEBUG] [mixin/]: cataclysm.mixins.json:Client.HumanoidArmorLayerMixin from mod cataclysm->@Inject::CMrenderArmorPiece(Lcom/mojang/blaze3d/vertex/PoseStack;Lnet/minecraft/client/renderer/MultiBufferSource;Lnet/minecraft/world/entity/LivingEntity;Lnet/minecraft/world/entity/EquipmentSlot;ILnet/minecraft/client/model/HumanoidModel;FFFFFFLorg/spongepowered/asm/mixin/injection/callback/CallbackInfo;)V does use it's CallbackInfo
[13Mar2026 19:33:21.317] [Render thread/DEBUG] [mixin/]: Mixing PlayerRendererMixin from playerAnimator-common.mixins.json into net.minecraft.client.renderer.entity.player.PlayerRenderer
[13Mar2026 19:33:21.317] [Render thread/DEBUG] [mixin/]: Renaming synthetic method getShadowRadius(Lnet/minecraft/world/entity/Entity;)F to mdd6ddab$playeranimator$getShadowRadius$0 in playerAnimator-common.mixins.json:PlayerRendererMixin from mod playeranimator
[13Mar2026 19:33:21.322] [Render thread/DEBUG] [mixin/]: playerAnimator-common.mixins.json:PlayerRendererMixin from mod playeranimator->@Inject::hideBonesInFirstPerson(Lnet/minecraft/client/player/AbstractClientPlayer;FFLcom/mojang/blaze3d/vertex/PoseStack;Lnet/minecraft/client/renderer/MultiBufferSource;ILorg/spongepowered/asm/mixin/injection/callback/CallbackInfo;)V doesn't use it's CallbackInfo
[13Mar2026 19:33:21.322] [Render thread/DEBUG] [mixin/]: playerAnimator-common.mixins.json:PlayerRendererMixin from mod playeranimator->@Inject::hideBonesInFirstPerson(Lnet/minecraft/client/player/AbstractClientPlayer;FFLcom/mojang/blaze3d/vertex/PoseStack;Lnet/minecraft/client/renderer/MultiBufferSource;ILorg/spongepowered/asm/mixin/injection/callback/CallbackInfo;)V has 0 override(s) in child classes
[13Mar2026 19:33:21.322] [Render thread/DEBUG] [mixin/]: playerAnimator-common.mixins.json:PlayerRendererMixin from mod playeranimator->@Inject::hideBonesInFirstPerson(Lnet/minecraft/client/player/AbstractClientPlayer;FFLcom/mojang/blaze3d/vertex/PoseStack;Lnet/minecraft/client/renderer/MultiBufferSource;ILorg/spongepowered/asm/mixin/injection/callback/CallbackInfo;)V won't be passed a CallbackInfo as a result
[13Mar2026 19:33:21.322] [Render thread/DEBUG] [mixin/]: playerAnimator-common.mixins.json:PlayerRendererMixin from mod playeranimator->@Inject::applyBodyTransforms(Lnet/minecraft/client/player/AbstractClientPlayer;Lcom/mojang/blaze3d/vertex/PoseStack;FFFFLorg/spongepowered/asm/mixin/injection/callback/CallbackInfo;)V doesn't use it's CallbackInfo
[13Mar2026 19:33:21.322] [Render thread/DEBUG] [mixin/]: playerAnimator-common.mixins.json:PlayerRendererMixin from mod playeranimator->@Inject::applyBodyTransforms(Lnet/minecraft/client/player/AbstractClientPlayer;Lcom/mojang/blaze3d/vertex/PoseStack;FFFFLorg/spongepowered/asm/mixin/injection/callback/CallbackInfo;)V has 0 override(s) in child classes
[13Mar2026 19:33:21.322] [Render thread/DEBUG] [mixin/]: playerAnimator-common.mixins.json:PlayerRendererMixin from mod playeranimator->@Inject::applyBodyTransforms(Lnet/minecraft/client/player/AbstractClientPlayer;Lcom/mojang/blaze3d/vertex/PoseStack;FFFFLorg/spongepowered/asm/mixin/injection/callback/CallbackInfo;)V won't be passed a CallbackInfo as a result
[13Mar2026 19:33:21.322] [Render thread/DEBUG] [mixin/]: playerAnimator-common.mixins.json:PlayerRendererMixin from mod playeranimator->@Inject::notifyModelOfFirstPerson(Lcom/mojang/blaze3d/vertex/PoseStack;Lnet/minecraft/client/renderer/MultiBufferSource;ILnet/minecraft/client/player/AbstractClientPlayer;Lnet/minecraft/client/model/geom/ModelPart;Lnet/minecraft/client/model/geom/ModelPart;Lorg/spongepowered/asm/mixin/injection/callback/CallbackInfo;)V doesn't use it's CallbackInfo
[13Mar2026 19:33:21.322] [Render thread/DEBUG] [mixin/]: playerAnimator-common.mixins.json:PlayerRendererMixin from mod playeranimator->@Inject::notifyModelOfFirstPerson(Lcom/mojang/blaze3d/vertex/PoseStack;Lnet/minecraft/client/renderer/MultiBufferSource;ILnet/minecraft/client/player/AbstractClientPlayer;Lnet/minecraft/client/model/geom/ModelPart;Lnet/minecraft/client/model/geom/ModelPart;Lorg/spongepowered/asm/mixin/injection/callback/CallbackInfo;)V has 0 override(s) in child classes
[13Mar2026 19:33:21.322] [Render thread/DEBUG] [mixin/]: playerAnimator-common.mixins.json:PlayerRendererMixin from mod playeranimator->@Inject::notifyModelOfFirstPerson(Lcom/mojang/blaze3d/vertex/PoseStack;Lnet/minecraft/client/renderer/MultiBufferSource;ILnet/minecraft/client/player/AbstractClientPlayer;Lnet/minecraft/client/model/geom/ModelPart;Lnet/minecraft/client/model/geom/ModelPart;Lorg/spongepowered/asm/mixin/injection/callback/CallbackInfo;)V won't be passed a CallbackInfo as a result
[13Mar2026 19:33:21.706] [Render thread/DEBUG] [mixin/]: Mixing MixinModelPart from shouldersurfing.common.mixins.json into net.minecraft.client.model.geom.ModelPart
[13Mar2026 19:33:21.706] [Render thread/DEBUG] [mixin/]: shouldersurfing.common.mixins.json:MixinModelPart from mod shouldersurfing: Class version 65 required is higher than the class version supported by the current version of Mixin (JAVA_17 supports class version 61)
[13Mar2026 19:33:21.707] [Render thread/DEBUG] [mixin/]: Mixing ModelPartMixin from playerAnimator-common.mixins.json into net.minecraft.client.model.geom.ModelPart
[13Mar2026 19:33:21.816] [Render thread/INFO] [net.minecraft.server.packs.resources.ReloadableResourceManager/]: Reloading ResourceManager: vanilla, mod_resources, mod/kuma_api, mod/moonlight, mod/devauth, mod/geckolib, mod/shouldersurfing, mod/arcade, mod/playeranimator, mod/loot_beams_neoforge, mod/balm, mod/shaydeeapi, mod/lionfishapi, mod/cloth_config, mod/bettercombat, mod/kotlinforforge, mod/dummmmmmy, mod/curios, mod/cataclysm, mod/jahdoo, mod/waystones, mod/neoforge, moonlight:merged_pack
[13Mar2026 19:33:21.844] [Worker-Main-1/INFO] [Moonlight/]: Resource cache state for CLIENT_RESOURCES: up to date
[13Mar2026 19:33:21.844] [Worker-Main-1/INFO] [Moonlight/]: Starting runtime resource generation for pack type CLIENT_RESOURCES with generators [moonlight:dynamic_resources]
[13Mar2026 19:33:21.846] [Worker-Main-1/INFO] [Moonlight/]: Regenerating Dynamic CLIENT_RESOURCES Resources Provider [moonlight:dynamic_resources], requested by strategy REGEN_ON_EVERY_RELOAD
[13Mar2026 19:33:21.852] [Render thread/DEBUG] [mixin/]: Mixing LightingMixin from moonlight-common.mixins.json into com.mojang.blaze3d.platform.Lighting
[13Mar2026 19:33:21.852] [Render thread/DEBUG] [mixin/]: moonlight-common.mixins.json:LightingMixin from mod moonlight: Class version 65 required is higher than the class version supported by the current version of Mixin (JAVA_17 supports class version 61)
[13Mar2026 19:33:21.853] [Render thread/DEBUG] [mixin/]: moonlight-common.mixins.json:LightingMixin from mod moonlight->@Inject::moonlight$messWithEntityRendererLighting(Lorg/spongepowered/asm/mixin/injection/callback/CallbackInfo;)V does use it's CallbackInfo
[13Mar2026 19:33:21.853] [Render thread/DEBUG] [mixin/]: moonlight-common.mixins.json:LightingMixin from mod moonlight->@Inject::moonlight$messEntityRendererLightingN(Lorg/spongepowered/asm/mixin/injection/callback/CallbackInfo;)V does use it's CallbackInfo
[13Mar2026 19:33:21.853] [Render thread/DEBUG] [mixin/]: moonlight-common.mixins.json:LightingMixin from mod moonlight->@Inject::moonlight$resetEntityRendererLightingGui(Lorg/spongepowered/asm/mixin/injection/callback/CallbackInfo;)V does use it's CallbackInfo
[13Mar2026 19:33:21.857] [Worker-Main-1/INFO] [Moonlight/]: Generated runtime CLIENT_RESOURCES for pack moonlight:dynamic_resources in 8.628 ms
[13Mar2026 19:33:21.857] [Worker-Main-1/INFO] [Moonlight/]: Finished runtime resources generation for 1 packs in a total of 12.63 ms 
[13Mar2026 19:33:21.897] [Render thread/DEBUG] [mixin/]: Mixing OptionsScreenMixin from balm.neoforge.mixins.json into net.minecraft.client.gui.screens.options.OptionsScreen
[13Mar2026 19:33:21.900] [Render thread/DEBUG] [mixin/]: balm.neoforge.mixins.json:OptionsScreenMixin from mod balm->@Inject::repositionElements(Lorg/spongepowered/asm/mixin/injection/callback/CallbackInfo;)V doesn't use it's CallbackInfo
[13Mar2026 19:33:21.900] [Render thread/DEBUG] [mixin/]: balm.neoforge.mixins.json:OptionsScreenMixin from mod balm->@Inject::repositionElements(Lorg/spongepowered/asm/mixin/injection/callback/CallbackInfo;)V has 0 override(s) in child classes
[13Mar2026 19:33:21.900] [Render thread/DEBUG] [mixin/]: balm.neoforge.mixins.json:OptionsScreenMixin from mod balm->@Inject::repositionElements(Lorg/spongepowered/asm/mixin/injection/callback/CallbackInfo;)V won't be passed a CallbackInfo as a result
[13Mar2026 19:33:21.900] [Render thread/DEBUG] [mixin/]: balm.neoforge.mixins.json:OptionsScreenMixin from mod balm->@Inject::repositionElementsPost(Lorg/spongepowered/asm/mixin/injection/callback/CallbackInfo;)V doesn't use it's CallbackInfo
[13Mar2026 19:33:21.900] [Render thread/DEBUG] [mixin/]: balm.neoforge.mixins.json:OptionsScreenMixin from mod balm->@Inject::repositionElementsPost(Lorg/spongepowered/asm/mixin/injection/callback/CallbackInfo;)V has 0 override(s) in child classes
[13Mar2026 19:33:21.900] [Render thread/DEBUG] [mixin/]: balm.neoforge.mixins.json:OptionsScreenMixin from mod balm->@Inject::repositionElementsPost(Lorg/spongepowered/asm/mixin/injection/callback/CallbackInfo;)V won't be passed a CallbackInfo as a result
[13Mar2026 19:33:21.900] [Worker-Main-5/DEBUG] [mixin/]: Mixing MixinCuriosApi from curios.neoforge.mixins.json into top.theillusivec4.curios.api.CuriosApi
[13Mar2026 19:33:21.905] [Worker-Main-5/DEBUG] [mixin/]: curios.neoforge.mixins.json:MixinCuriosApi from mod curios->@Inject::curios$registerCurio(Lnet/minecraft/world/item/Item;Ltop/theillusivec4/curios/api/type/capability/ICurioItem;Lorg/spongepowered/asm/mixin/injection/callback/CallbackInfo;)V does use it's CallbackInfo
[13Mar2026 19:33:21.905] [Worker-Main-5/DEBUG] [mixin/]: curios.neoforge.mixins.json:MixinCuriosApi from mod curios->@Inject::curios$getSlots(ZLorg/spongepowered/asm/mixin/injection/callback/CallbackInfoReturnable;)V does use it's CallbackInfoReturnable
[13Mar2026 19:33:21.905] [Worker-Main-5/DEBUG] [mixin/]: curios.neoforge.mixins.json:MixinCuriosApi from mod curios->@Inject::curios$getEntitySlots(Lnet/minecraft/world/entity/EntityType;ZLorg/spongepowered/asm/mixin/injection/callback/CallbackInfoReturnable;)V does use it's CallbackInfoReturnable
[13Mar2026 19:33:21.905] [Worker-Main-5/DEBUG] [mixin/]: curios.neoforge.mixins.json:MixinCuriosApi from mod curios->@Inject::curios$getItemStackSlots(Lnet/minecraft/world/item/ItemStack;ZLorg/spongepowered/asm/mixin/injection/callback/CallbackInfoReturnable;)V does use it's CallbackInfoReturnable
[13Mar2026 19:33:21.906] [Worker-Main-5/DEBUG] [mixin/]: curios.neoforge.mixins.json:MixinCuriosApi from mod curios->@Inject::curios$getItemStackSlots(Lnet/minecraft/world/item/ItemStack;Lnet/minecraft/world/entity/LivingEntity;Lorg/spongepowered/asm/mixin/injection/callback/CallbackInfoReturnable;)V does use it's CallbackInfoReturnable
[13Mar2026 19:33:21.906] [Worker-Main-5/DEBUG] [mixin/]: curios.neoforge.mixins.json:MixinCuriosApi from mod curios->@Inject::curios$getCurio(Lnet/minecraft/world/item/ItemStack;Lorg/spongepowered/asm/mixin/injection/callback/CallbackInfoReturnable;)V does use it's CallbackInfoReturnable
[13Mar2026 19:33:21.906] [Worker-Main-5/DEBUG] [mixin/]: curios.neoforge.mixins.json:MixinCuriosApi from mod curios->@Inject::curios$getCuriosInventory(Lnet/minecraft/world/entity/LivingEntity;Lorg/spongepowered/asm/mixin/injection/callback/CallbackInfoReturnable;)V does use it's CallbackInfoReturnable
[13Mar2026 19:33:21.906] [Worker-Main-5/DEBUG] [mixin/]: curios.neoforge.mixins.json:MixinCuriosApi from mod curios->@Inject::curios$isStackValid(Ltop/theillusivec4/curios/api/SlotContext;Lnet/minecraft/world/item/ItemStack;Lorg/spongepowered/asm/mixin/injection/callback/CallbackInfoReturnable;)V does use it's CallbackInfoReturnable
[13Mar2026 19:33:21.906] [Worker-Main-5/DEBUG] [mixin/]: curios.neoforge.mixins.json:MixinCuriosApi from mod curios->@Inject::curios$getAttributeModifiers(Ltop/theillusivec4/curios/api/SlotContext;Lnet/minecraft/resources/ResourceLocation;Lnet/minecraft/world/item/ItemStack;Lorg/spongepowered/asm/mixin/injection/callback/CallbackInfoReturnable;)V does use it's CallbackInfoReturnable
[13Mar2026 19:33:21.906] [Worker-Main-5/DEBUG] [mixin/]: curios.neoforge.mixins.json:MixinCuriosApi from mod curios->@Inject::curios$addSlotModifier(Lcom/google/common/collect/Multimap;Ljava/lang/String;Lnet/minecraft/resources/ResourceLocation;DLnet/minecraft/world/entity/ai/attributes/AttributeModifier$Operation;Lorg/spongepowered/asm/mixin/injection/callback/CallbackInfo;)V does use it's CallbackInfo
[13Mar2026 19:33:21.906] [Worker-Main-5/DEBUG] [mixin/]: curios.neoforge.mixins.json:MixinCuriosApi from mod curios->@Inject::curios$addSlotModifier(Lnet/minecraft/world/item/ItemStack;Ljava/lang/String;Lnet/minecraft/resources/ResourceLocation;DLnet/minecraft/world/entity/ai/attributes/AttributeModifier$Operation;Ljava/lang/String;Lorg/spongepowered/asm/mixin/injection/callback/CallbackInfo;)V does use it's CallbackInfo
[13Mar2026 19:33:21.906] [Worker-Main-5/DEBUG] [mixin/]: curios.neoforge.mixins.json:MixinCuriosApi from mod curios->@Inject::curios$addModifier(Lnet/minecraft/world/item/ItemStack;Lnet/minecraft/core/Holder;Lnet/minecraft/resources/ResourceLocation;DLnet/minecraft/world/entity/ai/attributes/AttributeModifier$Operation;Ljava/lang/String;Lorg/spongepowered/asm/mixin/injection/callback/CallbackInfo;)V does use it's CallbackInfo
[13Mar2026 19:33:21.906] [Worker-Main-5/DEBUG] [mixin/]: curios.neoforge.mixins.json:MixinCuriosApi from mod curios->@Inject::curios$registerCurioPredicate(Lnet/minecraft/resources/ResourceLocation;Ljava/util/function/Predicate;Lorg/spongepowered/asm/mixin/injection/callback/CallbackInfo;)V does use it's CallbackInfo
[13Mar2026 19:33:21.906] [Worker-Main-5/DEBUG] [mixin/]: curios.neoforge.mixins.json:MixinCuriosApi from mod curios->@Inject::curios$getCurioPredicate(Lnet/minecraft/resources/ResourceLocation;Lorg/spongepowered/asm/mixin/injection/callback/CallbackInfoReturnable;)V does use it's CallbackInfoReturnable
[13Mar2026 19:33:21.906] [Worker-Main-5/DEBUG] [mixin/]: curios.neoforge.mixins.json:MixinCuriosApi from mod curios->@Inject::curios$getCurioPredicates(Lorg/spongepowered/asm/mixin/injection/callback/CallbackInfoReturnable;)V does use it's CallbackInfoReturnable
[13Mar2026 19:33:21.906] [Worker-Main-5/DEBUG] [mixin/]: curios.neoforge.mixins.json:MixinCuriosApi from mod curios->@Inject::curios$testCurioPredicates(Ljava/util/Set;Ltop/theillusivec4/curios/api/SlotResult;Lorg/spongepowered/asm/mixin/injection/callback/CallbackInfoReturnable;)V does use it's CallbackInfoReturnable
[13Mar2026 19:33:21.906] [Worker-Main-5/DEBUG] [mixin/]: curios.neoforge.mixins.json:MixinCuriosApi from mod curios->@Inject::curios$getUuid(Ltop/theillusivec4/curios/api/SlotContext;Lorg/spongepowered/asm/mixin/injection/callback/CallbackInfoReturnable;)V does use it's CallbackInfoReturnable
[13Mar2026 19:33:21.906] [Worker-Main-5/DEBUG] [mixin/]: curios.neoforge.mixins.json:MixinCuriosApi from mod curios->@Inject::curios$broadcastCurioBreakEvent(Ltop/theillusivec4/curios/api/SlotContext;Lorg/spongepowered/asm/mixin/injection/callback/CallbackInfo;)V does use it's CallbackInfo
[13Mar2026 19:33:22.014] [Render thread/DEBUG] [net.neoforged.fml.DeferredWorkQueue/LOADING]: Dispatching synchronous work for work queue Common setup: 8 jobs
[13Mar2026 19:33:22.026] [NeoForge Version Check/INFO] [net.neoforged.fml.VersionChecker/]: [moonlight] Starting version check at https://api.modrinth.com/updates/moonlight/neoforge_updates.json
[13Mar2026 19:33:22.052] [Render thread/INFO] [Moonlight/]: Initialized color sets in 27ms
[13Mar2026 19:33:22.102] [Render thread/DEBUG] [net.neoforged.fml.DeferredWorkQueue/LOADING]: Synchronous work queue completed in 87.64 ms
[13Mar2026 19:33:22.259] [Render thread/DEBUG] [net.neoforged.fml.DeferredWorkQueue/LOADING]: Dispatching synchronous work for work queue Sided setup: 1 jobs
[13Mar2026 19:33:22.261] [Render thread/DEBUG] [mixin/]: Mixing client.ItemBlockRenderTypesMixin from lionfishapi.mixins.json into net.minecraft.client.renderer.ItemBlockRenderTypes
[13Mar2026 19:33:22.262] [Render thread/DEBUG] [mixin/]: lionfishapi.mixins.json:client.ItemBlockRenderTypesMixin from mod lionfishapi->@Inject::lionfish_getFluidRenderLayer(Lnet/minecraft/world/level/material/FluidState;Lorg/spongepowered/asm/mixin/injection/callback/CallbackInfoReturnable;)V does use it's CallbackInfoReturnable
[13Mar2026 19:33:22.318] [Render thread/DEBUG] [net.neoforged.fml.DeferredWorkQueue/LOADING]: Synchronous work queue completed in 60.15 ms
[13Mar2026 19:33:22.338] [Worker-Main-1/INFO] [net.minecraft.client.gui.font.providers.UnihexProvider/]: Found unifont_all_no_pua-15.1.05.hex, loading
[13Mar2026 19:33:22.489] [Worker-Main-7/ERROR] [net.minecraft.Util/]: Invalid path in pack: jahdoo:textures/item/testDump/augment_core.png, ignoring
[13Mar2026 19:33:22.489] [Worker-Main-7/WARN] [net.minecraft.Util/]: Did you remember to set a breakpoint here?
[13Mar2026 19:33:22.489] [Worker-Main-7/ERROR] [net.minecraft.Util/]: Invalid path in pack: jahdoo:textures/item/testDump/bronze_coin.png, ignoring
[13Mar2026 19:33:22.489] [Worker-Main-7/WARN] [net.minecraft.Util/]: Did you remember to set a breakpoint here?
[13Mar2026 19:33:22.489] [Worker-Main-7/ERROR] [net.minecraft.Util/]: Invalid path in pack: jahdoo:textures/item/testDump/gold_coin.png, ignoring
[13Mar2026 19:33:22.489] [Worker-Main-7/WARN] [net.minecraft.Util/]: Did you remember to set a breakpoint here?
[13Mar2026 19:33:22.489] [Worker-Main-7/ERROR] [net.minecraft.Util/]: Invalid path in pack: jahdoo:textures/item/testDump/silver_coin.png, ignoring
[13Mar2026 19:33:22.489] [Worker-Main-7/WARN] [net.minecraft.Util/]: Did you remember to set a breakpoint here?
[13Mar2026 19:33:22.490] [Worker-Main-7/ERROR] [net.minecraft.Util/]: Invalid path in pack: jahdoo:textures/item/testDump/tome_of_unity.png, ignoring
[13Mar2026 19:33:22.490] [Worker-Main-7/WARN] [net.minecraft.Util/]: Did you remember to set a breakpoint here?
[13Mar2026 19:33:22.558] [Worker-Main-1/INFO] [net.minecraft.client.gui.font.providers.UnihexProvider/]: Found unifont_jp_patch-15.1.05.hex, loading
[13Mar2026 19:33:22.593] [Worker-Main-7/WARN] [net.minecraft.client.renderer.texture.SpriteContents/]: Invalid frame index on sprite jahdoo:item/augment_hyper_core frame 1: 1
[13Mar2026 19:33:22.593] [Worker-Main-7/WARN] [net.minecraft.client.renderer.texture.SpriteContents/]: Invalid frame index on sprite jahdoo:item/augment_hyper_core frame 2: 2
[13Mar2026 19:33:22.593] [Worker-Main-7/WARN] [net.minecraft.client.renderer.texture.SpriteContents/]: Invalid frame index on sprite jahdoo:item/augment_hyper_core frame 3: 3
[13Mar2026 19:33:22.593] [Worker-Main-7/WARN] [net.minecraft.client.renderer.texture.SpriteContents/]: Invalid frame index on sprite jahdoo:item/augment_hyper_core frame 4: 4
[13Mar2026 19:33:22.593] [Worker-Main-7/WARN] [net.minecraft.client.renderer.texture.SpriteContents/]: Invalid frame index on sprite jahdoo:item/augment_hyper_core frame 5: 5
[13Mar2026 19:33:22.593] [Worker-Main-7/WARN] [net.minecraft.client.renderer.texture.SpriteContents/]: Invalid frame index on sprite jahdoo:item/augment_hyper_core frame 6: 6
[13Mar2026 19:33:22.593] [Worker-Main-7/WARN] [net.minecraft.client.renderer.texture.SpriteContents/]: Invalid frame index on sprite jahdoo:item/augment_hyper_core frame 7: 7
[13Mar2026 19:33:22.765] [Worker-Main-7/WARN] [net.minecraft.client.renderer.texture.SpriteLoader/]: Texture jahdoo:item/dice with size 17x17 limits mip level from 4 to 0
[13Mar2026 19:33:23.141] [NeoForge Version Check/DEBUG] [net.neoforged.fml.VersionChecker/]: [moonlight] Received version check data:
{"error":"not_found","description":"the requested route does not exist"}
[13Mar2026 19:33:23.143] [NeoForge Version Check/WARN] [net.neoforged.fml.VersionChecker/]: Failed to process update information
java.lang.NullPointerException: Cannot invoke "java.util.Map.get(Object)" because "promos" is null
	at MC-BOOTSTRAP/fml_loader@4.0.42/net.neoforged.fml.VersionChecker$1.process(VersionChecker.java:173) ~[loader-4.0.42.jar%23146!/:4.0]
	at java.base/java.lang.Iterable.forEach(Iterable.java:75) [?:?]
	at MC-BOOTSTRAP/fml_loader@4.0.42/net.neoforged.fml.VersionChecker$1.run(VersionChecker.java:105) [loader-4.0.42.jar%23146!/:4.0]
[13Mar2026 19:33:23.309] [Worker-Main-3/WARN] [net.minecraft.client.resources.model.BlockStateModelLoader/]: Exception loading blockstate definition: 'jahdoo:blockstates/loot_chest.json' missing model for variant: 'jahdoo:loot_chest#facing=up'
[13Mar2026 19:33:23.309] [Worker-Main-3/WARN] [net.minecraft.client.resources.model.BlockStateModelLoader/]: Exception loading blockstate definition: 'jahdoo:blockstates/loot_chest.json' missing model for variant: 'jahdoo:loot_chest#facing=down'
[13Mar2026 19:33:23.310] [Worker-Main-3/WARN] [net.minecraft.client.resources.model.BlockStateModelLoader/]: Exception loading blockstate definition: 'jahdoo:blockstates/enchanted_block.json' missing model for variant: 'jahdoo:enchanted_block#level=14'
[13Mar2026 19:33:23.310] [Worker-Main-3/WARN] [net.minecraft.client.resources.model.BlockStateModelLoader/]: Exception loading blockstate definition: 'jahdoo:blockstates/enchanted_block.json' missing model for variant: 'jahdoo:enchanted_block#level=13'
[13Mar2026 19:33:23.310] [Worker-Main-3/WARN] [net.minecraft.client.resources.model.BlockStateModelLoader/]: Exception loading blockstate definition: 'jahdoo:blockstates/enchanted_block.json' missing model for variant: 'jahdoo:enchanted_block#level=15'
[13Mar2026 19:33:23.310] [Worker-Main-3/WARN] [net.minecraft.client.resources.model.BlockStateModelLoader/]: Exception loading blockstate definition: 'jahdoo:blockstates/enchanted_block.json' missing model for variant: 'jahdoo:enchanted_block#level=8'
[13Mar2026 19:33:23.310] [Worker-Main-3/WARN] [net.minecraft.client.resources.model.BlockStateModelLoader/]: Exception loading blockstate definition: 'jahdoo:blockstates/enchanted_block.json' missing model for variant: 'jahdoo:enchanted_block#level=10'
[13Mar2026 19:33:23.310] [Worker-Main-3/WARN] [net.minecraft.client.resources.model.BlockStateModelLoader/]: Exception loading blockstate definition: 'jahdoo:blockstates/enchanted_block.json' missing model for variant: 'jahdoo:enchanted_block#level=9'
[13Mar2026 19:33:23.310] [Worker-Main-3/WARN] [net.minecraft.client.resources.model.BlockStateModelLoader/]: Exception loading blockstate definition: 'jahdoo:blockstates/enchanted_block.json' missing model for variant: 'jahdoo:enchanted_block#level=12'
[13Mar2026 19:33:23.310] [Worker-Main-3/WARN] [net.minecraft.client.resources.model.BlockStateModelLoader/]: Exception loading blockstate definition: 'jahdoo:blockstates/enchanted_block.json' missing model for variant: 'jahdoo:enchanted_block#level=11'
[13Mar2026 19:33:23.310] [Worker-Main-3/WARN] [net.minecraft.client.resources.model.BlockStateModelLoader/]: Exception loading blockstate definition: 'jahdoo:blockstates/enchanted_block.json' missing model for variant: 'jahdoo:enchanted_block#level=6'
[13Mar2026 19:33:23.310] [Worker-Main-3/WARN] [net.minecraft.client.resources.model.BlockStateModelLoader/]: Exception loading blockstate definition: 'jahdoo:blockstates/enchanted_block.json' missing model for variant: 'jahdoo:enchanted_block#level=7'
[13Mar2026 19:33:23.310] [Worker-Main-3/WARN] [net.minecraft.client.resources.model.BlockStateModelLoader/]: Exception loading blockstate definition: 'jahdoo:blockstates/loot_pot.json' missing model for variant: 'jahdoo:loot_pot#cracked=false,level=15,lit=true,waterlogged=true'
[13Mar2026 19:33:23.310] [Worker-Main-3/WARN] [net.minecraft.client.resources.model.BlockStateModelLoader/]: Exception loading blockstate definition: 'jahdoo:blockstates/loot_pot.json' missing model for variant: 'jahdoo:loot_pot#cracked=true,level=7,lit=true,waterlogged=true'
[13Mar2026 19:33:23.310] [Worker-Main-3/WARN] [net.minecraft.client.resources.model.BlockStateModelLoader/]: Exception loading blockstate definition: 'jahdoo:blockstates/loot_pot.json' missing model for variant: 'jahdoo:loot_pot#cracked=false,level=4,lit=true,waterlogged=true'
[13Mar2026 19:33:23.311] [Worker-Main-3/WARN] [net.minecraft.client.resources.model.BlockStateModelLoader/]: Exception loading blockstate definition: 'jahdoo:blockstates/loot_pot.json' missing model for variant: 'jahdoo:loot_pot#cracked=false,level=13,lit=false,waterlogged=true'
[13Mar2026 19:33:23.311] [Worker-Main-3/WARN] [net.minecraft.client.resources.model.BlockStateModelLoader/]: Exception loading blockstate definition: 'jahdoo:blockstates/loot_pot.json' missing model for variant: 'jahdoo:loot_pot#cracked=true,level=14,lit=false,waterlogged=false'
[13Mar2026 19:33:23.311] [Worker-Main-3/WARN] [net.minecraft.client.resources.model.BlockStateModelLoader/]: Exception loading blockstate definition: 'jahdoo:blockstates/loot_pot.json' missing model for variant: 'jahdoo:loot_pot#cracked=true,level=9,lit=false,waterlogged=false'
[13Mar2026 19:33:23.311] [Worker-Main-3/WARN] [net.minecraft.client.resources.model.BlockStateModelLoader/]: Exception loading blockstate definition: 'jahdoo:blockstates/loot_pot.json' missing model for variant: 'jahdoo:loot_pot#cracked=true,level=13,lit=false,waterlogged=true'
[13Mar2026 19:33:23.311] [Worker-Main-3/WARN] [net.minecraft.client.resources.model.BlockStateModelLoader/]: Exception loading blockstate definition: 'jahdoo:blockstates/loot_pot.json' missing model for variant: 'jahdoo:loot_pot#cracked=false,level=7,lit=true,waterlogged=false'
[13Mar2026 19:33:23.311] [Worker-Main-3/WARN] [net.minecraft.client.resources.model.BlockStateModelLoader/]: Exception loading blockstate definition: 'jahdoo:blockstates/loot_pot.json' missing model for variant: 'jahdoo:loot_pot#cracked=true,level=4,lit=true,waterlogged=false'
[13Mar2026 19:33:23.311] [Worker-Main-3/WARN] [net.minecraft.client.resources.model.BlockStateModelLoader/]: Exception loading blockstate definition: 'jahdoo:blockstates/loot_pot.json' missing model for variant: 'jahdoo:loot_pot#cracked=false,level=12,lit=false,waterlogged=false'
[13Mar2026 19:33:23.311] [Worker-Main-3/WARN] [net.minecraft.client.resources.model.BlockStateModelLoader/]: Exception loading blockstate definition: 'jahdoo:blockstates/loot_pot.json' missing model for variant: 'jahdoo:loot_pot#cracked=false,level=8,lit=false,waterlogged=false'
[13Mar2026 19:33:23.311] [Worker-Main-3/WARN] [net.minecraft.client.resources.model.BlockStateModelLoader/]: Exception loading blockstate definition: 'jahdoo:blockstates/loot_pot.json' missing model for variant: 'jahdoo:loot_pot#cracked=true,level=4,lit=false,waterlogged=false'
[13Mar2026 19:33:23.311] [Worker-Main-3/WARN] [net.minecraft.client.resources.model.BlockStateModelLoader/]: Exception loading blockstate definition: 'jahdoo:blockstates/loot_pot.json' missing model for variant: 'jahdoo:loot_pot#cracked=false,level=15,lit=false,waterlogged=true'
[13Mar2026 19:33:23.311] [Worker-Main-3/WARN] [net.minecraft.client.resources.model.BlockStateModelLoader/]: Exception loading blockstate definition: 'jahdoo:blockstates/loot_pot.json' missing model for variant: 'jahdoo:loot_pot#cracked=true,level=8,lit=false,waterlogged=true'
[13Mar2026 19:33:23.311] [Worker-Main-3/WARN] [net.minecraft.client.resources.model.BlockStateModelLoader/]: Exception loading blockstate definition: 'jahdoo:blockstates/loot_pot.json' missing model for variant: 'jahdoo:loot_pot#cracked=false,level=4,lit=false,waterlogged=true'
[13Mar2026 19:33:23.311] [Worker-Main-3/WARN] [net.minecraft.client.resources.model.BlockStateModelLoader/]: Exception loading blockstate definition: 'jahdoo:blockstates/loot_pot.json' missing model for variant: 'jahdoo:loot_pot#cracked=true,level=8,lit=true,waterlogged=false'
[13Mar2026 19:33:23.311] [Worker-Main-3/WARN] [net.minecraft.client.resources.model.BlockStateModelLoader/]: Exception loading blockstate definition: 'jahdoo:blockstates/loot_pot.json' missing model for variant: 'jahdoo:loot_pot#cracked=false,level=9,lit=false,waterlogged=true'
[13Mar2026 19:33:23.311] [Worker-Main-3/WARN] [net.minecraft.client.resources.model.BlockStateModelLoader/]: Exception loading blockstate definition: 'jahdoo:blockstates/loot_pot.json' missing model for variant: 'jahdoo:loot_pot#cracked=false,level=9,lit=true,waterlogged=true'
[13Mar2026 19:33:23.311] [Worker-Main-3/WARN] [net.minecraft.client.resources.model.BlockStateModelLoader/]: Exception loading blockstate definition: 'jahdoo:blockstates/loot_pot.json' missing model for variant: 'jahdoo:loot_pot#cracked=true,level=11,lit=true,waterlogged=false'
[13Mar2026 19:33:23.311] [Worker-Main-3/WARN] [net.minecraft.client.resources.model.BlockStateModelLoader/]: Exception loading blockstate definition: 'jahdoo:blockstates/loot_pot.json' missing model for variant: 'jahdoo:loot_pot#cracked=true,level=13,lit=true,waterlogged=false'
[13Mar2026 19:33:23.311] [Worker-Main-3/WARN] [net.minecraft.client.resources.model.BlockStateModelLoader/]: Exception loading blockstate definition: 'jahdoo:blockstates/loot_pot.json' missing model for variant: 'jahdoo:loot_pot#cracked=false,level=5,lit=true,waterlogged=false'
[13Mar2026 19:33:23.311] [Worker-Main-3/WARN] [net.minecraft.client.resources.model.BlockStateModelLoader/]: Exception loading blockstate definition: 'jahdoo:blockstates/loot_pot.json' missing model for variant: 'jahdoo:loot_pot#cracked=true,level=15,lit=false,waterlogged=true'
[13Mar2026 19:33:23.311] [Worker-Main-3/WARN] [net.minecraft.client.resources.model.BlockStateModelLoader/]: Exception loading blockstate definition: 'jahdoo:blockstates/loot_pot.json' missing model for variant: 'jahdoo:loot_pot#cracked=true,level=11,lit=true,waterlogged=true'
[13Mar2026 19:33:23.311] [Worker-Main-3/WARN] [net.minecraft.client.resources.model.BlockStateModelLoader/]: Exception loading blockstate definition: 'jahdoo:blockstates/loot_pot.json' missing model for variant: 'jahdoo:loot_pot#cracked=true,level=6,lit=true,waterlogged=false'
[13Mar2026 19:33:23.311] [Worker-Main-3/WARN] [net.minecraft.client.resources.model.BlockStateModelLoader/]: Exception loading blockstate definition: 'jahdoo:blockstates/loot_pot.json' missing model for variant: 'jahdoo:loot_pot#cracked=false,level=11,lit=true,waterlogged=true'
[13Mar2026 19:33:23.311] [Worker-Main-3/WARN] [net.minecraft.client.resources.model.BlockStateModelLoader/]: Exception loading blockstate definition: 'jahdoo:blockstates/loot_pot.json' missing model for variant: 'jahdoo:loot_pot#cracked=true,level=6,lit=false,waterlogged=true'
[13Mar2026 19:33:23.312] [Worker-Main-3/WARN] [net.minecraft.client.resources.model.BlockStateModelLoader/]: Exception loading blockstate definition: 'jahdoo:blockstates/loot_pot.json' missing model for variant: 'jahdoo:loot_pot#cracked=true,level=5,lit=false,waterlogged=true'
[13Mar2026 19:33:23.312] [Worker-Main-3/WARN] [net.minecraft.client.resources.model.BlockStateModelLoader/]: Exception loading blockstate definition: 'jahdoo:blockstates/loot_pot.json' missing model for variant: 'jahdoo:loot_pot#cracked=true,level=12,lit=true,waterlogged=true'
[13Mar2026 19:33:23.312] [Worker-Main-3/WARN] [net.minecraft.client.resources.model.BlockStateModelLoader/]: Exception loading blockstate definition: 'jahdoo:blockstates/loot_pot.json' missing model for variant: 'jahdoo:loot_pot#cracked=false,level=6,lit=false,waterlogged=true'
[13Mar2026 19:33:23.312] [Worker-Main-3/WARN] [net.minecraft.client.resources.model.BlockStateModelLoader/]: Exception loading blockstate definition: 'jahdoo:blockstates/loot_pot.json' missing model for variant: 'jahdoo:loot_pot#cracked=false,level=12,lit=true,waterlogged=false'
[13Mar2026 19:33:23.312] [Worker-Main-3/WARN] [net.minecraft.client.resources.model.BlockStateModelLoader/]: Exception loading blockstate definition: 'jahdoo:blockstates/loot_pot.json' missing model for variant: 'jahdoo:loot_pot#cracked=false,level=10,lit=true,waterlogged=true'
[13Mar2026 19:33:23.312] [Worker-Main-3/WARN] [net.minecraft.client.resources.model.BlockStateModelLoader/]: Exception loading blockstate definition: 'jahdoo:blockstates/loot_pot.json' missing model for variant: 'jahdoo:loot_pot#cracked=false,level=4,lit=false,waterlogged=false'
[13Mar2026 19:33:23.312] [Worker-Main-3/WARN] [net.minecraft.client.resources.model.BlockStateModelLoader/]: Exception loading blockstate definition: 'jahdoo:blockstates/loot_pot.json' missing model for variant: 'jahdoo:loot_pot#cracked=true,level=7,lit=false,waterlogged=true'
[13Mar2026 19:33:23.312] [Worker-Main-3/WARN] [net.minecraft.client.resources.model.BlockStateModelLoader/]: Exception loading blockstate definition: 'jahdoo:blockstates/loot_pot.json' missing model for variant: 'jahdoo:loot_pot#cracked=true,level=13,lit=true,waterlogged=true'
[13Mar2026 19:33:23.312] [Worker-Main-3/WARN] [net.minecraft.client.resources.model.BlockStateModelLoader/]: Exception loading blockstate definition: 'jahdoo:blockstates/loot_pot.json' missing model for variant: 'jahdoo:loot_pot#cracked=true,level=10,lit=false,waterlogged=true'
[13Mar2026 19:33:23.312] [Worker-Main-3/WARN] [net.minecraft.client.resources.model.BlockStateModelLoader/]: Exception loading blockstate definition: 'jahdoo:blockstates/loot_pot.json' missing model for variant: 'jahdoo:loot_pot#cracked=false,level=11,lit=true,waterlogged=false'
[13Mar2026 19:33:23.312] [Worker-Main-3/WARN] [net.minecraft.client.resources.model.BlockStateModelLoader/]: Exception loading blockstate definition: 'jahdoo:blockstates/loot_pot.json' missing model for variant: 'jahdoo:loot_pot#cracked=false,level=10,lit=false,waterlogged=true'
[13Mar2026 19:33:23.312] [Worker-Main-3/WARN] [net.minecraft.client.resources.model.BlockStateModelLoader/]: Exception loading blockstate definition: 'jahdoo:blockstates/loot_pot.json' missing model for variant: 'jahdoo:loot_pot#cracked=true,level=14,lit=true,waterlogged=true'
[13Mar2026 19:33:23.312] [Worker-Main-3/WARN] [net.minecraft.client.resources.model.BlockStateModelLoader/]: Exception loading blockstate definition: 'jahdoo:blockstates/loot_pot.json' missing model for variant: 'jahdoo:loot_pot#cracked=false,level=13,lit=true,waterlogged=true'
[13Mar2026 19:33:23.312] [Worker-Main-3/WARN] [net.minecraft.client.resources.model.BlockStateModelLoader/]: Exception loading blockstate definition: 'jahdoo:blockstates/loot_pot.json' missing model for variant: 'jahdoo:loot_pot#cracked=true,level=8,lit=false,waterlogged=false'
[13Mar2026 19:33:23.312] [Worker-Main-3/WARN] [net.minecraft.client.resources.model.BlockStateModelLoader/]: Exception loading blockstate definition: 'jahdoo:blockstates/loot_pot.json' missing model for variant: 'jahdoo:loot_pot#cracked=true,level=5,lit=true,waterlogged=true'
[13Mar2026 19:33:23.312] [Worker-Main-3/WARN] [net.minecraft.client.resources.model.BlockStateModelLoader/]: Exception loading blockstate definition: 'jahdoo:blockstates/loot_pot.json' missing model for variant: 'jahdoo:loot_pot#cracked=false,level=9,lit=false,waterlogged=false'
[13Mar2026 19:33:23.312] [Worker-Main-3/WARN] [net.minecraft.client.resources.model.BlockStateModelLoader/]: Exception loading blockstate definition: 'jahdoo:blockstates/loot_pot.json' missing model for variant: 'jahdoo:loot_pot#cracked=false,level=11,lit=false,waterlogged=true'
[13Mar2026 19:33:23.312] [Worker-Main-3/WARN] [net.minecraft.client.resources.model.BlockStateModelLoader/]: Exception loading blockstate definition: 'jahdoo:blockstates/loot_pot.json' missing model for variant: 'jahdoo:loot_pot#cracked=false,level=13,lit=false,waterlogged=false'
[13Mar2026 19:33:23.312] [Worker-Main-3/WARN] [net.minecraft.client.resources.model.BlockStateModelLoader/]: Exception loading blockstate definition: 'jahdoo:blockstates/loot_pot.json' missing model for variant: 'jahdoo:loot_pot#cracked=true,level=7,lit=true,waterlogged=false'
[13Mar2026 19:33:23.312] [Worker-Main-3/WARN] [net.minecraft.client.resources.model.BlockStateModelLoader/]: Exception loading blockstate definition: 'jahdoo:blockstates/loot_pot.json' missing model for variant: 'jahdoo:loot_pot#cracked=false,level=5,lit=false,waterlogged=true'
[13Mar2026 19:33:23.312] [Worker-Main-3/WARN] [net.minecraft.client.resources.model.BlockStateModelLoader/]: Exception loading blockstate definition: 'jahdoo:blockstates/loot_pot.json' missing model for variant: 'jahdoo:loot_pot#cracked=true,level=11,lit=false,waterlogged=true'
[13Mar2026 19:33:23.312] [Worker-Main-3/WARN] [net.minecraft.client.resources.model.BlockStateModelLoader/]: Exception loading blockstate definition: 'jahdoo:blockstates/loot_pot.json' missing model for variant: 'jahdoo:loot_pot#cracked=false,level=12,lit=true,waterlogged=true'
[13Mar2026 19:33:23.312] [Worker-Main-3/WARN] [net.minecraft.client.resources.model.BlockStateModelLoader/]: Exception loading blockstate definition: 'jahdoo:blockstates/loot_pot.json' missing model for variant: 'jahdoo:loot_pot#cracked=true,level=4,lit=true,waterlogged=true'
[13Mar2026 19:33:23.312] [Worker-Main-3/WARN] [net.minecraft.client.resources.model.BlockStateModelLoader/]: Exception loading blockstate definition: 'jahdoo:blockstates/loot_pot.json' missing model for variant: 'jahdoo:loot_pot#cracked=true,level=12,lit=true,waterlogged=false'
[13Mar2026 19:33:23.312] [Worker-Main-3/WARN] [net.minecraft.client.resources.model.BlockStateModelLoader/]: Exception loading blockstate definition: 'jahdoo:blockstates/loot_pot.json' missing model for variant: 'jahdoo:loot_pot#cracked=true,level=13,lit=false,waterlogged=false'
[13Mar2026 19:33:23.313] [Worker-Main-3/WARN] [net.minecraft.client.resources.model.BlockStateModelLoader/]: Exception loading blockstate definition: 'jahdoo:blockstates/loot_pot.json' missing model for variant: 'jahdoo:loot_pot#cracked=true,level=14,lit=false,waterlogged=true'
[13Mar2026 19:33:23.313] [Worker-Main-3/WARN] [net.minecraft.client.resources.model.BlockStateModelLoader/]: Exception loading blockstate definition: 'jahdoo:blockstates/loot_pot.json' missing model for variant: 'jahdoo:loot_pot#cracked=false,level=10,lit=false,waterlogged=false'
[13Mar2026 19:33:23.313] [Worker-Main-3/WARN] [net.minecraft.client.resources.model.BlockStateModelLoader/]: Exception loading blockstate definition: 'jahdoo:blockstates/loot_pot.json' missing model for variant: 'jahdoo:loot_pot#cracked=true,level=6,lit=false,waterlogged=false'
[13Mar2026 19:33:23.313] [Worker-Main-3/WARN] [net.minecraft.client.resources.model.BlockStateModelLoader/]: Exception loading blockstate definition: 'jahdoo:blockstates/loot_pot.json' missing model for variant: 'jahdoo:loot_pot#cracked=false,level=6,lit=true,waterlogged=false'
[13Mar2026 19:33:23.313] [Worker-Main-3/WARN] [net.minecraft.client.resources.model.BlockStateModelLoader/]: Exception loading blockstate definition: 'jahdoo:blockstates/loot_pot.json' missing model for variant: 'jahdoo:loot_pot#cracked=false,level=15,lit=false,waterlogged=false'
[13Mar2026 19:33:23.313] [Worker-Main-3/WARN] [net.minecraft.client.resources.model.BlockStateModelLoader/]: Exception loading blockstate definition: 'jahdoo:blockstates/loot_pot.json' missing model for variant: 'jahdoo:loot_pot#cracked=true,level=15,lit=true,waterlogged=true'
[13Mar2026 19:33:23.313] [Worker-Main-3/WARN] [net.minecraft.client.resources.model.BlockStateModelLoader/]: Exception loading blockstate definition: 'jahdoo:blockstates/loot_pot.json' missing model for variant: 'jahdoo:loot_pot#cracked=true,level=5,lit=true,waterlogged=false'
[13Mar2026 19:33:23.313] [Worker-Main-3/WARN] [net.minecraft.client.resources.model.BlockStateModelLoader/]: Exception loading blockstate definition: 'jahdoo:blockstates/loot_pot.json' missing model for variant: 'jahdoo:loot_pot#cracked=false,level=14,lit=true,waterlogged=true'
[13Mar2026 19:33:23.313] [Worker-Main-3/WARN] [net.minecraft.client.resources.model.BlockStateModelLoader/]: Exception loading blockstate definition: 'jahdoo:blockstates/loot_pot.json' missing model for variant: 'jahdoo:loot_pot#cracked=true,level=6,lit=true,waterlogged=true'
[13Mar2026 19:33:23.313] [Worker-Main-3/WARN] [net.minecraft.client.resources.model.BlockStateModelLoader/]: Exception loading blockstate definition: 'jahdoo:blockstates/loot_pot.json' missing model for variant: 'jahdoo:loot_pot#cracked=true,level=10,lit=true,waterlogged=false'
[13Mar2026 19:33:23.313] [Worker-Main-3/WARN] [net.minecraft.client.resources.model.BlockStateModelLoader/]: Exception loading blockstate definition: 'jahdoo:blockstates/loot_pot.json' missing model for variant: 'jahdoo:loot_pot#cracked=true,level=11,lit=false,waterlogged=false'
[13Mar2026 19:33:23.313] [Worker-Main-3/WARN] [net.minecraft.client.resources.model.BlockStateModelLoader/]: Exception loading blockstate definition: 'jahdoo:blockstates/loot_pot.json' missing model for variant: 'jahdoo:loot_pot#cracked=false,level=5,lit=true,waterlogged=true'
[13Mar2026 19:33:23.313] [Worker-Main-3/WARN] [net.minecraft.client.resources.model.BlockStateModelLoader/]: Exception loading blockstate definition: 'jahdoo:blockstates/loot_pot.json' missing model for variant: 'jahdoo:loot_pot#cracked=false,level=14,lit=false,waterlogged=true'
[13Mar2026 19:33:23.313] [Worker-Main-3/WARN] [net.minecraft.client.resources.model.BlockStateModelLoader/]: Exception loading blockstate definition: 'jahdoo:blockstates/loot_pot.json' missing model for variant: 'jahdoo:loot_pot#cracked=true,level=12,lit=false,waterlogged=true'
[13Mar2026 19:33:23.313] [Worker-Main-3/WARN] [net.minecraft.client.resources.model.BlockStateModelLoader/]: Exception loading blockstate definition: 'jahdoo:blockstates/loot_pot.json' missing model for variant: 'jahdoo:loot_pot#cracked=true,level=8,lit=true,waterlogged=true'
[13Mar2026 19:33:23.313] [Worker-Main-3/WARN] [net.minecraft.client.resources.model.BlockStateModelLoader/]: Exception loading blockstate definition: 'jahdoo:blockstates/loot_pot.json' missing model for variant: 'jahdoo:loot_pot#cracked=false,level=8,lit=true,waterlogged=false'
[13Mar2026 19:33:23.313] [Worker-Main-3/WARN] [net.minecraft.client.resources.model.BlockStateModelLoader/]: Exception loading blockstate definition: 'jahdoo:blockstates/loot_pot.json' missing model for variant: 'jahdoo:loot_pot#cracked=false,level=10,lit=true,waterlogged=false'
[13Mar2026 19:33:23.313] [Worker-Main-3/WARN] [net.minecraft.client.resources.model.BlockStateModelLoader/]: Exception loading blockstate definition: 'jahdoo:blockstates/loot_pot.json' missing model for variant: 'jahdoo:loot_pot#cracked=false,level=5,lit=false,waterlogged=false'
[13Mar2026 19:33:23.313] [Worker-Main-3/WARN] [net.minecraft.client.resources.model.BlockStateModelLoader/]: Exception loading blockstate definition: 'jahdoo:blockstates/loot_pot.json' missing model for variant: 'jahdoo:loot_pot#cracked=true,level=12,lit=false,waterlogged=false'
[13Mar2026 19:33:23.313] [Worker-Main-3/WARN] [net.minecraft.client.resources.model.BlockStateModelLoader/]: Exception loading blockstate definition: 'jahdoo:blockstates/loot_pot.json' missing model for variant: 'jahdoo:loot_pot#cracked=true,level=10,lit=true,waterlogged=true'
[13Mar2026 19:33:23.313] [Worker-Main-3/WARN] [net.minecraft.client.resources.model.BlockStateModelLoader/]: Exception loading blockstate definition: 'jahdoo:blockstates/loot_pot.json' missing model for variant: 'jahdoo:loot_pot#cracked=false,level=11,lit=false,waterlogged=false'
[13Mar2026 19:33:23.313] [Worker-Main-3/WARN] [net.minecraft.client.resources.model.BlockStateModelLoader/]: Exception loading blockstate definition: 'jahdoo:blockstates/loot_pot.json' missing model for variant: 'jahdoo:loot_pot#cracked=true,level=7,lit=false,waterlogged=false'
[13Mar2026 19:33:23.313] [Worker-Main-3/WARN] [net.minecraft.client.resources.model.BlockStateModelLoader/]: Exception loading blockstate definition: 'jahdoo:blockstates/loot_pot.json' missing model for variant: 'jahdoo:loot_pot#cracked=false,level=14,lit=false,waterlogged=false'
[13Mar2026 19:33:23.313] [Worker-Main-3/WARN] [net.minecraft.client.resources.model.BlockStateModelLoader/]: Exception loading blockstate definition: 'jahdoo:blockstates/loot_pot.json' missing model for variant: 'jahdoo:loot_pot#cracked=false,level=13,lit=true,waterlogged=false'
[13Mar2026 19:33:23.313] [Worker-Main-3/WARN] [net.minecraft.client.resources.model.BlockStateModelLoader/]: Exception loading blockstate definition: 'jahdoo:blockstates/loot_pot.json' missing model for variant: 'jahdoo:loot_pot#cracked=false,level=12,lit=false,waterlogged=true'
[13Mar2026 19:33:23.313] [Worker-Main-3/WARN] [net.minecraft.client.resources.model.BlockStateModelLoader/]: Exception loading blockstate definition: 'jahdoo:blockstates/loot_pot.json' missing model for variant: 'jahdoo:loot_pot#cracked=true,level=15,lit=false,waterlogged=false'
[13Mar2026 19:33:23.313] [Worker-Main-3/WARN] [net.minecraft.client.resources.model.BlockStateModelLoader/]: Exception loading blockstate definition: 'jahdoo:blockstates/loot_pot.json' missing model for variant: 'jahdoo:loot_pot#cracked=true,level=14,lit=true,waterlogged=false'
[13Mar2026 19:33:23.313] [Worker-Main-3/WARN] [net.minecraft.client.resources.model.BlockStateModelLoader/]: Exception loading blockstate definition: 'jahdoo:blockstates/loot_pot.json' missing model for variant: 'jahdoo:loot_pot#cracked=true,level=10,lit=false,waterlogged=false'
[13Mar2026 19:33:23.313] [Worker-Main-3/WARN] [net.minecraft.client.resources.model.BlockStateModelLoader/]: Exception loading blockstate definition: 'jahdoo:blockstates/loot_pot.json' missing model for variant: 'jahdoo:loot_pot#cracked=false,level=8,lit=true,waterlogged=true'
[13Mar2026 19:33:23.313] [Worker-Main-3/WARN] [net.minecraft.client.resources.model.BlockStateModelLoader/]: Exception loading blockstate definition: 'jahdoo:blockstates/loot_pot.json' missing model for variant: 'jahdoo:loot_pot#cracked=false,level=7,lit=false,waterlogged=false'
[13Mar2026 19:33:23.313] [Worker-Main-3/WARN] [net.minecraft.client.resources.model.BlockStateModelLoader/]: Exception loading blockstate definition: 'jahdoo:blockstates/loot_pot.json' missing model for variant: 'jahdoo:loot_pot#cracked=true,level=5,lit=false,waterlogged=false'
[13Mar2026 19:33:23.313] [Worker-Main-3/WARN] [net.minecraft.client.resources.model.BlockStateModelLoader/]: Exception loading blockstate definition: 'jahdoo:blockstates/loot_pot.json' missing model for variant: 'jahdoo:loot_pot#cracked=true,level=9,lit=true,waterlogged=false'
[13Mar2026 19:33:23.313] [Worker-Main-3/WARN] [net.minecraft.client.resources.model.BlockStateModelLoader/]: Exception loading blockstate definition: 'jahdoo:blockstates/loot_pot.json' missing model for variant: 'jahdoo:loot_pot#cracked=true,level=15,lit=true,waterlogged=false'
[13Mar2026 19:33:23.313] [Worker-Main-3/WARN] [net.minecraft.client.resources.model.BlockStateModelLoader/]: Exception loading blockstate definition: 'jahdoo:blockstates/loot_pot.json' missing model for variant: 'jahdoo:loot_pot#cracked=false,level=14,lit=true,waterlogged=false'
[13Mar2026 19:33:23.314] [Worker-Main-3/WARN] [net.minecraft.client.resources.model.BlockStateModelLoader/]: Exception loading blockstate definition: 'jahdoo:blockstates/loot_pot.json' missing model for variant: 'jahdoo:loot_pot#cracked=true,level=4,lit=false,waterlogged=true'
[13Mar2026 19:33:23.314] [Worker-Main-3/WARN] [net.minecraft.client.resources.model.BlockStateModelLoader/]: Exception loading blockstate definition: 'jahdoo:blockstates/loot_pot.json' missing model for variant: 'jahdoo:loot_pot#cracked=true,level=9,lit=true,waterlogged=true'
[13Mar2026 19:33:23.314] [Worker-Main-3/WARN] [net.minecraft.client.resources.model.BlockStateModelLoader/]: Exception loading blockstate definition: 'jahdoo:blockstates/loot_pot.json' missing model for variant: 'jahdoo:loot_pot#cracked=false,level=7,lit=false,waterlogged=true'
[13Mar2026 19:33:23.314] [Worker-Main-3/WARN] [net.minecraft.client.resources.model.BlockStateModelLoader/]: Exception loading blockstate definition: 'jahdoo:blockstates/loot_pot.json' missing model for variant: 'jahdoo:loot_pot#cracked=false,level=4,lit=true,waterlogged=false'
[13Mar2026 19:33:23.314] [Worker-Main-3/WARN] [net.minecraft.client.resources.model.BlockStateModelLoader/]: Exception loading blockstate definition: 'jahdoo:blockstates/loot_pot.json' missing model for variant: 'jahdoo:loot_pot#cracked=false,level=15,lit=true,waterlogged=false'
[13Mar2026 19:33:23.314] [Worker-Main-3/WARN] [net.minecraft.client.resources.model.BlockStateModelLoader/]: Exception loading blockstate definition: 'jahdoo:blockstates/loot_pot.json' missing model for variant: 'jahdoo:loot_pot#cracked=false,level=9,lit=true,waterlogged=false'
[13Mar2026 19:33:23.314] [Worker-Main-3/WARN] [net.minecraft.client.resources.model.BlockStateModelLoader/]: Exception loading blockstate definition: 'jahdoo:blockstates/loot_pot.json' missing model for variant: 'jahdoo:loot_pot#cracked=false,level=8,lit=false,waterlogged=true'
[13Mar2026 19:33:23.314] [Worker-Main-3/WARN] [net.minecraft.client.resources.model.BlockStateModelLoader/]: Exception loading blockstate definition: 'jahdoo:blockstates/loot_pot.json' missing model for variant: 'jahdoo:loot_pot#cracked=false,level=6,lit=true,waterlogged=true'
[13Mar2026 19:33:23.314] [Worker-Main-3/WARN] [net.minecraft.client.resources.model.BlockStateModelLoader/]: Exception loading blockstate definition: 'jahdoo:blockstates/loot_pot.json' missing model for variant: 'jahdoo:loot_pot#cracked=true,level=9,lit=false,waterlogged=true'
[13Mar2026 19:33:23.314] [Worker-Main-3/WARN] [net.minecraft.client.resources.model.BlockStateModelLoader/]: Exception loading blockstate definition: 'jahdoo:blockstates/loot_pot.json' missing model for variant: 'jahdoo:loot_pot#cracked=false,level=7,lit=true,waterlogged=true'
[13Mar2026 19:33:23.314] [Worker-Main-3/WARN] [net.minecraft.client.resources.model.BlockStateModelLoader/]: Exception loading blockstate definition: 'jahdoo:blockstates/loot_pot.json' missing model for variant: 'jahdoo:loot_pot#cracked=false,level=6,lit=false,waterlogged=false'
[13Mar2026 19:33:23.314] [Worker-Main-3/WARN] [net.minecraft.client.resources.model.BlockStateModelLoader/]: Exception loading blockstate definition: 'jahdoo:blockstates/ticket_bureau.json' missing model for variant: 'jahdoo:ticket_bureau#facing=down'
[13Mar2026 19:33:23.314] [Worker-Main-3/WARN] [net.minecraft.client.resources.model.BlockStateModelLoader/]: Exception loading blockstate definition: 'jahdoo:blockstates/ticket_bureau.json' missing model for variant: 'jahdoo:ticket_bureau#facing=up'
[13Mar2026 19:33:23.314] [Worker-Main-3/WARN] [net.minecraft.client.resources.model.BlockStateModelLoader/]: Exception loading blockstate definition: 'jahdoo:blockstates/power_up_station.json' missing model for variant: 'jahdoo:power_up_station#level=2,lit=true,waterlogged=true'
[13Mar2026 19:33:23.314] [Worker-Main-3/WARN] [net.minecraft.client.resources.model.BlockStateModelLoader/]: Exception loading blockstate definition: 'jahdoo:blockstates/power_up_station.json' missing model for variant: 'jahdoo:power_up_station#level=5,lit=true,waterlogged=false'
[13Mar2026 19:33:23.314] [Worker-Main-3/WARN] [net.minecraft.client.resources.model.BlockStateModelLoader/]: Exception loading blockstate definition: 'jahdoo:blockstates/power_up_station.json' missing model for variant: 'jahdoo:power_up_station#level=15,lit=false,waterlogged=true'
[13Mar2026 19:33:23.314] [Worker-Main-3/WARN] [net.minecraft.client.resources.model.BlockStateModelLoader/]: Exception loading blockstate definition: 'jahdoo:blockstates/power_up_station.json' missing model for variant: 'jahdoo:power_up_station#level=9,lit=false,waterlogged=false'
[13Mar2026 19:33:23.314] [Worker-Main-3/WARN] [net.minecraft.client.resources.model.BlockStateModelLoader/]: Exception loading blockstate definition: 'jahdoo:blockstates/power_up_station.json' missing model for variant: 'jahdoo:power_up_station#level=6,lit=true,waterlogged=false'
[13Mar2026 19:33:23.314] [Worker-Main-3/WARN] [net.minecraft.client.resources.model.BlockStateModelLoader/]: Exception loading blockstate definition: 'jahdoo:blockstates/power_up_station.json' missing model for variant: 'jahdoo:power_up_station#level=11,lit=false,waterlogged=false'
[13Mar2026 19:33:23.314] [Worker-Main-3/WARN] [net.minecraft.client.resources.model.BlockStateModelLoader/]: Exception loading blockstate definition: 'jahdoo:blockstates/power_up_station.json' missing model for variant: 'jahdoo:power_up_station#level=10,lit=true,waterlogged=false'
[13Mar2026 19:33:23.315] [Worker-Main-3/WARN] [net.minecraft.client.resources.model.BlockStateModelLoader/]: Exception loading blockstate definition: 'jahdoo:blockstates/power_up_station.json' missing model for variant: 'jahdoo:power_up_station#level=3,lit=true,waterlogged=true'
[13Mar2026 19:33:23.315] [Worker-Main-3/WARN] [net.minecraft.client.resources.model.BlockStateModelLoader/]: Exception loading blockstate definition: 'jahdoo:blockstates/power_up_station.json' missing model for variant: 'jahdoo:power_up_station#level=4,lit=true,waterlogged=false'
[13Mar2026 19:33:23.315] [Worker-Main-3/WARN] [net.minecraft.client.resources.model.BlockStateModelLoader/]: Exception loading blockstate definition: 'jahdoo:blockstates/power_up_station.json' missing model for variant: 'jahdoo:power_up_station#level=2,lit=false,waterlogged=true'
[13Mar2026 19:33:23.315] [Worker-Main-3/WARN] [net.minecraft.client.resources.model.BlockStateModelLoader/]: Exception loading blockstate definition: 'jahdoo:blockstates/power_up_station.json' missing model for variant: 'jahdoo:power_up_station#level=7,lit=true,waterlogged=false'
[13Mar2026 19:33:23.315] [Worker-Main-3/WARN] [net.minecraft.client.resources.model.BlockStateModelLoader/]: Exception loading blockstate definition: 'jahdoo:blockstates/power_up_station.json' missing model for variant: 'jahdoo:power_up_station#level=6,lit=false,waterlogged=false'
[13Mar2026 19:33:23.315] [Worker-Main-3/WARN] [net.minecraft.client.resources.model.BlockStateModelLoader/]: Exception loading blockstate definition: 'jahdoo:blockstates/power_up_station.json' missing model for variant: 'jahdoo:power_up_station#level=3,lit=true,waterlogged=false'
[13Mar2026 19:33:23.315] [Worker-Main-3/WARN] [net.minecraft.client.resources.model.BlockStateModelLoader/]: Exception loading blockstate definition: 'jahdoo:blockstates/power_up_station.json' missing model for variant: 'jahdoo:power_up_station#level=8,lit=true,waterlogged=true'
[13Mar2026 19:33:23.315] [Worker-Main-3/WARN] [net.minecraft.client.resources.model.BlockStateModelLoader/]: Exception loading blockstate definition: 'jahdoo:blockstates/power_up_station.json' missing model for variant: 'jahdoo:power_up_station#level=10,lit=true,waterlogged=true'
[13Mar2026 19:33:23.315] [Worker-Main-3/WARN] [net.minecraft.client.resources.model.BlockStateModelLoader/]: Exception loading blockstate definition: 'jahdoo:blockstates/power_up_station.json' missing model for variant: 'jahdoo:power_up_station#level=14,lit=true,waterlogged=true'
[13Mar2026 19:33:23.315] [Worker-Main-3/WARN] [net.minecraft.client.resources.model.BlockStateModelLoader/]: Exception loading blockstate definition: 'jahdoo:blockstates/power_up_station.json' missing model for variant: 'jahdoo:power_up_station#level=3,lit=false,waterlogged=false'
[13Mar2026 19:33:23.315] [Worker-Main-3/WARN] [net.minecraft.client.resources.model.BlockStateModelLoader/]: Exception loading blockstate definition: 'jahdoo:blockstates/power_up_station.json' missing model for variant: 'jahdoo:power_up_station#level=13,lit=false,waterlogged=false'
[13Mar2026 19:33:23.315] [Worker-Main-3/WARN] [net.minecraft.client.resources.model.BlockStateModelLoader/]: Exception loading blockstate definition: 'jahdoo:blockstates/power_up_station.json' missing model for variant: 'jahdoo:power_up_station#level=7,lit=false,waterlogged=true'
[13Mar2026 19:33:23.315] [Worker-Main-3/WARN] [net.minecraft.client.resources.model.BlockStateModelLoader/]: Exception loading blockstate definition: 'jahdoo:blockstates/power_up_station.json' missing model for variant: 'jahdoo:power_up_station#level=8,lit=true,waterlogged=false'
[13Mar2026 19:33:23.315] [Worker-Main-3/WARN] [net.minecraft.client.resources.model.BlockStateModelLoader/]: Exception loading blockstate definition: 'jahdoo:blockstates/power_up_station.json' missing model for variant: 'jahdoo:power_up_station#level=12,lit=true,waterlogged=false'
[13Mar2026 19:33:23.315] [Worker-Main-3/WARN] [net.minecraft.client.resources.model.BlockStateModelLoader/]: Exception loading blockstate definition: 'jahdoo:blockstates/power_up_station.json' missing model for variant: 'jahdoo:power_up_station#level=2,lit=true,waterlogged=false'
[13Mar2026 19:33:23.315] [Worker-Main-3/WARN] [net.minecraft.client.resources.model.BlockStateModelLoader/]: Exception loading blockstate definition: 'jahdoo:blockstates/power_up_station.json' missing model for variant: 'jahdoo:power_up_station#level=9,lit=true,waterlogged=true'
[13Mar2026 19:33:23.315] [Worker-Main-3/WARN] [net.minecraft.client.resources.model.BlockStateModelLoader/]: Exception loading blockstate definition: 'jahdoo:blockstates/power_up_station.json' missing model for variant: 'jahdoo:power_up_station#level=15,lit=true,waterlogged=true'
[13Mar2026 19:33:23.315] [Worker-Main-3/WARN] [net.minecraft.client.resources.model.BlockStateModelLoader/]: Exception loading blockstate definition: 'jahdoo:blockstates/power_up_station.json' missing model for variant: 'jahdoo:power_up_station#level=14,lit=false,waterlogged=true'
[13Mar2026 19:33:23.315] [Worker-Main-3/WARN] [net.minecraft.client.resources.model.BlockStateModelLoader/]: Exception loading blockstate definition: 'jahdoo:blockstates/power_up_station.json' missing model for variant: 'jahdoo:power_up_station#level=4,lit=false,waterlogged=true'
[13Mar2026 19:33:23.315] [Worker-Main-3/WARN] [net.minecraft.client.resources.model.BlockStateModelLoader/]: Exception loading blockstate definition: 'jahdoo:blockstates/power_up_station.json' missing model for variant: 'jahdoo:power_up_station#level=9,lit=false,waterlogged=true'
[13Mar2026 19:33:23.315] [Worker-Main-3/WARN] [net.minecraft.client.resources.model.BlockStateModelLoader/]: Exception loading blockstate definition: 'jahdoo:blockstates/power_up_station.json' missing model for variant: 'jahdoo:power_up_station#level=8,lit=false,waterlogged=false'
[13Mar2026 19:33:23.315] [Worker-Main-3/WARN] [net.minecraft.client.resources.model.BlockStateModelLoader/]: Exception loading blockstate definition: 'jahdoo:blockstates/power_up_station.json' missing model for variant: 'jahdoo:power_up_station#level=10,lit=false,waterlogged=false'
[13Mar2026 19:33:23.315] [Worker-Main-3/WARN] [net.minecraft.client.resources.model.BlockStateModelLoader/]: Exception loading blockstate definition: 'jahdoo:blockstates/power_up_station.json' missing model for variant: 'jahdoo:power_up_station#level=6,lit=true,waterlogged=true'
[13Mar2026 19:33:23.315] [Worker-Main-3/WARN] [net.minecraft.client.resources.model.BlockStateModelLoader/]: Exception loading blockstate definition: 'jahdoo:blockstates/power_up_station.json' missing model for variant: 'jahdoo:power_up_station#level=12,lit=true,waterlogged=true'
[13Mar2026 19:33:23.315] [Worker-Main-3/WARN] [net.minecraft.client.resources.model.BlockStateModelLoader/]: Exception loading blockstate definition: 'jahdoo:blockstates/power_up_station.json' missing model for variant: 'jahdoo:power_up_station#level=15,lit=true,waterlogged=false'
[13Mar2026 19:33:23.315] [Worker-Main-3/WARN] [net.minecraft.client.resources.model.BlockStateModelLoader/]: Exception loading blockstate definition: 'jahdoo:blockstates/power_up_station.json' missing model for variant: 'jahdoo:power_up_station#level=15,lit=false,waterlogged=false'
[13Mar2026 19:33:23.315] [Worker-Main-3/WARN] [net.minecraft.client.resources.model.BlockStateModelLoader/]: Exception loading blockstate definition: 'jahdoo:blockstates/power_up_station.json' missing model for variant: 'jahdoo:power_up_station#level=5,lit=false,waterlogged=true'
[13Mar2026 19:33:23.316] [Worker-Main-3/WARN] [net.minecraft.client.resources.model.BlockStateModelLoader/]: Exception loading blockstate definition: 'jahdoo:blockstates/power_up_station.json' missing model for variant: 'jahdoo:power_up_station#level=11,lit=false,waterlogged=true'
[13Mar2026 19:33:23.316] [Worker-Main-3/WARN] [net.minecraft.client.resources.model.BlockStateModelLoader/]: Exception loading blockstate definition: 'jahdoo:blockstates/power_up_station.json' missing model for variant: 'jahdoo:power_up_station#level=14,lit=true,waterlogged=false'
[13Mar2026 19:33:23.316] [Worker-Main-3/WARN] [net.minecraft.client.resources.model.BlockStateModelLoader/]: Exception loading blockstate definition: 'jahdoo:blockstates/power_up_station.json' missing model for variant: 'jahdoo:power_up_station#level=5,lit=false,waterlogged=false'
[13Mar2026 19:33:23.316] [Worker-Main-3/WARN] [net.minecraft.client.resources.model.BlockStateModelLoader/]: Exception loading blockstate definition: 'jahdoo:blockstates/power_up_station.json' missing model for variant: 'jahdoo:power_up_station#level=2,lit=false,waterlogged=false'
[13Mar2026 19:33:23.316] [Worker-Main-3/WARN] [net.minecraft.client.resources.model.BlockStateModelLoader/]: Exception loading blockstate definition: 'jahdoo:blockstates/power_up_station.json' missing model for variant: 'jahdoo:power_up_station#level=7,lit=true,waterlogged=true'
[13Mar2026 19:33:23.316] [Worker-Main-3/WARN] [net.minecraft.client.resources.model.BlockStateModelLoader/]: Exception loading blockstate definition: 'jahdoo:blockstates/power_up_station.json' missing model for variant: 'jahdoo:power_up_station#level=13,lit=true,waterlogged=true'
[13Mar2026 19:33:23.316] [Worker-Main-3/WARN] [net.minecraft.client.resources.model.BlockStateModelLoader/]: Exception loading blockstate definition: 'jahdoo:blockstates/power_up_station.json' missing model for variant: 'jahdoo:power_up_station#level=6,lit=false,waterlogged=true'
[13Mar2026 19:33:23.316] [Worker-Main-3/WARN] [net.minecraft.client.resources.model.BlockStateModelLoader/]: Exception loading blockstate definition: 'jahdoo:blockstates/power_up_station.json' missing model for variant: 'jahdoo:power_up_station#level=12,lit=false,waterlogged=true'
[13Mar2026 19:33:23.316] [Worker-Main-3/WARN] [net.minecraft.client.resources.model.BlockStateModelLoader/]: Exception loading blockstate definition: 'jahdoo:blockstates/power_up_station.json' missing model for variant: 'jahdoo:power_up_station#level=13,lit=true,waterlogged=false'
[13Mar2026 19:33:23.316] [Worker-Main-3/WARN] [net.minecraft.client.resources.model.BlockStateModelLoader/]: Exception loading blockstate definition: 'jahdoo:blockstates/power_up_station.json' missing model for variant: 'jahdoo:power_up_station#level=12,lit=false,waterlogged=false'
[13Mar2026 19:33:23.316] [Worker-Main-3/WARN] [net.minecraft.client.resources.model.BlockStateModelLoader/]: Exception loading blockstate definition: 'jahdoo:blockstates/power_up_station.json' missing model for variant: 'jahdoo:power_up_station#level=4,lit=true,waterlogged=true'
[13Mar2026 19:33:23.316] [Worker-Main-3/WARN] [net.minecraft.client.resources.model.BlockStateModelLoader/]: Exception loading blockstate definition: 'jahdoo:blockstates/power_up_station.json' missing model for variant: 'jahdoo:power_up_station#level=13,lit=false,waterlogged=true'
[13Mar2026 19:33:23.316] [Worker-Main-3/WARN] [net.minecraft.client.resources.model.BlockStateModelLoader/]: Exception loading blockstate definition: 'jahdoo:blockstates/power_up_station.json' missing model for variant: 'jahdoo:power_up_station#level=3,lit=false,waterlogged=true'
[13Mar2026 19:33:23.316] [Worker-Main-3/WARN] [net.minecraft.client.resources.model.BlockStateModelLoader/]: Exception loading blockstate definition: 'jahdoo:blockstates/power_up_station.json' missing model for variant: 'jahdoo:power_up_station#level=8,lit=false,waterlogged=true'
[13Mar2026 19:33:23.316] [Worker-Main-3/WARN] [net.minecraft.client.resources.model.BlockStateModelLoader/]: Exception loading blockstate definition: 'jahdoo:blockstates/power_up_station.json' missing model for variant: 'jahdoo:power_up_station#level=7,lit=false,waterlogged=false'
[13Mar2026 19:33:23.316] [Worker-Main-3/WARN] [net.minecraft.client.resources.model.BlockStateModelLoader/]: Exception loading blockstate definition: 'jahdoo:blockstates/power_up_station.json' missing model for variant: 'jahdoo:power_up_station#level=5,lit=true,waterlogged=true'
[13Mar2026 19:33:23.316] [Worker-Main-3/WARN] [net.minecraft.client.resources.model.BlockStateModelLoader/]: Exception loading blockstate definition: 'jahdoo:blockstates/power_up_station.json' missing model for variant: 'jahdoo:power_up_station#level=11,lit=true,waterlogged=true'
[13Mar2026 19:33:23.316] [Worker-Main-3/WARN] [net.minecraft.client.resources.model.BlockStateModelLoader/]: Exception loading blockstate definition: 'jahdoo:blockstates/power_up_station.json' missing model for variant: 'jahdoo:power_up_station#level=14,lit=false,waterlogged=false'
[13Mar2026 19:33:23.316] [Worker-Main-3/WARN] [net.minecraft.client.resources.model.BlockStateModelLoader/]: Exception loading blockstate definition: 'jahdoo:blockstates/power_up_station.json' missing model for variant: 'jahdoo:power_up_station#level=11,lit=true,waterlogged=false'
[13Mar2026 19:33:23.316] [Worker-Main-3/WARN] [net.minecraft.client.resources.model.BlockStateModelLoader/]: Exception loading blockstate definition: 'jahdoo:blockstates/power_up_station.json' missing model for variant: 'jahdoo:power_up_station#level=9,lit=true,waterlogged=false'
[13Mar2026 19:33:23.316] [Worker-Main-3/WARN] [net.minecraft.client.resources.model.BlockStateModelLoader/]: Exception loading blockstate definition: 'jahdoo:blockstates/power_up_station.json' missing model for variant: 'jahdoo:power_up_station#level=10,lit=false,waterlogged=true'
[13Mar2026 19:33:23.316] [Worker-Main-3/WARN] [net.minecraft.client.resources.model.BlockStateModelLoader/]: Exception loading blockstate definition: 'jahdoo:blockstates/power_up_station.json' missing model for variant: 'jahdoo:power_up_station#level=4,lit=false,waterlogged=false'
[13Mar2026 19:33:23.316] [Worker-Main-3/WARN] [net.minecraft.client.resources.model.BlockStateModelLoader/]: Exception loading blockstate definition: 'jahdoo:blockstates/lock.json' missing model for variant: 'jahdoo:lock#facing=up'
[13Mar2026 19:33:23.316] [Worker-Main-3/WARN] [net.minecraft.client.resources.model.BlockStateModelLoader/]: Exception loading blockstate definition: 'jahdoo:blockstates/lock.json' missing model for variant: 'jahdoo:lock#facing=down'
[13Mar2026 19:33:23.317] [Worker-Main-3/WARN] [net.minecraft.client.resources.model.BlockStateModelLoader/]: Exception loading blockstate definition: 'jahdoo:blockstates/shopping_table.json' missing model for variant: 'jahdoo:shopping_table#facing=up,half=upper,level=12'
[13Mar2026 19:33:23.317] [Worker-Main-3/WARN] [net.minecraft.client.resources.model.BlockStateModelLoader/]: Exception loading blockstate definition: 'jahdoo:blockstates/shopping_table.json' missing model for variant: 'jahdoo:shopping_table#facing=up,half=upper,level=13'
[13Mar2026 19:33:23.317] [Worker-Main-3/WARN] [net.minecraft.client.resources.model.BlockStateModelLoader/]: Exception loading blockstate definition: 'jahdoo:blockstates/shopping_table.json' missing model for variant: 'jahdoo:shopping_table#facing=up,half=upper,level=14'
[13Mar2026 19:33:23.317] [Worker-Main-3/WARN] [net.minecraft.client.resources.model.BlockStateModelLoader/]: Exception loading blockstate definition: 'jahdoo:blockstates/shopping_table.json' missing model for variant: 'jahdoo:shopping_table#facing=up,half=upper,level=15'
[13Mar2026 19:33:23.317] [Worker-Main-3/WARN] [net.minecraft.client.resources.model.BlockStateModelLoader/]: Exception loading blockstate definition: 'jahdoo:blockstates/shopping_table.json' missing model for variant: 'jahdoo:shopping_table#facing=east,half=upper,level=12'
[13Mar2026 19:33:23.317] [Worker-Main-3/WARN] [net.minecraft.client.resources.model.BlockStateModelLoader/]: Exception loading blockstate definition: 'jahdoo:blockstates/shopping_table.json' missing model for variant: 'jahdoo:shopping_table#facing=east,half=upper,level=13'
[13Mar2026 19:33:23.317] [Worker-Main-3/WARN] [net.minecraft.client.resources.model.BlockStateModelLoader/]: Exception loading blockstate definition: 'jahdoo:blockstates/shopping_table.json' missing model for variant: 'jahdoo:shopping_table#facing=east,half=lower,level=15'
[13Mar2026 19:33:23.317] [Worker-Main-3/WARN] [net.minecraft.client.resources.model.BlockStateModelLoader/]: Exception loading blockstate definition: 'jahdoo:blockstates/shopping_table.json' missing model for variant: 'jahdoo:shopping_table#facing=east,half=upper,level=10'
[13Mar2026 19:33:23.317] [Worker-Main-3/WARN] [net.minecraft.client.resources.model.BlockStateModelLoader/]: Exception loading blockstate definition: 'jahdoo:blockstates/shopping_table.json' missing model for variant: 'jahdoo:shopping_table#facing=east,half=lower,level=14'
[13Mar2026 19:33:23.317] [Worker-Main-3/WARN] [net.minecraft.client.resources.model.BlockStateModelLoader/]: Exception loading blockstate definition: 'jahdoo:blockstates/shopping_table.json' missing model for variant: 'jahdoo:shopping_table#facing=up,half=upper,level=10'
[13Mar2026 19:33:23.317] [Worker-Main-3/WARN] [net.minecraft.client.resources.model.BlockStateModelLoader/]: Exception loading blockstate definition: 'jahdoo:blockstates/shopping_table.json' missing model for variant: 'jahdoo:shopping_table#facing=east,half=upper,level=11'
[13Mar2026 19:33:23.317] [Worker-Main-3/WARN] [net.minecraft.client.resources.model.BlockStateModelLoader/]: Exception loading blockstate definition: 'jahdoo:blockstates/shopping_table.json' missing model for variant: 'jahdoo:shopping_table#facing=east,half=lower,level=13'
[13Mar2026 19:33:23.317] [Worker-Main-3/WARN] [net.minecraft.client.resources.model.BlockStateModelLoader/]: Exception loading blockstate definition: 'jahdoo:blockstates/shopping_table.json' missing model for variant: 'jahdoo:shopping_table#facing=up,half=upper,level=11'
[13Mar2026 19:33:23.317] [Worker-Main-3/WARN] [net.minecraft.client.resources.model.BlockStateModelLoader/]: Exception loading blockstate definition: 'jahdoo:blockstates/shopping_table.json' missing model for variant: 'jahdoo:shopping_table#facing=north,half=lower,level=10'
[13Mar2026 19:33:23.317] [Worker-Main-3/WARN] [net.minecraft.client.resources.model.BlockStateModelLoader/]: Exception loading blockstate definition: 'jahdoo:blockstates/shopping_table.json' missing model for variant: 'jahdoo:shopping_table#facing=up,half=lower,level=15'
[13Mar2026 19:33:23.317] [Worker-Main-3/WARN] [net.minecraft.client.resources.model.BlockStateModelLoader/]: Exception loading blockstate definition: 'jahdoo:blockstates/shopping_table.json' missing model for variant: 'jahdoo:shopping_table#facing=up,half=lower,level=6'
[13Mar2026 19:33:23.317] [Worker-Main-3/WARN] [net.minecraft.client.resources.model.BlockStateModelLoader/]: Exception loading blockstate definition: 'jahdoo:blockstates/shopping_table.json' missing model for variant: 'jahdoo:shopping_table#facing=up,half=lower,level=7'
[13Mar2026 19:33:23.317] [Worker-Main-3/WARN] [net.minecraft.client.resources.model.BlockStateModelLoader/]: Exception loading blockstate definition: 'jahdoo:blockstates/shopping_table.json' missing model for variant: 'jahdoo:shopping_table#facing=down,half=upper,level=10'
[13Mar2026 19:33:23.317] [Worker-Main-3/WARN] [net.minecraft.client.resources.model.BlockStateModelLoader/]: Exception loading blockstate definition: 'jahdoo:blockstates/shopping_table.json' missing model for variant: 'jahdoo:shopping_table#facing=down,half=upper,level=11'
[13Mar2026 19:33:23.317] [Worker-Main-3/WARN] [net.minecraft.client.resources.model.BlockStateModelLoader/]: Exception loading blockstate definition: 'jahdoo:blockstates/shopping_table.json' missing model for variant: 'jahdoo:shopping_table#facing=up,half=lower,level=5'
[13Mar2026 19:33:23.318] [Worker-Main-3/WARN] [net.minecraft.client.resources.model.BlockStateModelLoader/]: Exception loading blockstate definition: 'jahdoo:blockstates/shopping_table.json' missing model for variant: 'jahdoo:shopping_table#facing=down,half=upper,level=12'
[13Mar2026 19:33:23.318] [Worker-Main-3/WARN] [net.minecraft.client.resources.model.BlockStateModelLoader/]: Exception loading blockstate definition: 'jahdoo:blockstates/shopping_table.json' missing model for variant: 'jahdoo:shopping_table#facing=north,half=upper,level=10'
[13Mar2026 19:33:23.318] [Worker-Main-3/WARN] [net.minecraft.client.resources.model.BlockStateModelLoader/]: Exception loading blockstate definition: 'jahdoo:blockstates/shopping_table.json' missing model for variant: 'jahdoo:shopping_table#facing=down,half=upper,level=13'
[13Mar2026 19:33:23.318] [Worker-Main-3/WARN] [net.minecraft.client.resources.model.BlockStateModelLoader/]: Exception loading blockstate definition: 'jahdoo:blockstates/shopping_table.json' missing model for variant: 'jahdoo:shopping_table#facing=north,half=upper,level=11'
[13Mar2026 19:33:23.318] [Worker-Main-3/WARN] [net.minecraft.client.resources.model.BlockStateModelLoader/]: Exception loading blockstate definition: 'jahdoo:blockstates/shopping_table.json' missing model for variant: 'jahdoo:shopping_table#facing=down,half=upper,level=14'
[13Mar2026 19:33:23.318] [Worker-Main-3/WARN] [net.minecraft.client.resources.model.BlockStateModelLoader/]: Exception loading blockstate definition: 'jahdoo:blockstates/shopping_table.json' missing model for variant: 'jahdoo:shopping_table#facing=up,half=lower,level=8'
[13Mar2026 19:33:23.318] [Worker-Main-3/WARN] [net.minecraft.client.resources.model.BlockStateModelLoader/]: Exception loading blockstate definition: 'jahdoo:blockstates/shopping_table.json' missing model for variant: 'jahdoo:shopping_table#facing=down,half=upper,level=15'
[13Mar2026 19:33:23.318] [Worker-Main-3/WARN] [net.minecraft.client.resources.model.BlockStateModelLoader/]: Exception loading blockstate definition: 'jahdoo:blockstates/shopping_table.json' missing model for variant: 'jahdoo:shopping_table#facing=up,half=lower,level=9'
[13Mar2026 19:33:23.318] [Worker-Main-3/WARN] [net.minecraft.client.resources.model.BlockStateModelLoader/]: Exception loading blockstate definition: 'jahdoo:blockstates/shopping_table.json' missing model for variant: 'jahdoo:shopping_table#facing=west,half=lower,level=7'
[13Mar2026 19:33:23.318] [Worker-Main-3/WARN] [net.minecraft.client.resources.model.BlockStateModelLoader/]: Exception loading blockstate definition: 'jahdoo:blockstates/shopping_table.json' missing model for variant: 'jahdoo:shopping_table#facing=down,half=lower,level=13'
[13Mar2026 19:33:23.318] [Worker-Main-3/WARN] [net.minecraft.client.resources.model.BlockStateModelLoader/]: Exception loading blockstate definition: 'jahdoo:blockstates/shopping_table.json' missing model for variant: 'jahdoo:shopping_table#facing=west,half=lower,level=6'
[13Mar2026 19:33:23.318] [Worker-Main-3/WARN] [net.minecraft.client.resources.model.BlockStateModelLoader/]: Exception loading blockstate definition: 'jahdoo:blockstates/shopping_table.json' missing model for variant: 'jahdoo:shopping_table#facing=down,half=lower,level=12'
[13Mar2026 19:33:23.318] [Worker-Main-3/WARN] [net.minecraft.client.resources.model.BlockStateModelLoader/]: Exception loading blockstate definition: 'jahdoo:blockstates/shopping_table.json' missing model for variant: 'jahdoo:shopping_table#facing=west,half=lower,level=5'
[13Mar2026 19:33:23.318] [Worker-Main-3/WARN] [net.minecraft.client.resources.model.BlockStateModelLoader/]: Exception loading blockstate definition: 'jahdoo:blockstates/shopping_table.json' missing model for variant: 'jahdoo:shopping_table#facing=down,half=lower,level=15'
[13Mar2026 19:33:23.318] [Worker-Main-3/WARN] [net.minecraft.client.resources.model.BlockStateModelLoader/]: Exception loading blockstate definition: 'jahdoo:blockstates/shopping_table.json' missing model for variant: 'jahdoo:shopping_table#facing=down,half=lower,level=14'
[13Mar2026 19:33:23.318] [Worker-Main-3/WARN] [net.minecraft.client.resources.model.BlockStateModelLoader/]: Exception loading blockstate definition: 'jahdoo:blockstates/shopping_table.json' missing model for variant: 'jahdoo:shopping_table#facing=down,half=lower,level=11'
[13Mar2026 19:33:23.318] [Worker-Main-3/WARN] [net.minecraft.client.resources.model.BlockStateModelLoader/]: Exception loading blockstate definition: 'jahdoo:blockstates/shopping_table.json' missing model for variant: 'jahdoo:shopping_table#facing=down,half=lower,level=10'
[13Mar2026 19:33:23.318] [Worker-Main-3/WARN] [net.minecraft.client.resources.model.BlockStateModelLoader/]: Exception loading blockstate definition: 'jahdoo:blockstates/shopping_table.json' missing model for variant: 'jahdoo:shopping_table#facing=south,half=lower,level=9'
[13Mar2026 19:33:23.318] [Worker-Main-3/WARN] [net.minecraft.client.resources.model.BlockStateModelLoader/]: Exception loading blockstate definition: 'jahdoo:blockstates/shopping_table.json' missing model for variant: 'jahdoo:shopping_table#facing=south,half=lower,level=8'
[13Mar2026 19:33:23.318] [Worker-Main-3/WARN] [net.minecraft.client.resources.model.BlockStateModelLoader/]: Exception loading blockstate definition: 'jahdoo:blockstates/shopping_table.json' missing model for variant: 'jahdoo:shopping_table#facing=west,half=lower,level=9'
[13Mar2026 19:33:23.318] [Worker-Main-3/WARN] [net.minecraft.client.resources.model.BlockStateModelLoader/]: Exception loading blockstate definition: 'jahdoo:blockstates/shopping_table.json' missing model for variant: 'jahdoo:shopping_table#facing=west,half=lower,level=8'
[13Mar2026 19:33:23.318] [Worker-Main-3/WARN] [net.minecraft.client.resources.model.BlockStateModelLoader/]: Exception loading blockstate definition: 'jahdoo:blockstates/shopping_table.json' missing model for variant: 'jahdoo:shopping_table#facing=north,half=upper,level=14'
[13Mar2026 19:33:23.318] [Worker-Main-3/WARN] [net.minecraft.client.resources.model.BlockStateModelLoader/]: Exception loading blockstate definition: 'jahdoo:blockstates/shopping_table.json' missing model for variant: 'jahdoo:shopping_table#facing=north,half=upper,level=15'
[13Mar2026 19:33:23.318] [Worker-Main-3/WARN] [net.minecraft.client.resources.model.BlockStateModelLoader/]: Exception loading blockstate definition: 'jahdoo:blockstates/shopping_table.json' missing model for variant: 'jahdoo:shopping_table#facing=north,half=upper,level=12'
[13Mar2026 19:33:23.318] [Worker-Main-3/WARN] [net.minecraft.client.resources.model.BlockStateModelLoader/]: Exception loading blockstate definition: 'jahdoo:blockstates/shopping_table.json' missing model for variant: 'jahdoo:shopping_table#facing=north,half=upper,level=13'
[13Mar2026 19:33:23.318] [Worker-Main-3/WARN] [net.minecraft.client.resources.model.BlockStateModelLoader/]: Exception loading blockstate definition: 'jahdoo:blockstates/shopping_table.json' missing model for variant: 'jahdoo:shopping_table#facing=south,half=lower,level=7'
[13Mar2026 19:33:23.318] [Worker-Main-3/WARN] [net.minecraft.client.resources.model.BlockStateModelLoader/]: Exception loading blockstate definition: 'jahdoo:blockstates/shopping_table.json' missing model for variant: 'jahdoo:shopping_table#facing=south,half=lower,level=6'
[13Mar2026 19:33:23.318] [Worker-Main-3/WARN] [net.minecraft.client.resources.model.BlockStateModelLoader/]: Exception loading blockstate definition: 'jahdoo:blockstates/shopping_table.json' missing model for variant: 'jahdoo:shopping_table#facing=south,half=lower,level=5'
[13Mar2026 19:33:23.318] [Worker-Main-3/WARN] [net.minecraft.client.resources.model.BlockStateModelLoader/]: Exception loading blockstate definition: 'jahdoo:blockstates/shopping_table.json' missing model for variant: 'jahdoo:shopping_table#facing=north,half=lower,level=15'
[13Mar2026 19:33:23.318] [Worker-Main-3/WARN] [net.minecraft.client.resources.model.BlockStateModelLoader/]: Exception loading blockstate definition: 'jahdoo:blockstates/shopping_table.json' missing model for variant: 'jahdoo:shopping_table#facing=up,half=lower,level=10'
[13Mar2026 19:33:23.318] [Worker-Main-3/WARN] [net.minecraft.client.resources.model.BlockStateModelLoader/]: Exception loading blockstate definition: 'jahdoo:blockstates/shopping_table.json' missing model for variant: 'jahdoo:shopping_table#facing=north,half=lower,level=14'
[13Mar2026 19:33:23.318] [Worker-Main-3/WARN] [net.minecraft.client.resources.model.BlockStateModelLoader/]: Exception loading blockstate definition: 'jahdoo:blockstates/shopping_table.json' missing model for variant: 'jahdoo:shopping_table#facing=up,half=lower,level=11'
[13Mar2026 19:33:23.318] [Worker-Main-3/WARN] [net.minecraft.client.resources.model.BlockStateModelLoader/]: Exception loading blockstate definition: 'jahdoo:blockstates/shopping_table.json' missing model for variant: 'jahdoo:shopping_table#facing=north,half=lower,level=13'
[13Mar2026 19:33:23.319] [Worker-Main-3/WARN] [net.minecraft.client.resources.model.BlockStateModelLoader/]: Exception loading blockstate definition: 'jahdoo:blockstates/shopping_table.json' missing model for variant: 'jahdoo:shopping_table#facing=up,half=lower,level=12'
[13Mar2026 19:33:23.319] [Worker-Main-3/WARN] [net.minecraft.client.resources.model.BlockStateModelLoader/]: Exception loading blockstate definition: 'jahdoo:blockstates/shopping_table.json' missing model for variant: 'jahdoo:shopping_table#facing=north,half=lower,level=12'
[13Mar2026 19:33:23.319] [Worker-Main-3/WARN] [net.minecraft.client.resources.model.BlockStateModelLoader/]: Exception loading blockstate definition: 'jahdoo:blockstates/shopping_table.json' missing model for variant: 'jahdoo:shopping_table#facing=up,half=lower,level=13'
[13Mar2026 19:33:23.319] [Worker-Main-3/WARN] [net.minecraft.client.resources.model.BlockStateModelLoader/]: Exception loading blockstate definition: 'jahdoo:blockstates/shopping_table.json' missing model for variant: 'jahdoo:shopping_table#facing=north,half=lower,level=11'
[13Mar2026 19:33:23.319] [Worker-Main-3/WARN] [net.minecraft.client.resources.model.BlockStateModelLoader/]: Exception loading blockstate definition: 'jahdoo:blockstates/shopping_table.json' missing model for variant: 'jahdoo:shopping_table#facing=up,half=lower,level=14'
[13Mar2026 19:33:23.319] [Worker-Main-3/WARN] [net.minecraft.client.resources.model.BlockStateModelLoader/]: Exception loading blockstate definition: 'jahdoo:blockstates/shopping_table.json' missing model for variant: 'jahdoo:shopping_table#facing=east,half=upper,level=9'
[13Mar2026 19:33:23.319] [Worker-Main-3/WARN] [net.minecraft.client.resources.model.BlockStateModelLoader/]: Exception loading blockstate definition: 'jahdoo:blockstates/shopping_table.json' missing model for variant: 'jahdoo:shopping_table#facing=east,half=upper,level=8'
[13Mar2026 19:33:23.319] [Worker-Main-3/WARN] [net.minecraft.client.resources.model.BlockStateModelLoader/]: Exception loading blockstate definition: 'jahdoo:blockstates/shopping_table.json' missing model for variant: 'jahdoo:shopping_table#facing=east,half=upper,level=7'
[13Mar2026 19:33:23.319] [Worker-Main-3/WARN] [net.minecraft.client.resources.model.BlockStateModelLoader/]: Exception loading blockstate definition: 'jahdoo:blockstates/shopping_table.json' missing model for variant: 'jahdoo:shopping_table#facing=east,half=upper,level=6'
[13Mar2026 19:33:23.319] [Worker-Main-3/WARN] [net.minecraft.client.resources.model.BlockStateModelLoader/]: Exception loading blockstate definition: 'jahdoo:blockstates/shopping_table.json' missing model for variant: 'jahdoo:shopping_table#facing=east,half=upper,level=5'
[13Mar2026 19:33:23.319] [Worker-Main-3/WARN] [net.minecraft.client.resources.model.BlockStateModelLoader/]: Exception loading blockstate definition: 'jahdoo:blockstates/shopping_table.json' missing model for variant: 'jahdoo:shopping_table#facing=west,half=upper,level=9'
[13Mar2026 19:33:23.319] [Worker-Main-3/WARN] [net.minecraft.client.resources.model.BlockStateModelLoader/]: Exception loading blockstate definition: 'jahdoo:blockstates/shopping_table.json' missing model for variant: 'jahdoo:shopping_table#facing=west,half=upper,level=8'
[13Mar2026 19:33:23.319] [Worker-Main-3/WARN] [net.minecraft.client.resources.model.BlockStateModelLoader/]: Exception loading blockstate definition: 'jahdoo:blockstates/shopping_table.json' missing model for variant: 'jahdoo:shopping_table#facing=west,half=upper,level=7'
[13Mar2026 19:33:23.319] [Worker-Main-3/WARN] [net.minecraft.client.resources.model.BlockStateModelLoader/]: Exception loading blockstate definition: 'jahdoo:blockstates/shopping_table.json' missing model for variant: 'jahdoo:shopping_table#facing=down,half=upper,level=9'
[13Mar2026 19:33:23.319] [Worker-Main-3/WARN] [net.minecraft.client.resources.model.BlockStateModelLoader/]: Exception loading blockstate definition: 'jahdoo:blockstates/shopping_table.json' missing model for variant: 'jahdoo:shopping_table#facing=down,half=upper,level=8'
[13Mar2026 19:33:23.319] [Worker-Main-3/WARN] [net.minecraft.client.resources.model.BlockStateModelLoader/]: Exception loading blockstate definition: 'jahdoo:blockstates/shopping_table.json' missing model for variant: 'jahdoo:shopping_table#facing=down,half=upper,level=7'
[13Mar2026 19:33:23.319] [Worker-Main-3/WARN] [net.minecraft.client.resources.model.BlockStateModelLoader/]: Exception loading blockstate definition: 'jahdoo:blockstates/shopping_table.json' missing model for variant: 'jahdoo:shopping_table#facing=down,half=upper,level=6'
[13Mar2026 19:33:23.319] [Worker-Main-3/WARN] [net.minecraft.client.resources.model.BlockStateModelLoader/]: Exception loading blockstate definition: 'jahdoo:blockstates/shopping_table.json' missing model for variant: 'jahdoo:shopping_table#facing=down,half=upper,level=5'
[13Mar2026 19:33:23.319] [Worker-Main-3/WARN] [net.minecraft.client.resources.model.BlockStateModelLoader/]: Exception loading blockstate definition: 'jahdoo:blockstates/shopping_table.json' missing model for variant: 'jahdoo:shopping_table#facing=east,half=lower,level=12'
[13Mar2026 19:33:23.319] [Worker-Main-3/WARN] [net.minecraft.client.resources.model.BlockStateModelLoader/]: Exception loading blockstate definition: 'jahdoo:blockstates/shopping_table.json' missing model for variant: 'jahdoo:shopping_table#facing=east,half=lower,level=11'
[13Mar2026 19:33:23.319] [Worker-Main-3/WARN] [net.minecraft.client.resources.model.BlockStateModelLoader/]: Exception loading blockstate definition: 'jahdoo:blockstates/shopping_table.json' missing model for variant: 'jahdoo:shopping_table#facing=east,half=upper,level=14'
[13Mar2026 19:33:23.319] [Worker-Main-3/WARN] [net.minecraft.client.resources.model.BlockStateModelLoader/]: Exception loading blockstate definition: 'jahdoo:blockstates/shopping_table.json' missing model for variant: 'jahdoo:shopping_table#facing=east,half=lower,level=10'
[13Mar2026 19:33:23.319] [Worker-Main-3/WARN] [net.minecraft.client.resources.model.BlockStateModelLoader/]: Exception loading blockstate definition: 'jahdoo:blockstates/shopping_table.json' missing model for variant: 'jahdoo:shopping_table#facing=east,half=upper,level=15'
[13Mar2026 19:33:23.319] [Worker-Main-3/WARN] [net.minecraft.client.resources.model.BlockStateModelLoader/]: Exception loading blockstate definition: 'jahdoo:blockstates/shopping_table.json' missing model for variant: 'jahdoo:shopping_table#facing=north,half=lower,level=8'
[13Mar2026 19:33:23.319] [Worker-Main-3/WARN] [net.minecraft.client.resources.model.BlockStateModelLoader/]: Exception loading blockstate definition: 'jahdoo:blockstates/shopping_table.json' missing model for variant: 'jahdoo:shopping_table#facing=north,half=lower,level=9'
[13Mar2026 19:33:23.319] [Worker-Main-3/WARN] [net.minecraft.client.resources.model.BlockStateModelLoader/]: Exception loading blockstate definition: 'jahdoo:blockstates/shopping_table.json' missing model for variant: 'jahdoo:shopping_table#facing=north,half=lower,level=6'
[13Mar2026 19:33:23.319] [Worker-Main-3/WARN] [net.minecraft.client.resources.model.BlockStateModelLoader/]: Exception loading blockstate definition: 'jahdoo:blockstates/shopping_table.json' missing model for variant: 'jahdoo:shopping_table#facing=north,half=lower,level=7'
[13Mar2026 19:33:23.319] [Worker-Main-3/WARN] [net.minecraft.client.resources.model.BlockStateModelLoader/]: Exception loading blockstate definition: 'jahdoo:blockstates/shopping_table.json' missing model for variant: 'jahdoo:shopping_table#facing=north,half=lower,level=5'
[13Mar2026 19:33:23.320] [Worker-Main-3/WARN] [net.minecraft.client.resources.model.BlockStateModelLoader/]: Exception loading blockstate definition: 'jahdoo:blockstates/shopping_table.json' missing model for variant: 'jahdoo:shopping_table#facing=west,half=upper,level=6'
[13Mar2026 19:33:23.320] [Worker-Main-3/WARN] [net.minecraft.client.resources.model.BlockStateModelLoader/]: Exception loading blockstate definition: 'jahdoo:blockstates/shopping_table.json' missing model for variant: 'jahdoo:shopping_table#facing=west,half=upper,level=5'
[13Mar2026 19:33:23.320] [Worker-Main-3/WARN] [net.minecraft.client.resources.model.BlockStateModelLoader/]: Exception loading blockstate definition: 'jahdoo:blockstates/shopping_table.json' missing model for variant: 'jahdoo:shopping_table#facing=west,half=lower,level=10'
[13Mar2026 19:33:23.320] [Worker-Main-3/WARN] [net.minecraft.client.resources.model.BlockStateModelLoader/]: Exception loading blockstate definition: 'jahdoo:blockstates/shopping_table.json' missing model for variant: 'jahdoo:shopping_table#facing=south,half=upper,level=6'
[13Mar2026 19:33:23.320] [Worker-Main-3/WARN] [net.minecraft.client.resources.model.BlockStateModelLoader/]: Exception loading blockstate definition: 'jahdoo:blockstates/shopping_table.json' missing model for variant: 'jahdoo:shopping_table#facing=south,half=upper,level=5'
[13Mar2026 19:33:23.320] [Worker-Main-3/WARN] [net.minecraft.client.resources.model.BlockStateModelLoader/]: Exception loading blockstate definition: 'jahdoo:blockstates/shopping_table.json' missing model for variant: 'jahdoo:shopping_table#facing=west,half=lower,level=12'
[13Mar2026 19:33:23.320] [Worker-Main-3/WARN] [net.minecraft.client.resources.model.BlockStateModelLoader/]: Exception loading blockstate definition: 'jahdoo:blockstates/shopping_table.json' missing model for variant: 'jahdoo:shopping_table#facing=west,half=lower,level=11'
[13Mar2026 19:33:23.320] [Worker-Main-3/WARN] [net.minecraft.client.resources.model.BlockStateModelLoader/]: Exception loading blockstate definition: 'jahdoo:blockstates/shopping_table.json' missing model for variant: 'jahdoo:shopping_table#facing=west,half=lower,level=14'
[13Mar2026 19:33:23.320] [Worker-Main-3/WARN] [net.minecraft.client.resources.model.BlockStateModelLoader/]: Exception loading blockstate definition: 'jahdoo:blockstates/shopping_table.json' missing model for variant: 'jahdoo:shopping_table#facing=west,half=lower,level=13'
[13Mar2026 19:33:23.320] [Worker-Main-3/WARN] [net.minecraft.client.resources.model.BlockStateModelLoader/]: Exception loading blockstate definition: 'jahdoo:blockstates/shopping_table.json' missing model for variant: 'jahdoo:shopping_table#facing=south,half=upper,level=9'
[13Mar2026 19:33:23.320] [Worker-Main-3/WARN] [net.minecraft.client.resources.model.BlockStateModelLoader/]: Exception loading blockstate definition: 'jahdoo:blockstates/shopping_table.json' missing model for variant: 'jahdoo:shopping_table#facing=west,half=lower,level=15'
[13Mar2026 19:33:23.320] [Worker-Main-3/WARN] [net.minecraft.client.resources.model.BlockStateModelLoader/]: Exception loading blockstate definition: 'jahdoo:blockstates/shopping_table.json' missing model for variant: 'jahdoo:shopping_table#facing=south,half=upper,level=8'
[13Mar2026 19:33:23.320] [Worker-Main-3/WARN] [net.minecraft.client.resources.model.BlockStateModelLoader/]: Exception loading blockstate definition: 'jahdoo:blockstates/shopping_table.json' missing model for variant: 'jahdoo:shopping_table#facing=south,half=upper,level=7'
[13Mar2026 19:33:23.320] [Worker-Main-3/WARN] [net.minecraft.client.resources.model.BlockStateModelLoader/]: Exception loading blockstate definition: 'jahdoo:blockstates/shopping_table.json' missing model for variant: 'jahdoo:shopping_table#facing=east,half=lower,level=9'
[13Mar2026 19:33:23.320] [Worker-Main-3/WARN] [net.minecraft.client.resources.model.BlockStateModelLoader/]: Exception loading blockstate definition: 'jahdoo:blockstates/shopping_table.json' missing model for variant: 'jahdoo:shopping_table#facing=down,half=lower,level=6'
[13Mar2026 19:33:23.320] [Worker-Main-3/WARN] [net.minecraft.client.resources.model.BlockStateModelLoader/]: Exception loading blockstate definition: 'jahdoo:blockstates/shopping_table.json' missing model for variant: 'jahdoo:shopping_table#facing=east,half=lower,level=8'
[13Mar2026 19:33:23.320] [Worker-Main-3/WARN] [net.minecraft.client.resources.model.BlockStateModelLoader/]: Exception loading blockstate definition: 'jahdoo:blockstates/shopping_table.json' missing model for variant: 'jahdoo:shopping_table#facing=down,half=lower,level=5'
[13Mar2026 19:33:23.320] [Worker-Main-3/WARN] [net.minecraft.client.resources.model.BlockStateModelLoader/]: Exception loading blockstate definition: 'jahdoo:blockstates/shopping_table.json' missing model for variant: 'jahdoo:shopping_table#facing=east,half=lower,level=7'
[13Mar2026 19:33:23.320] [Worker-Main-3/WARN] [net.minecraft.client.resources.model.BlockStateModelLoader/]: Exception loading blockstate definition: 'jahdoo:blockstates/shopping_table.json' missing model for variant: 'jahdoo:shopping_table#facing=east,half=lower,level=6'
[13Mar2026 19:33:23.320] [Worker-Main-3/WARN] [net.minecraft.client.resources.model.BlockStateModelLoader/]: Exception loading blockstate definition: 'jahdoo:blockstates/shopping_table.json' missing model for variant: 'jahdoo:shopping_table#facing=down,half=lower,level=9'
[13Mar2026 19:33:23.320] [Worker-Main-3/WARN] [net.minecraft.client.resources.model.BlockStateModelLoader/]: Exception loading blockstate definition: 'jahdoo:blockstates/shopping_table.json' missing model for variant: 'jahdoo:shopping_table#facing=down,half=lower,level=8'
[13Mar2026 19:33:23.320] [Worker-Main-3/WARN] [net.minecraft.client.resources.model.BlockStateModelLoader/]: Exception loading blockstate definition: 'jahdoo:blockstates/shopping_table.json' missing model for variant: 'jahdoo:shopping_table#facing=down,half=lower,level=7'
[13Mar2026 19:33:23.320] [Worker-Main-3/WARN] [net.minecraft.client.resources.model.BlockStateModelLoader/]: Exception loading blockstate definition: 'jahdoo:blockstates/shopping_table.json' missing model for variant: 'jahdoo:shopping_table#facing=north,half=upper,level=9'
[13Mar2026 19:33:23.320] [Worker-Main-3/WARN] [net.minecraft.client.resources.model.BlockStateModelLoader/]: Exception loading blockstate definition: 'jahdoo:blockstates/shopping_table.json' missing model for variant: 'jahdoo:shopping_table#facing=west,half=upper,level=13'
[13Mar2026 19:33:23.320] [Worker-Main-3/WARN] [net.minecraft.client.resources.model.BlockStateModelLoader/]: Exception loading blockstate definition: 'jahdoo:blockstates/shopping_table.json' missing model for variant: 'jahdoo:shopping_table#facing=west,half=upper,level=12'
[13Mar2026 19:33:23.321] [Worker-Main-3/WARN] [net.minecraft.client.resources.model.BlockStateModelLoader/]: Exception loading blockstate definition: 'jahdoo:blockstates/shopping_table.json' missing model for variant: 'jahdoo:shopping_table#facing=north,half=upper,level=7'
[13Mar2026 19:33:23.321] [Worker-Main-3/WARN] [net.minecraft.client.resources.model.BlockStateModelLoader/]: Exception loading blockstate definition: 'jahdoo:blockstates/shopping_table.json' missing model for variant: 'jahdoo:shopping_table#facing=west,half=upper,level=15'
[13Mar2026 19:33:23.321] [Worker-Main-3/WARN] [net.minecraft.client.resources.model.BlockStateModelLoader/]: Exception loading blockstate definition: 'jahdoo:blockstates/shopping_table.json' missing model for variant: 'jahdoo:shopping_table#facing=north,half=upper,level=8'
[13Mar2026 19:33:23.321] [Worker-Main-3/WARN] [net.minecraft.client.resources.model.BlockStateModelLoader/]: Exception loading blockstate definition: 'jahdoo:blockstates/shopping_table.json' missing model for variant: 'jahdoo:shopping_table#facing=west,half=upper,level=14'
[13Mar2026 19:33:23.321] [Worker-Main-3/WARN] [net.minecraft.client.resources.model.BlockStateModelLoader/]: Exception loading blockstate definition: 'jahdoo:blockstates/shopping_table.json' missing model for variant: 'jahdoo:shopping_table#facing=north,half=upper,level=5'
[13Mar2026 19:33:23.321] [Worker-Main-3/WARN] [net.minecraft.client.resources.model.BlockStateModelLoader/]: Exception loading blockstate definition: 'jahdoo:blockstates/shopping_table.json' missing model for variant: 'jahdoo:shopping_table#facing=north,half=upper,level=6'
[13Mar2026 19:33:23.321] [Worker-Main-3/WARN] [net.minecraft.client.resources.model.BlockStateModelLoader/]: Exception loading blockstate definition: 'jahdoo:blockstates/shopping_table.json' missing model for variant: 'jahdoo:shopping_table#facing=south,half=lower,level=15'
[13Mar2026 19:33:23.321] [Worker-Main-3/WARN] [net.minecraft.client.resources.model.BlockStateModelLoader/]: Exception loading blockstate definition: 'jahdoo:blockstates/shopping_table.json' missing model for variant: 'jahdoo:shopping_table#facing=west,half=upper,level=11'
[13Mar2026 19:33:23.321] [Worker-Main-3/WARN] [net.minecraft.client.resources.model.BlockStateModelLoader/]: Exception loading blockstate definition: 'jahdoo:blockstates/shopping_table.json' missing model for variant: 'jahdoo:shopping_table#facing=west,half=upper,level=10'
[13Mar2026 19:33:23.321] [Worker-Main-3/WARN] [net.minecraft.client.resources.model.BlockStateModelLoader/]: Exception loading blockstate definition: 'jahdoo:blockstates/shopping_table.json' missing model for variant: 'jahdoo:shopping_table#facing=south,half=lower,level=12'
[13Mar2026 19:33:23.321] [Worker-Main-3/WARN] [net.minecraft.client.resources.model.BlockStateModelLoader/]: Exception loading blockstate definition: 'jahdoo:blockstates/shopping_table.json' missing model for variant: 'jahdoo:shopping_table#facing=south,half=lower,level=11'
[13Mar2026 19:33:23.321] [Worker-Main-3/WARN] [net.minecraft.client.resources.model.BlockStateModelLoader/]: Exception loading blockstate definition: 'jahdoo:blockstates/shopping_table.json' missing model for variant: 'jahdoo:shopping_table#facing=south,half=upper,level=11'
[13Mar2026 19:33:23.321] [Worker-Main-3/WARN] [net.minecraft.client.resources.model.BlockStateModelLoader/]: Exception loading blockstate definition: 'jahdoo:blockstates/shopping_table.json' missing model for variant: 'jahdoo:shopping_table#facing=south,half=lower,level=14'
[13Mar2026 19:33:23.321] [Worker-Main-3/WARN] [net.minecraft.client.resources.model.BlockStateModelLoader/]: Exception loading blockstate definition: 'jahdoo:blockstates/shopping_table.json' missing model for variant: 'jahdoo:shopping_table#facing=south,half=upper,level=10'
[13Mar2026 19:33:23.321] [Worker-Main-3/WARN] [net.minecraft.client.resources.model.BlockStateModelLoader/]: Exception loading blockstate definition: 'jahdoo:blockstates/shopping_table.json' missing model for variant: 'jahdoo:shopping_table#facing=south,half=lower,level=13'
[13Mar2026 19:33:23.321] [Worker-Main-3/WARN] [net.minecraft.client.resources.model.BlockStateModelLoader/]: Exception loading blockstate definition: 'jahdoo:blockstates/shopping_table.json' missing model for variant: 'jahdoo:shopping_table#facing=south,half=upper,level=13'
[13Mar2026 19:33:23.321] [Worker-Main-3/WARN] [net.minecraft.client.resources.model.BlockStateModelLoader/]: Exception loading blockstate definition: 'jahdoo:blockstates/shopping_table.json' missing model for variant: 'jahdoo:shopping_table#facing=up,half=upper,level=9'
[13Mar2026 19:33:23.321] [Worker-Main-3/WARN] [net.minecraft.client.resources.model.BlockStateModelLoader/]: Exception loading blockstate definition: 'jahdoo:blockstates/shopping_table.json' missing model for variant: 'jahdoo:shopping_table#facing=south,half=upper,level=12'
[13Mar2026 19:33:23.321] [Worker-Main-3/WARN] [net.minecraft.client.resources.model.BlockStateModelLoader/]: Exception loading blockstate definition: 'jahdoo:blockstates/shopping_table.json' missing model for variant: 'jahdoo:shopping_table#facing=south,half=upper,level=15'
[13Mar2026 19:33:23.321] [Worker-Main-3/WARN] [net.minecraft.client.resources.model.BlockStateModelLoader/]: Exception loading blockstate definition: 'jahdoo:blockstates/shopping_table.json' missing model for variant: 'jahdoo:shopping_table#facing=south,half=lower,level=10'
[13Mar2026 19:33:23.321] [Worker-Main-3/WARN] [net.minecraft.client.resources.model.BlockStateModelLoader/]: Exception loading blockstate definition: 'jahdoo:blockstates/shopping_table.json' missing model for variant: 'jahdoo:shopping_table#facing=up,half=upper,level=7'
[13Mar2026 19:33:23.321] [Worker-Main-3/WARN] [net.minecraft.client.resources.model.BlockStateModelLoader/]: Exception loading blockstate definition: 'jahdoo:blockstates/shopping_table.json' missing model for variant: 'jahdoo:shopping_table#facing=south,half=upper,level=14'
[13Mar2026 19:33:23.321] [Worker-Main-3/WARN] [net.minecraft.client.resources.model.BlockStateModelLoader/]: Exception loading blockstate definition: 'jahdoo:blockstates/shopping_table.json' missing model for variant: 'jahdoo:shopping_table#facing=up,half=upper,level=8'
[13Mar2026 19:33:23.321] [Worker-Main-3/WARN] [net.minecraft.client.resources.model.BlockStateModelLoader/]: Exception loading blockstate definition: 'jahdoo:blockstates/shopping_table.json' missing model for variant: 'jahdoo:shopping_table#facing=east,half=lower,level=5'
[13Mar2026 19:33:23.322] [Worker-Main-3/WARN] [net.minecraft.client.resources.model.BlockStateModelLoader/]: Exception loading blockstate definition: 'jahdoo:blockstates/shopping_table.json' missing model for variant: 'jahdoo:shopping_table#facing=up,half=upper,level=5'
[13Mar2026 19:33:23.322] [Worker-Main-3/WARN] [net.minecraft.client.resources.model.BlockStateModelLoader/]: Exception loading blockstate definition: 'jahdoo:blockstates/shopping_table.json' missing model for variant: 'jahdoo:shopping_table#facing=up,half=upper,level=6'
[13Mar2026 19:33:23.322] [Worker-Main-3/WARN] [net.minecraft.client.resources.model.BlockStateModelLoader/]: Exception loading blockstate definition: 'jahdoo:blockstates/rune_table.json' missing model for variant: 'jahdoo:rune_table#facing=up'
[13Mar2026 19:33:23.322] [Worker-Main-3/WARN] [net.minecraft.client.resources.model.BlockStateModelLoader/]: Exception loading blockstate definition: 'jahdoo:blockstates/rune_table.json' missing model for variant: 'jahdoo:rune_table#facing=down'
[13Mar2026 19:33:23.335] [Worker-Main-3/WARN] [net.minecraft.client.resources.model.ModelBakery/]: Unable to load model: 'jahdoo:item/trial_portal' referenced from: jahdoo:item/trial_portal: java.io.FileNotFoundException: jahdoo:models/item/trial_portal.json
[13Mar2026 19:33:23.811] [Worker-Main-3/WARN] [net.minecraft.client.resources.model.ModelManager/]: Missing textures in model jahdoo:elemental_staff#inventory:
    minecraft:textures/atlas/blocks.png:jahdoo:block/elemental_staff
[13Mar2026 19:33:23.811] [Worker-Main-3/WARN] [net.minecraft.client.resources.model.ModelManager/]: Missing textures in model jahdoo:wand_basic#inventory:
    minecraft:textures/atlas/blocks.png:minecraft:item/basic_wand_textured
[13Mar2026 19:33:23.896] [Worker-Main-3/INFO] [ShoulderSurfing/]: Registering plugin for Shoulder Surfing Reloaded (shouldersurfing)
[13Mar2026 19:33:24.325] [Render thread/ERROR] [net.minecraft.client.sounds.SoundManager/]: Missing subtitle translation{key='ministrosity_hurt.sub', args=[]} for sound event: cataclysm:ministrosity_hurt
[13Mar2026 19:33:24.325] [Render thread/ERROR] [net.minecraft.client.sounds.SoundManager/]: Missing subtitle translation{key='ignis_armor_break.sub', args=[]} for sound event: cataclysm:ignis_armor_break
[13Mar2026 19:33:24.325] [Render thread/ERROR] [net.minecraft.client.sounds.SoundManager/]: Missing subtitle translation{key='explosion.sub', args=[]} for sound event: cataclysm:explosion
[13Mar2026 19:33:24.325] [Render thread/ERROR] [net.minecraft.client.sounds.SoundManager/]: Missing subtitle translation{key='ministrosity_fill_bucket.sub', args=[]} for sound event: cataclysm:ministrosity_fill_bucket
[13Mar2026 19:33:24.325] [Render thread/ERROR] [net.minecraft.client.sounds.SoundManager/]: Missing subtitle translation{key='clawdian_hurt.sub', args=[]} for sound event: cataclysm:clawdian_hurt
[13Mar2026 19:33:24.326] [Render thread/ERROR] [net.minecraft.client.sounds.SoundManager/]: Missing subtitle translation{key='ignis_earthquake.sub', args=[]} for sound event: cataclysm:ignis_earthquake
[13Mar2026 19:33:24.326] [Render thread/ERROR] [net.minecraft.client.sounds.SoundManager/]: Missing subtitle translation{key='maledictus_death.sub', args=[]} for sound event: cataclysm:maledictus_death
[13Mar2026 19:33:24.326] [Render thread/ERROR] [net.minecraft.client.sounds.SoundManager/]: Missing subtitle translation{key='ignisimpact.sub', args=[]} for sound event: cataclysm:ignis_impact
[13Mar2026 19:33:24.326] [Render thread/ERROR] [net.minecraft.client.sounds.SoundManager/]: Missing subtitle translation{key='axeswingattack.sub', args=[]} for sound event: cataclysm:axe_swing
[13Mar2026 19:33:24.326] [Render thread/ERROR] [net.minecraft.client.sounds.SoundManager/]: Missing subtitle translation{key='clawdian_idle.sub', args=[]} for sound event: cataclysm:clawdian_idle
[13Mar2026 19:33:24.326] [Render thread/ERROR] [net.minecraft.client.sounds.SoundManager/]: Missing subtitle translation{key='clawdian_death.sub', args=[]} for sound event: cataclysm:clawdian_death
[13Mar2026 19:33:24.326] [Render thread/ERROR] [net.minecraft.client.sounds.SoundManager/]: Missing subtitle translation{key='maledictus_jump.sub', args=[]} for sound event: cataclysm:maledictus_jump
[13Mar2026 19:33:24.326] [Render thread/ERROR] [net.minecraft.client.sounds.SoundManager/]: Missing subtitle translation{key='abyss_blast_charge.sub', args=[]} for sound event: cataclysm:abyss_blast_only_charge
[13Mar2026 19:33:24.327] [Render thread/WARN] [net.minecraft.client.sounds.SoundEngine/]: Missing sound for event: minecraft:item.goat_horn.play
[13Mar2026 19:33:24.327] [Render thread/WARN] [net.minecraft.client.sounds.SoundEngine/]: Missing sound for event: minecraft:entity.goat.screaming.horn_break
[13Mar2026 19:33:24.328] [Render thread/WARN] [net.minecraft.client.sounds.SoundEngine/]: Missing sound for event: cataclysm:ignisshieldbreak
[13Mar2026 19:33:24.328] [Render thread/WARN] [net.minecraft.client.sounds.SoundEngine/]: Missing sound for event: cataclysm:lacerton_ambient
[13Mar2026 19:33:24.328] [Render thread/WARN] [net.minecraft.client.sounds.SoundEngine/]: Missing sound for event: cataclysm:lacerton_hurt
[13Mar2026 19:33:24.328] [Render thread/WARN] [net.minecraft.client.sounds.SoundEngine/]: Missing sound for event: cataclysm:lacerton_death
[13Mar2026 19:33:24.458] [Render thread/INFO] [com.mojang.blaze3d.audio.Library/]: OpenAL initialized on device OpenAL Soft on Headphones (Anker Soundcore Boost)
[13Mar2026 19:33:24.460] [Render thread/INFO] [net.minecraft.client.sounds.SoundEngine/SOUNDS]: Sound engine started
[13Mar2026 19:33:24.554] [Render thread/INFO] [net.minecraft.client.renderer.texture.TextureAtlas/]: Created: 2048x2048x4 minecraft:textures/atlas/blocks.png-atlas
[13Mar2026 19:33:24.566] [Render thread/INFO] [net.minecraft.client.renderer.texture.TextureAtlas/]: Created: 256x256x4 minecraft:textures/atlas/signs.png-atlas
[13Mar2026 19:33:24.566] [Render thread/INFO] [net.minecraft.client.renderer.texture.TextureAtlas/]: Created: 512x512x4 minecraft:textures/atlas/shield_patterns.png-atlas
[13Mar2026 19:33:24.566] [Render thread/INFO] [net.minecraft.client.renderer.texture.TextureAtlas/]: Created: 512x512x4 minecraft:textures/atlas/banner_patterns.png-atlas
[13Mar2026 19:33:24.568] [Render thread/INFO] [net.minecraft.client.renderer.texture.TextureAtlas/]: Created: 2048x1024x4 minecraft:textures/atlas/armor_trims.png-atlas
[13Mar2026 19:33:24.570] [Render thread/INFO] [net.minecraft.client.renderer.texture.TextureAtlas/]: Created: 256x256x4 minecraft:textures/atlas/chest.png-atlas
[13Mar2026 19:33:24.571] [Render thread/INFO] [net.minecraft.client.renderer.texture.TextureAtlas/]: Created: 128x64x4 minecraft:textures/atlas/decorated_pot.png-atlas
[13Mar2026 19:33:24.571] [Render thread/INFO] [net.minecraft.client.renderer.texture.TextureAtlas/]: Created: 512x256x4 minecraft:textures/atlas/beds.png-atlas
[13Mar2026 19:33:24.571] [Render thread/INFO] [net.minecraft.client.renderer.texture.TextureAtlas/]: Created: 512x256x4 minecraft:textures/atlas/shulker_boxes.png-atlas
[13Mar2026 19:33:24.581] [Render thread/DEBUG] [mixin/]: Mixing PlayerModelAccessor from playerAnimator-common.mixins.json into net.minecraft.client.model.PlayerModel
[13Mar2026 19:33:24.581] [Render thread/DEBUG] [mixin/]: Mixing PlayerModelMixin from playerAnimator-common.mixins.json into net.minecraft.client.model.PlayerModel
[13Mar2026 19:33:24.589] [Render thread/DEBUG] [mixin/]: playerAnimator-common.mixins.json:PlayerModelMixin from mod playeranimator->@Inject::initBendableStuff(Lnet/minecraft/client/model/geom/ModelPart;ZLorg/spongepowered/asm/mixin/injection/callback/CallbackInfo;)V doesn't use it's CallbackInfo
[13Mar2026 19:33:24.589] [Render thread/DEBUG] [mixin/]: playerAnimator-common.mixins.json:PlayerModelMixin from mod playeranimator->@Inject::initBendableStuff(Lnet/minecraft/client/model/geom/ModelPart;ZLorg/spongepowered/asm/mixin/injection/callback/CallbackInfo;)V has 0 override(s) in child classes
[13Mar2026 19:33:24.589] [Render thread/DEBUG] [mixin/]: playerAnimator-common.mixins.json:PlayerModelMixin from mod playeranimator->@Inject::initBendableStuff(Lnet/minecraft/client/model/geom/ModelPart;ZLorg/spongepowered/asm/mixin/injection/callback/CallbackInfo;)V won't be passed a CallbackInfo as a result
[13Mar2026 19:33:24.589] [Render thread/DEBUG] [mixin/]: playerAnimator-common.mixins.json:PlayerModelMixin from mod playeranimator->@Inject::setDefaultBeforeRender(Lnet/minecraft/world/entity/LivingEntity;FFFFFLorg/spongepowered/asm/mixin/injection/callback/CallbackInfo;)V doesn't use it's CallbackInfo
[13Mar2026 19:33:24.589] [Render thread/DEBUG] [mixin/]: playerAnimator-common.mixins.json:PlayerModelMixin from mod playeranimator->@Inject::setDefaultBeforeRender(Lnet/minecraft/world/entity/LivingEntity;FFFFFLorg/spongepowered/asm/mixin/injection/callback/CallbackInfo;)V has 0 override(s) in child classes
[13Mar2026 19:33:24.589] [Render thread/DEBUG] [mixin/]: playerAnimator-common.mixins.json:PlayerModelMixin from mod playeranimator->@Inject::setDefaultBeforeRender(Lnet/minecraft/world/entity/LivingEntity;FFFFFLorg/spongepowered/asm/mixin/injection/callback/CallbackInfo;)V won't be passed a CallbackInfo as a result
[13Mar2026 19:33:24.589] [Render thread/DEBUG] [mixin/]: playerAnimator-common.mixins.json:PlayerModelMixin from mod playeranimator->@Inject::setEmote(Lnet/minecraft/world/entity/LivingEntity;FFFFFLorg/spongepowered/asm/mixin/injection/callback/CallbackInfo;)V doesn't use it's CallbackInfo
[13Mar2026 19:33:24.589] [Render thread/DEBUG] [mixin/]: playerAnimator-common.mixins.json:PlayerModelMixin from mod playeranimator->@Inject::setEmote(Lnet/minecraft/world/entity/LivingEntity;FFFFFLorg/spongepowered/asm/mixin/injection/callback/CallbackInfo;)V has 0 override(s) in child classes
[13Mar2026 19:33:24.589] [Render thread/DEBUG] [mixin/]: playerAnimator-common.mixins.json:PlayerModelMixin from mod playeranimator->@Inject::setEmote(Lnet/minecraft/world/entity/LivingEntity;FFFFFLorg/spongepowered/asm/mixin/injection/callback/CallbackInfo;)V won't be passed a CallbackInfo as a result
[13Mar2026 19:33:24.617] [Render thread/DEBUG] [mixin/]: Mixing DisableSpinAttackLayerMixin from jahdoo.mixins.json into net.minecraft.client.renderer.entity.layers.SpinAttackEffectLayer
[13Mar2026 19:33:24.617] [Render thread/DEBUG] [mixin/]: jahdoo.mixins.json:DisableSpinAttackLayerMixin from mod jahdoo: Class version 65 required is higher than the class version supported by the current version of Mixin (JAVA_17 supports class version 61)
[13Mar2026 19:33:24.618] [Render thread/DEBUG] [mixin/]: jahdoo.mixins.json:DisableSpinAttackLayerMixin from mod jahdoo->@Inject::cancelRender(Lcom/mojang/blaze3d/vertex/PoseStack;Lnet/minecraft/client/renderer/MultiBufferSource;ILnet/minecraft/world/entity/LivingEntity;FFFFFFLorg/spongepowered/asm/mixin/injection/callback/CallbackInfo;)V does use it's CallbackInfo
[13Mar2026 19:33:24.653] [Render thread/DEBUG] [mixin/]: Mixing MixinModelPart$Cube from shouldersurfing.common.mixins.json into net.minecraft.client.model.geom.ModelPart$Cube
[13Mar2026 19:33:24.653] [Render thread/DEBUG] [mixin/]: shouldersurfing.common.mixins.json:MixinModelPart$Cube from mod shouldersurfing: Class version 65 required is higher than the class version supported by the current version of Mixin (JAVA_17 supports class version 61)
[13Mar2026 19:33:24.777] [Render thread/DEBUG] [mixin/]: Mixing PlayerItemInHandLayerMixin from moonlight-common.mixins.json into net.minecraft.client.renderer.entity.layers.PlayerItemInHandLayer
[13Mar2026 19:33:24.777] [Render thread/DEBUG] [mixin/]: moonlight-common.mixins.json:PlayerItemInHandLayerMixin from mod moonlight: Class version 65 required is higher than the class version supported by the current version of Mixin (JAVA_17 supports class version 61)
[13Mar2026 19:33:24.777] [Render thread/DEBUG] [mixin/]: moonlight-common.mixins.json:PlayerItemInHandLayerMixin from mod moonlight->@Inject::poseRightArm(Lnet/minecraft/world/entity/LivingEntity;Lnet/minecraft/world/item/ItemStack;Lnet/minecraft/world/item/ItemDisplayContext;Lnet/minecraft/world/entity/HumanoidArm;Lcom/mojang/blaze3d/vertex/PoseStack;Lnet/minecraft/client/renderer/MultiBufferSource;ILorg/spongepowered/asm/mixin/injection/callback/CallbackInfo;)V does use it's CallbackInfo
[13Mar2026 19:33:24.780] [Render thread/DEBUG] [mixin/]: Mixing MixinCapeLayer from shouldersurfing.common.mixins.json into net.minecraft.client.renderer.entity.layers.CapeLayer
[13Mar2026 19:33:24.780] [Render thread/DEBUG] [mixin/]: shouldersurfing.common.mixins.json:MixinCapeLayer from mod shouldersurfing: Class version 65 required is higher than the class version supported by the current version of Mixin (JAVA_17 supports class version 61)
[13Mar2026 19:33:24.780] [Render thread/DEBUG] [mixin/]: Mixing CapeLayerMixin from playerAnimator-common.mixins.json into net.minecraft.client.renderer.entity.layers.CapeLayer
[13Mar2026 19:33:24.783] [Render thread/DEBUG] [mixin/]: playerAnimator-common.mixins.json:CapeLayerMixin from mod playeranimator->@Inject::render(Lcom/mojang/blaze3d/vertex/PoseStack;Lnet/minecraft/client/renderer/MultiBufferSource;ILnet/minecraft/client/player/AbstractClientPlayer;FFFFFFLorg/spongepowered/asm/mixin/injection/callback/CallbackInfo;)V doesn't use it's CallbackInfo
[13Mar2026 19:33:24.783] [Render thread/DEBUG] [mixin/]: playerAnimator-common.mixins.json:CapeLayerMixin from mod playeranimator->@Inject::render(Lcom/mojang/blaze3d/vertex/PoseStack;Lnet/minecraft/client/renderer/MultiBufferSource;ILnet/minecraft/client/player/AbstractClientPlayer;FFFFFFLorg/spongepowered/asm/mixin/injection/callback/CallbackInfo;)V has 0 override(s) in child classes
[13Mar2026 19:33:24.783] [Render thread/DEBUG] [mixin/]: playerAnimator-common.mixins.json:CapeLayerMixin from mod playeranimator->@Inject::render(Lcom/mojang/blaze3d/vertex/PoseStack;Lnet/minecraft/client/renderer/MultiBufferSource;ILnet/minecraft/client/player/AbstractClientPlayer;FFFFFFLorg/spongepowered/asm/mixin/injection/callback/CallbackInfo;)V won't be passed a CallbackInfo as a result
[13Mar2026 19:33:24.791] [Render thread/INFO] [net.minecraft.client.renderer.texture.TextureAtlas/]: Created: 1024x1024x0 minecraft:textures/atlas/particles.png-atlas
[13Mar2026 19:33:24.794] [Render thread/INFO] [net.minecraft.client.renderer.texture.TextureAtlas/]: Created: 512x256x0 minecraft:textures/atlas/paintings.png-atlas
[13Mar2026 19:33:24.794] [Render thread/INFO] [net.minecraft.client.renderer.texture.TextureAtlas/]: Created: 256x128x0 minecraft:textures/atlas/mob_effects.png-atlas
[13Mar2026 19:33:24.794] [Render thread/INFO] [net.minecraft.client.renderer.texture.TextureAtlas/]: Created: 256x256x0 minecraft:textures/atlas/map_decorations.png-atlas
[13Mar2026 19:33:24.794] [Render thread/INFO] [net.minecraft.client.renderer.texture.TextureAtlas/]: Created: 1024x512x0 minecraft:textures/atlas/gui.png-atlas
[13Mar2026 19:33:24.824] [Render thread/WARN] [net.minecraft.client.renderer.ShaderInstance/]: Shader rendertype_entity_translucent_emissive could not find sampler named Sampler2 in the specified shader program.
[13Mar2026 19:33:24.976] [Render thread/WARN] [dev.kosmx.playerAnim.minecraftApi.PlayerAnimationRegistry/]: [WARNING FOR MOD DEVS] Animation player_animation/cast.json is in wrong directory: "player_animation", please place it in "player_animations".
[13Mar2026 19:33:24.980] [Render thread/WARN] [dev.kosmx.playerAnim.minecraftApi.PlayerAnimationRegistry/]: [WARNING FOR MOD DEVS] Animation player_animation/down_swipe_cast.json is in wrong directory: "player_animation", please place it in "player_animations".
[13Mar2026 19:33:24.981] [Render thread/WARN] [dev.kosmx.playerAnim.minecraftApi.PlayerAnimationRegistry/]: [WARNING FOR MOD DEVS] Animation player_animation/floating.json is in wrong directory: "player_animation", please place it in "player_animations".
[13Mar2026 19:33:24.981] [Render thread/WARN] [dev.kosmx.playerAnim.minecraftApi.PlayerAnimationRegistry/]: [WARNING FOR MOD DEVS] Animation player_animation/idle_wand.json is in wrong directory: "player_animation", please place it in "player_animations".
[13Mar2026 19:33:24.983] [Render thread/WARN] [dev.kosmx.playerAnim.minecraftApi.PlayerAnimationRegistry/]: [WARNING FOR MOD DEVS] Animation player_animation/swipe_cast.json is in wrong directory: "player_animation", please place it in "player_animations".
[13Mar2026 19:33:24.983] [Render thread/ERROR] [dev.kosmx.playerAnim.minecraftApi.codec.AnimationCodecs/]: Unknown error when trying to apply emotecraft
java.lang.IndexOutOfBoundsException: Index 0 out of bounds for length 0
	at java.base/jdk.internal.util.Preconditions.outOfBounds(Preconditions.java:100) ~[?:?]
	at java.base/jdk.internal.util.Preconditions.outOfBoundsCheckIndex(Preconditions.java:106) ~[?:?]
	at java.base/jdk.internal.util.Preconditions.checkIndex(Preconditions.java:302) ~[?:?]
	at java.base/java.util.Objects.checkIndex(Objects.java:385) ~[?:?]
	at java.base/java.util.ArrayList.get(ArrayList.java:427) ~[?:?]
	at MC-BOOTSTRAP/com.google.gson@2.10.1/com.google.gson.JsonArray.get(JsonArray.java:228) ~[gson-2.10.1.jar%23110!/:?]
	at TRANSFORMER/playeranimator@2.0.1+1.21.1/dev.kosmx.playerAnim.core.data.gson.GeckoLibSerializer.readDataAtTick(GeckoLibSerializer.java:218) ~[player-animation-lib-forge-2.0.1+1.21.1.jar%23209!/:?]
	at TRANSFORMER/playeranimator@2.0.1+1.21.1/dev.kosmx.playerAnim.core.data.gson.GeckoLibSerializer.lambda$readBone$2(GeckoLibSerializer.java:160) ~[player-animation-lib-forge-2.0.1+1.21.1.jar%23209!/:?]
	at java.base/java.lang.Iterable.forEach(Iterable.java:75) ~[?:?]
	at TRANSFORMER/playeranimator@2.0.1+1.21.1/dev.kosmx.playerAnim.core.data.gson.GeckoLibSerializer.readBone(GeckoLibSerializer.java:150) ~[player-animation-lib-forge-2.0.1+1.21.1.jar%23209!/:?]
	at TRANSFORMER/playeranimator@2.0.1+1.21.1/dev.kosmx.playerAnim.core.data.gson.GeckoLibSerializer.keyframeSerializer(GeckoLibSerializer.java:104) ~[player-animation-lib-forge-2.0.1+1.21.1.jar%23209!/:?]
	at TRANSFORMER/playeranimator@2.0.1+1.21.1/dev.kosmx.playerAnim.core.data.gson.GeckoLibSerializer.lambda$readAnimations$0(GeckoLibSerializer.java:84) ~[player-animation-lib-forge-2.0.1+1.21.1.jar%23209!/:?]
	at java.base/java.lang.Iterable.forEach(Iterable.java:75) ~[?:?]
	at TRANSFORMER/playeranimator@2.0.1+1.21.1/dev.kosmx.playerAnim.core.data.gson.GeckoLibSerializer.readAnimations(GeckoLibSerializer.java:65) ~[player-animation-lib-forge-2.0.1+1.21.1.jar%23209!/:?]
	at TRANSFORMER/playeranimator@2.0.1+1.21.1/dev.kosmx.playerAnim.core.data.gson.GeckoLibSerializer.deserialize(GeckoLibSerializer.java:57) ~[player-animation-lib-forge-2.0.1+1.21.1.jar%23209!/:?]
	at TRANSFORMER/playeranimator@2.0.1+1.21.1/dev.kosmx.playerAnim.core.data.gson.AnimationJson.deserialize(AnimationJson.java:53) ~[player-animation-lib-forge-2.0.1+1.21.1.jar%23209!/:?]
	at TRANSFORMER/playeranimator@2.0.1+1.21.1/dev.kosmx.playerAnim.core.data.gson.AnimationJson.deserialize(AnimationJson.java:16) ~[player-animation-lib-forge-2.0.1+1.21.1.jar%23209!/:?]
	at MC-BOOTSTRAP/com.google.gson@2.10.1/com.google.gson.internal.bind.TreeTypeAdapter.read(TreeTypeAdapter.java:76) ~[gson-2.10.1.jar%23110!/:?]
	at MC-BOOTSTRAP/com.google.gson@2.10.1/com.google.gson.Gson.fromJson(Gson.java:1227) ~[gson-2.10.1.jar%23110!/:?]
	at MC-BOOTSTRAP/com.google.gson@2.10.1/com.google.gson.Gson.fromJson(Gson.java:1137) ~[gson-2.10.1.jar%23110!/:?]
	at MC-BOOTSTRAP/com.google.gson@2.10.1/com.google.gson.Gson.fromJson(Gson.java:1107) ~[gson-2.10.1.jar%23110!/:?]
	at TRANSFORMER/playeranimator@2.0.1+1.21.1/dev.kosmx.playerAnim.minecraftApi.codec.AbstractGsonCodec.decode(AbstractGsonCodec.java:25) ~[player-animation-lib-forge-2.0.1+1.21.1.jar%23209!/:?]
	at TRANSFORMER/playeranimator@2.0.1+1.21.1/dev.kosmx.playerAnim.minecraftApi.codec.AnimationCodecs.deserialize(AnimationCodecs.java:76) ~[player-animation-lib-forge-2.0.1+1.21.1.jar%23209!/:?]
	at TRANSFORMER/playeranimator@2.0.1+1.21.1/dev.kosmx.playerAnim.minecraftApi.PlayerAnimationRegistry.resourceLoaderCallback(PlayerAnimationRegistry.java:123) ~[player-animation-lib-forge-2.0.1+1.21.1.jar%23209!/:?]
	at TRANSFORMER/minecraft@1.21.1/net.minecraft.server.packs.resources.ResourceManagerReloadListener.lambda$reload$0(ResourceManagerReloadListener.java:21) ~[neoforge-21.1.219-minecraft-merged.jar%23191!/:?]
	at java.base/java.util.concurrent.CompletableFuture$UniRun.tryFire$$$capture(CompletableFuture.java:787) ~[?:?]
	at java.base/java.util.concurrent.CompletableFuture$UniRun.tryFire(CompletableFuture.java) ~[?:?]
	at java.base/java.util.concurrent.CompletableFuture$Completion.run(CompletableFuture.java:482) ~[?:?]
	at TRANSFORMER/minecraft@1.21.1/net.minecraft.server.packs.resources.SimpleReloadInstance.lambda$new$3(SimpleReloadInstance.java:86) ~[neoforge-21.1.219-minecraft-merged.jar%23191!/:?]
	at TRANSFORMER/minecraft@1.21.1/net.minecraft.util.thread.BlockableEventLoop.doRunTask(BlockableEventLoop.java:151) ~[neoforge-21.1.219-minecraft-merged.jar%23191!/:?]
	at TRANSFORMER/minecraft@1.21.1/net.minecraft.util.thread.ReentrantBlockableEventLoop.doRunTask(ReentrantBlockableEventLoop.java:24) ~[neoforge-21.1.219-minecraft-merged.jar%23191!/:?]
	at TRANSFORMER/minecraft@1.21.1/net.minecraft.util.thread.BlockableEventLoop.pollTask(BlockableEventLoop.java:122) ~[neoforge-21.1.219-minecraft-merged.jar%23191!/:?]
	at TRANSFORMER/minecraft@1.21.1/net.minecraft.util.thread.BlockableEventLoop.runAllTasks(BlockableEventLoop.java:111) ~[neoforge-21.1.219-minecraft-merged.jar%23191!/:?]
	at TRANSFORMER/minecraft@1.21.1/net.minecraft.client.Minecraft.runTick(Minecraft.java:1161) ~[neoforge-21.1.219-minecraft-merged.jar%23191!/:?]
	at TRANSFORMER/minecraft@1.21.1/net.minecraft.client.Minecraft.run(Minecraft.java:813) ~[neoforge-21.1.219-minecraft-merged.jar%23191!/:?]
	at TRANSFORMER/minecraft@1.21.1/net.minecraft.client.main.Main.main(Main.java:230) ~[neoforge-21.1.219-minecraft-merged.jar%23191!/:?]
	at java.base/jdk.internal.reflect.DirectMethodHandleAccessor.invoke(DirectMethodHandleAccessor.java:103) ~[?:?]
	at java.base/java.lang.reflect.Method.invoke(Method.java:580) ~[?:?]
	at MC-BOOTSTRAP/fml_loader@4.0.42/net.neoforged.fml.loading.targets.CommonLaunchHandler.runTarget(CommonLaunchHandler.java:136) ~[loader-4.0.42.jar%23146!/:4.0]
	at MC-BOOTSTRAP/fml_loader@4.0.42/net.neoforged.fml.loading.targets.CommonLaunchHandler.clientService(CommonLaunchHandler.java:124) ~[loader-4.0.42.jar%23146!/:4.0]
	at MC-BOOTSTRAP/fml_loader@4.0.42/net.neoforged.fml.loading.targets.NeoForgeClientDevLaunchHandler.runService(NeoForgeClientDevLaunchHandler.java:23) ~[loader-4.0.42.jar%23146!/:4.0]
	at MC-BOOTSTRAP/fml_loader@4.0.42/net.neoforged.fml.loading.targets.CommonLaunchHandler.lambda$launchService$4(CommonLaunchHandler.java:118) ~[loader-4.0.42.jar%23146!/:4.0]
	at MC-BOOTSTRAP/cpw.mods.modlauncher@11.0.5/cpw.mods.modlauncher.LaunchServiceHandlerDecorator.launch(LaunchServiceHandlerDecorator.java:30) [modlauncher-11.0.5.jar%23128!/:?]
	at MC-BOOTSTRAP/cpw.mods.modlauncher@11.0.5/cpw.mods.modlauncher.LaunchServiceHandler.launch(LaunchServiceHandler.java:53) [modlauncher-11.0.5.jar%23128!/:?]
	at MC-BOOTSTRAP/cpw.mods.modlauncher@11.0.5/cpw.mods.modlauncher.LaunchServiceHandler.launch(LaunchServiceHandler.java:71) [modlauncher-11.0.5.jar%23128!/:?]
	at MC-BOOTSTRAP/cpw.mods.modlauncher@11.0.5/cpw.mods.modlauncher.Launcher.run(Launcher.java:103) [modlauncher-11.0.5.jar%23128!/:?]
	at MC-BOOTSTRAP/cpw.mods.modlauncher@11.0.5/cpw.mods.modlauncher.Launcher.main(Launcher.java:74) [modlauncher-11.0.5.jar%23128!/:?]
	at MC-BOOTSTRAP/cpw.mods.modlauncher@11.0.5/cpw.mods.modlauncher.BootstrapLaunchConsumer.accept(BootstrapLaunchConsumer.java:26) [modlauncher-11.0.5.jar%23128!/:?]
	at MC-BOOTSTRAP/cpw.mods.modlauncher@11.0.5/cpw.mods.modlauncher.BootstrapLaunchConsumer.accept(BootstrapLaunchConsumer.java:23) [modlauncher-11.0.5.jar%23128!/:?]
	at cpw.mods.bootstraplauncher@2.0.2/cpw.mods.bootstraplauncher.BootstrapLauncher.run(BootstrapLauncher.java:210) [bootstraplauncher-2.0.2.jar:?]
	at cpw.mods.bootstraplauncher@2.0.2/cpw.mods.bootstraplauncher.BootstrapLauncher.main(BootstrapLauncher.java:69) [bootstraplauncher-2.0.2.jar:?]
	at java.base/jdk.internal.reflect.DirectMethodHandleAccessor.invoke(DirectMethodHandleAccessor.java:103) ~[?:?]
	at java.base/java.lang.reflect.Method.invoke(Method.java:580) ~[?:?]
	at DevLaunch@1.0.1/net.neoforged.devlaunch.Main.main(Main.java:55) [DevLaunch-1.0.1.jar:?]
[13Mar2026 19:33:24.985] [Render thread/ERROR] [dev.kosmx.playerAnim.minecraftApi.codec.AnimationCodecs/]: Unknown error when trying to apply gecko_legacy
java.lang.IndexOutOfBoundsException: Index 0 out of bounds for length 0
	at java.base/jdk.internal.util.Preconditions.outOfBounds(Preconditions.java:100) ~[?:?]
	at java.base/jdk.internal.util.Preconditions.outOfBoundsCheckIndex(Preconditions.java:106) ~[?:?]
	at java.base/jdk.internal.util.Preconditions.checkIndex(Preconditions.java:302) ~[?:?]
	at java.base/java.util.Objects.checkIndex(Objects.java:385) ~[?:?]
	at java.base/java.util.ArrayList.get(ArrayList.java:427) ~[?:?]
	at MC-BOOTSTRAP/com.google.gson@2.10.1/com.google.gson.JsonArray.get(JsonArray.java:228) ~[gson-2.10.1.jar%23110!/:?]
	at TRANSFORMER/playeranimator@2.0.1+1.21.1/dev.kosmx.playerAnim.core.data.gson.GeckoLibSerializer.readDataAtTick(GeckoLibSerializer.java:218) ~[player-animation-lib-forge-2.0.1+1.21.1.jar%23209!/:?]
	at TRANSFORMER/playeranimator@2.0.1+1.21.1/dev.kosmx.playerAnim.core.data.gson.GeckoLibSerializer.lambda$readBone$2(GeckoLibSerializer.java:160) ~[player-animation-lib-forge-2.0.1+1.21.1.jar%23209!/:?]
	at java.base/java.lang.Iterable.forEach(Iterable.java:75) ~[?:?]
	at TRANSFORMER/playeranimator@2.0.1+1.21.1/dev.kosmx.playerAnim.core.data.gson.GeckoLibSerializer.readBone(GeckoLibSerializer.java:150) ~[player-animation-lib-forge-2.0.1+1.21.1.jar%23209!/:?]
	at TRANSFORMER/playeranimator@2.0.1+1.21.1/dev.kosmx.playerAnim.core.data.gson.GeckoLibSerializer.keyframeSerializer(GeckoLibSerializer.java:104) ~[player-animation-lib-forge-2.0.1+1.21.1.jar%23209!/:?]
	at TRANSFORMER/playeranimator@2.0.1+1.21.1/dev.kosmx.playerAnim.core.data.gson.GeckoLibSerializer.lambda$readAnimations$0(GeckoLibSerializer.java:84) ~[player-animation-lib-forge-2.0.1+1.21.1.jar%23209!/:?]
	at java.base/java.lang.Iterable.forEach(Iterable.java:75) ~[?:?]
	at TRANSFORMER/playeranimator@2.0.1+1.21.1/dev.kosmx.playerAnim.core.data.gson.GeckoLibSerializer.readAnimations(GeckoLibSerializer.java:65) ~[player-animation-lib-forge-2.0.1+1.21.1.jar%23209!/:?]
	at TRANSFORMER/playeranimator@2.0.1+1.21.1/dev.kosmx.playerAnim.core.data.gson.GeckoLibSerializer.deserialize(GeckoLibSerializer.java:57) ~[player-animation-lib-forge-2.0.1+1.21.1.jar%23209!/:?]
	at TRANSFORMER/playeranimator@2.0.1+1.21.1/dev.kosmx.playerAnim.core.data.gson.GeckoLibSerializer.deserialize(GeckoLibSerializer.java:52) ~[player-animation-lib-forge-2.0.1+1.21.1.jar%23209!/:?]
	at TRANSFORMER/playeranimator@2.0.1+1.21.1/dev.kosmx.playerAnim.core.data.gson.GeckoLibSerializer.deserialize(GeckoLibSerializer.java:23) ~[player-animation-lib-forge-2.0.1+1.21.1.jar%23209!/:?]
	at MC-BOOTSTRAP/com.google.gson@2.10.1/com.google.gson.internal.bind.TreeTypeAdapter.read(TreeTypeAdapter.java:76) ~[gson-2.10.1.jar%23110!/:?]
	at MC-BOOTSTRAP/com.google.gson@2.10.1/com.google.gson.Gson.fromJson(Gson.java:1227) ~[gson-2.10.1.jar%23110!/:?]
	at MC-BOOTSTRAP/com.google.gson@2.10.1/com.google.gson.Gson.fromJson(Gson.java:1137) ~[gson-2.10.1.jar%23110!/:?]
	at MC-BOOTSTRAP/com.google.gson@2.10.1/com.google.gson.Gson.fromJson(Gson.java:1107) ~[gson-2.10.1.jar%23110!/:?]
	at TRANSFORMER/playeranimator@2.0.1+1.21.1/dev.kosmx.playerAnim.minecraftApi.codec.AbstractGsonCodec.decode(AbstractGsonCodec.java:25) ~[player-animation-lib-forge-2.0.1+1.21.1.jar%23209!/:?]
	at TRANSFORMER/playeranimator@2.0.1+1.21.1/dev.kosmx.playerAnim.minecraftApi.codec.AnimationCodecs.deserialize(AnimationCodecs.java:76) ~[player-animation-lib-forge-2.0.1+1.21.1.jar%23209!/:?]
	at TRANSFORMER/playeranimator@2.0.1+1.21.1/dev.kosmx.playerAnim.minecraftApi.PlayerAnimationRegistry.resourceLoaderCallback(PlayerAnimationRegistry.java:123) ~[player-animation-lib-forge-2.0.1+1.21.1.jar%23209!/:?]
	at TRANSFORMER/minecraft@1.21.1/net.minecraft.server.packs.resources.ResourceManagerReloadListener.lambda$reload$0(ResourceManagerReloadListener.java:21) ~[neoforge-21.1.219-minecraft-merged.jar%23191!/:?]
	at java.base/java.util.concurrent.CompletableFuture$UniRun.tryFire$$$capture(CompletableFuture.java:787) ~[?:?]
	at java.base/java.util.concurrent.CompletableFuture$UniRun.tryFire(CompletableFuture.java) ~[?:?]
	at java.base/java.util.concurrent.CompletableFuture$Completion.run(CompletableFuture.java:482) ~[?:?]
	at TRANSFORMER/minecraft@1.21.1/net.minecraft.server.packs.resources.SimpleReloadInstance.lambda$new$3(SimpleReloadInstance.java:86) ~[neoforge-21.1.219-minecraft-merged.jar%23191!/:?]
	at TRANSFORMER/minecraft@1.21.1/net.minecraft.util.thread.BlockableEventLoop.doRunTask(BlockableEventLoop.java:151) ~[neoforge-21.1.219-minecraft-merged.jar%23191!/:?]
	at TRANSFORMER/minecraft@1.21.1/net.minecraft.util.thread.ReentrantBlockableEventLoop.doRunTask(ReentrantBlockableEventLoop.java:24) ~[neoforge-21.1.219-minecraft-merged.jar%23191!/:?]
	at TRANSFORMER/minecraft@1.21.1/net.minecraft.util.thread.BlockableEventLoop.pollTask(BlockableEventLoop.java:122) ~[neoforge-21.1.219-minecraft-merged.jar%23191!/:?]
	at TRANSFORMER/minecraft@1.21.1/net.minecraft.util.thread.BlockableEventLoop.runAllTasks(BlockableEventLoop.java:111) ~[neoforge-21.1.219-minecraft-merged.jar%23191!/:?]
	at TRANSFORMER/minecraft@1.21.1/net.minecraft.client.Minecraft.runTick(Minecraft.java:1161) ~[neoforge-21.1.219-minecraft-merged.jar%23191!/:?]
	at TRANSFORMER/minecraft@1.21.1/net.minecraft.client.Minecraft.run(Minecraft.java:813) ~[neoforge-21.1.219-minecraft-merged.jar%23191!/:?]
	at TRANSFORMER/minecraft@1.21.1/net.minecraft.client.main.Main.main(Main.java:230) ~[neoforge-21.1.219-minecraft-merged.jar%23191!/:?]
	at java.base/jdk.internal.reflect.DirectMethodHandleAccessor.invoke(DirectMethodHandleAccessor.java:103) ~[?:?]
	at java.base/java.lang.reflect.Method.invoke(Method.java:580) ~[?:?]
	at MC-BOOTSTRAP/fml_loader@4.0.42/net.neoforged.fml.loading.targets.CommonLaunchHandler.runTarget(CommonLaunchHandler.java:136) ~[loader-4.0.42.jar%23146!/:4.0]
	at MC-BOOTSTRAP/fml_loader@4.0.42/net.neoforged.fml.loading.targets.CommonLaunchHandler.clientService(CommonLaunchHandler.java:124) ~[loader-4.0.42.jar%23146!/:4.0]
	at MC-BOOTSTRAP/fml_loader@4.0.42/net.neoforged.fml.loading.targets.NeoForgeClientDevLaunchHandler.runService(NeoForgeClientDevLaunchHandler.java:23) ~[loader-4.0.42.jar%23146!/:4.0]
	at MC-BOOTSTRAP/fml_loader@4.0.42/net.neoforged.fml.loading.targets.CommonLaunchHandler.lambda$launchService$4(CommonLaunchHandler.java:118) ~[loader-4.0.42.jar%23146!/:4.0]
	at MC-BOOTSTRAP/cpw.mods.modlauncher@11.0.5/cpw.mods.modlauncher.LaunchServiceHandlerDecorator.launch(LaunchServiceHandlerDecorator.java:30) [modlauncher-11.0.5.jar%23128!/:?]
	at MC-BOOTSTRAP/cpw.mods.modlauncher@11.0.5/cpw.mods.modlauncher.LaunchServiceHandler.launch(LaunchServiceHandler.java:53) [modlauncher-11.0.5.jar%23128!/:?]
	at MC-BOOTSTRAP/cpw.mods.modlauncher@11.0.5/cpw.mods.modlauncher.LaunchServiceHandler.launch(LaunchServiceHandler.java:71) [modlauncher-11.0.5.jar%23128!/:?]
	at MC-BOOTSTRAP/cpw.mods.modlauncher@11.0.5/cpw.mods.modlauncher.Launcher.run(Launcher.java:103) [modlauncher-11.0.5.jar%23128!/:?]
	at MC-BOOTSTRAP/cpw.mods.modlauncher@11.0.5/cpw.mods.modlauncher.Launcher.main(Launcher.java:74) [modlauncher-11.0.5.jar%23128!/:?]
	at MC-BOOTSTRAP/cpw.mods.modlauncher@11.0.5/cpw.mods.modlauncher.BootstrapLaunchConsumer.accept(BootstrapLaunchConsumer.java:26) [modlauncher-11.0.5.jar%23128!/:?]
	at MC-BOOTSTRAP/cpw.mods.modlauncher@11.0.5/cpw.mods.modlauncher.BootstrapLaunchConsumer.accept(BootstrapLaunchConsumer.java:23) [modlauncher-11.0.5.jar%23128!/:?]
	at cpw.mods.bootstraplauncher@2.0.2/cpw.mods.bootstraplauncher.BootstrapLauncher.run(BootstrapLauncher.java:210) [bootstraplauncher-2.0.2.jar:?]
	at cpw.mods.bootstraplauncher@2.0.2/cpw.mods.bootstraplauncher.BootstrapLauncher.main(BootstrapLauncher.java:69) [bootstraplauncher-2.0.2.jar:?]
	at java.base/jdk.internal.reflect.DirectMethodHandleAccessor.invoke(DirectMethodHandleAccessor.java:103) ~[?:?]
	at java.base/java.lang.reflect.Method.invoke(Method.java:580) ~[?:?]
	at DevLaunch@1.0.1/net.neoforged.devlaunch.Main.main(Main.java:55) [DevLaunch-1.0.1.jar:?]
[13Mar2026 19:33:24.986] [Render thread/WARN] [dev.kosmx.playerAnim.minecraftApi.PlayerAnimationRegistry/]: [WARNING FOR MOD DEVS] Animation player_animation/up_swipe_cast.json is in wrong directory: "player_animation", please place it in "player_animations".
[13Mar2026 19:33:24.987] [Render thread/ERROR] [dev.kosmx.playerAnim.minecraftApi.codec.AnimationCodecs/]: Unknown error when trying to apply emotecraft
java.lang.IndexOutOfBoundsException: Index 0 out of bounds for length 0
	at java.base/jdk.internal.util.Preconditions.outOfBounds(Preconditions.java:100) ~[?:?]
	at java.base/jdk.internal.util.Preconditions.outOfBoundsCheckIndex(Preconditions.java:106) ~[?:?]
	at java.base/jdk.internal.util.Preconditions.checkIndex(Preconditions.java:302) ~[?:?]
	at java.base/java.util.Objects.checkIndex(Objects.java:385) ~[?:?]
	at java.base/java.util.ArrayList.get(ArrayList.java:427) ~[?:?]
	at MC-BOOTSTRAP/com.google.gson@2.10.1/com.google.gson.JsonArray.get(JsonArray.java:228) ~[gson-2.10.1.jar%23110!/:?]
	at TRANSFORMER/playeranimator@2.0.1+1.21.1/dev.kosmx.playerAnim.core.data.gson.GeckoLibSerializer.readDataAtTick(GeckoLibSerializer.java:218) ~[player-animation-lib-forge-2.0.1+1.21.1.jar%23209!/:?]
	at TRANSFORMER/playeranimator@2.0.1+1.21.1/dev.kosmx.playerAnim.core.data.gson.GeckoLibSerializer.lambda$readBone$2(GeckoLibSerializer.java:160) ~[player-animation-lib-forge-2.0.1+1.21.1.jar%23209!/:?]
	at java.base/java.lang.Iterable.forEach(Iterable.java:75) ~[?:?]
	at TRANSFORMER/playeranimator@2.0.1+1.21.1/dev.kosmx.playerAnim.core.data.gson.GeckoLibSerializer.readBone(GeckoLibSerializer.java:150) ~[player-animation-lib-forge-2.0.1+1.21.1.jar%23209!/:?]
	at TRANSFORMER/playeranimator@2.0.1+1.21.1/dev.kosmx.playerAnim.core.data.gson.GeckoLibSerializer.keyframeSerializer(GeckoLibSerializer.java:104) ~[player-animation-lib-forge-2.0.1+1.21.1.jar%23209!/:?]
	at TRANSFORMER/playeranimator@2.0.1+1.21.1/dev.kosmx.playerAnim.core.data.gson.GeckoLibSerializer.lambda$readAnimations$0(GeckoLibSerializer.java:84) ~[player-animation-lib-forge-2.0.1+1.21.1.jar%23209!/:?]
	at java.base/java.lang.Iterable.forEach(Iterable.java:75) ~[?:?]
	at TRANSFORMER/playeranimator@2.0.1+1.21.1/dev.kosmx.playerAnim.core.data.gson.GeckoLibSerializer.readAnimations(GeckoLibSerializer.java:65) ~[player-animation-lib-forge-2.0.1+1.21.1.jar%23209!/:?]
	at TRANSFORMER/playeranimator@2.0.1+1.21.1/dev.kosmx.playerAnim.core.data.gson.GeckoLibSerializer.deserialize(GeckoLibSerializer.java:57) ~[player-animation-lib-forge-2.0.1+1.21.1.jar%23209!/:?]
	at TRANSFORMER/playeranimator@2.0.1+1.21.1/dev.kosmx.playerAnim.core.data.gson.AnimationJson.deserialize(AnimationJson.java:53) ~[player-animation-lib-forge-2.0.1+1.21.1.jar%23209!/:?]
	at TRANSFORMER/playeranimator@2.0.1+1.21.1/dev.kosmx.playerAnim.core.data.gson.AnimationJson.deserialize(AnimationJson.java:16) ~[player-animation-lib-forge-2.0.1+1.21.1.jar%23209!/:?]
	at MC-BOOTSTRAP/com.google.gson@2.10.1/com.google.gson.internal.bind.TreeTypeAdapter.read(TreeTypeAdapter.java:76) ~[gson-2.10.1.jar%23110!/:?]
	at MC-BOOTSTRAP/com.google.gson@2.10.1/com.google.gson.Gson.fromJson(Gson.java:1227) ~[gson-2.10.1.jar%23110!/:?]
	at MC-BOOTSTRAP/com.google.gson@2.10.1/com.google.gson.Gson.fromJson(Gson.java:1137) ~[gson-2.10.1.jar%23110!/:?]
	at MC-BOOTSTRAP/com.google.gson@2.10.1/com.google.gson.Gson.fromJson(Gson.java:1107) ~[gson-2.10.1.jar%23110!/:?]
	at TRANSFORMER/playeranimator@2.0.1+1.21.1/dev.kosmx.playerAnim.minecraftApi.codec.AbstractGsonCodec.decode(AbstractGsonCodec.java:25) ~[player-animation-lib-forge-2.0.1+1.21.1.jar%23209!/:?]
	at TRANSFORMER/playeranimator@2.0.1+1.21.1/dev.kosmx.playerAnim.minecraftApi.codec.AnimationCodecs.deserialize(AnimationCodecs.java:76) ~[player-animation-lib-forge-2.0.1+1.21.1.jar%23209!/:?]
	at TRANSFORMER/playeranimator@2.0.1+1.21.1/dev.kosmx.playerAnim.minecraftApi.PlayerAnimationRegistry.resourceLoaderCallback(PlayerAnimationRegistry.java:123) ~[player-animation-lib-forge-2.0.1+1.21.1.jar%23209!/:?]
	at TRANSFORMER/minecraft@1.21.1/net.minecraft.server.packs.resources.ResourceManagerReloadListener.lambda$reload$0(ResourceManagerReloadListener.java:21) ~[neoforge-21.1.219-minecraft-merged.jar%23191!/:?]
	at java.base/java.util.concurrent.CompletableFuture$UniRun.tryFire$$$capture(CompletableFuture.java:787) ~[?:?]
	at java.base/java.util.concurrent.CompletableFuture$UniRun.tryFire(CompletableFuture.java) ~[?:?]
	at java.base/java.util.concurrent.CompletableFuture$Completion.run(CompletableFuture.java:482) ~[?:?]
	at TRANSFORMER/minecraft@1.21.1/net.minecraft.server.packs.resources.SimpleReloadInstance.lambda$new$3(SimpleReloadInstance.java:86) ~[neoforge-21.1.219-minecraft-merged.jar%23191!/:?]
	at TRANSFORMER/minecraft@1.21.1/net.minecraft.util.thread.BlockableEventLoop.doRunTask(BlockableEventLoop.java:151) ~[neoforge-21.1.219-minecraft-merged.jar%23191!/:?]
	at TRANSFORMER/minecraft@1.21.1/net.minecraft.util.thread.ReentrantBlockableEventLoop.doRunTask(ReentrantBlockableEventLoop.java:24) ~[neoforge-21.1.219-minecraft-merged.jar%23191!/:?]
	at TRANSFORMER/minecraft@1.21.1/net.minecraft.util.thread.BlockableEventLoop.pollTask(BlockableEventLoop.java:122) ~[neoforge-21.1.219-minecraft-merged.jar%23191!/:?]
	at TRANSFORMER/minecraft@1.21.1/net.minecraft.util.thread.BlockableEventLoop.runAllTasks(BlockableEventLoop.java:111) ~[neoforge-21.1.219-minecraft-merged.jar%23191!/:?]
	at TRANSFORMER/minecraft@1.21.1/net.minecraft.client.Minecraft.runTick(Minecraft.java:1161) ~[neoforge-21.1.219-minecraft-merged.jar%23191!/:?]
	at TRANSFORMER/minecraft@1.21.1/net.minecraft.client.Minecraft.run(Minecraft.java:813) ~[neoforge-21.1.219-minecraft-merged.jar%23191!/:?]
	at TRANSFORMER/minecraft@1.21.1/net.minecraft.client.main.Main.main(Main.java:230) ~[neoforge-21.1.219-minecraft-merged.jar%23191!/:?]
	at java.base/jdk.internal.reflect.DirectMethodHandleAccessor.invoke(DirectMethodHandleAccessor.java:103) ~[?:?]
	at java.base/java.lang.reflect.Method.invoke(Method.java:580) ~[?:?]
	at MC-BOOTSTRAP/fml_loader@4.0.42/net.neoforged.fml.loading.targets.CommonLaunchHandler.runTarget(CommonLaunchHandler.java:136) ~[loader-4.0.42.jar%23146!/:4.0]
	at MC-BOOTSTRAP/fml_loader@4.0.42/net.neoforged.fml.loading.targets.CommonLaunchHandler.clientService(CommonLaunchHandler.java:124) ~[loader-4.0.42.jar%23146!/:4.0]
	at MC-BOOTSTRAP/fml_loader@4.0.42/net.neoforged.fml.loading.targets.NeoForgeClientDevLaunchHandler.runService(NeoForgeClientDevLaunchHandler.java:23) ~[loader-4.0.42.jar%23146!/:4.0]
	at MC-BOOTSTRAP/fml_loader@4.0.42/net.neoforged.fml.loading.targets.CommonLaunchHandler.lambda$launchService$4(CommonLaunchHandler.java:118) ~[loader-4.0.42.jar%23146!/:4.0]
	at MC-BOOTSTRAP/cpw.mods.modlauncher@11.0.5/cpw.mods.modlauncher.LaunchServiceHandlerDecorator.launch(LaunchServiceHandlerDecorator.java:30) [modlauncher-11.0.5.jar%23128!/:?]
	at MC-BOOTSTRAP/cpw.mods.modlauncher@11.0.5/cpw.mods.modlauncher.LaunchServiceHandler.launch(LaunchServiceHandler.java:53) [modlauncher-11.0.5.jar%23128!/:?]
	at MC-BOOTSTRAP/cpw.mods.modlauncher@11.0.5/cpw.mods.modlauncher.LaunchServiceHandler.launch(LaunchServiceHandler.java:71) [modlauncher-11.0.5.jar%23128!/:?]
	at MC-BOOTSTRAP/cpw.mods.modlauncher@11.0.5/cpw.mods.modlauncher.Launcher.run(Launcher.java:103) [modlauncher-11.0.5.jar%23128!/:?]
	at MC-BOOTSTRAP/cpw.mods.modlauncher@11.0.5/cpw.mods.modlauncher.Launcher.main(Launcher.java:74) [modlauncher-11.0.5.jar%23128!/:?]
	at MC-BOOTSTRAP/cpw.mods.modlauncher@11.0.5/cpw.mods.modlauncher.BootstrapLaunchConsumer.accept(BootstrapLaunchConsumer.java:26) [modlauncher-11.0.5.jar%23128!/:?]
	at MC-BOOTSTRAP/cpw.mods.modlauncher@11.0.5/cpw.mods.modlauncher.BootstrapLaunchConsumer.accept(BootstrapLaunchConsumer.java:23) [modlauncher-11.0.5.jar%23128!/:?]
	at cpw.mods.bootstraplauncher@2.0.2/cpw.mods.bootstraplauncher.BootstrapLauncher.run(BootstrapLauncher.java:210) [bootstraplauncher-2.0.2.jar:?]
	at cpw.mods.bootstraplauncher@2.0.2/cpw.mods.bootstraplauncher.BootstrapLauncher.main(BootstrapLauncher.java:69) [bootstraplauncher-2.0.2.jar:?]
	at java.base/jdk.internal.reflect.DirectMethodHandleAccessor.invoke(DirectMethodHandleAccessor.java:103) ~[?:?]
	at java.base/java.lang.reflect.Method.invoke(Method.java:580) ~[?:?]
	at DevLaunch@1.0.1/net.neoforged.devlaunch.Main.main(Main.java:55) [DevLaunch-1.0.1.jar:?]
[13Mar2026 19:33:24.988] [Render thread/ERROR] [dev.kosmx.playerAnim.minecraftApi.codec.AnimationCodecs/]: Unknown error when trying to apply gecko_legacy
java.lang.IndexOutOfBoundsException: Index 0 out of bounds for length 0
	at java.base/jdk.internal.util.Preconditions.outOfBounds(Preconditions.java:100) ~[?:?]
	at java.base/jdk.internal.util.Preconditions.outOfBoundsCheckIndex(Preconditions.java:106) ~[?:?]
	at java.base/jdk.internal.util.Preconditions.checkIndex(Preconditions.java:302) ~[?:?]
	at java.base/java.util.Objects.checkIndex(Objects.java:385) ~[?:?]
	at java.base/java.util.ArrayList.get(ArrayList.java:427) ~[?:?]
	at MC-BOOTSTRAP/com.google.gson@2.10.1/com.google.gson.JsonArray.get(JsonArray.java:228) ~[gson-2.10.1.jar%23110!/:?]
	at TRANSFORMER/playeranimator@2.0.1+1.21.1/dev.kosmx.playerAnim.core.data.gson.GeckoLibSerializer.readDataAtTick(GeckoLibSerializer.java:218) ~[player-animation-lib-forge-2.0.1+1.21.1.jar%23209!/:?]
	at TRANSFORMER/playeranimator@2.0.1+1.21.1/dev.kosmx.playerAnim.core.data.gson.GeckoLibSerializer.lambda$readBone$2(GeckoLibSerializer.java:160) ~[player-animation-lib-forge-2.0.1+1.21.1.jar%23209!/:?]
	at java.base/java.lang.Iterable.forEach(Iterable.java:75) ~[?:?]
	at TRANSFORMER/playeranimator@2.0.1+1.21.1/dev.kosmx.playerAnim.core.data.gson.GeckoLibSerializer.readBone(GeckoLibSerializer.java:150) ~[player-animation-lib-forge-2.0.1+1.21.1.jar%23209!/:?]
	at TRANSFORMER/playeranimator@2.0.1+1.21.1/dev.kosmx.playerAnim.core.data.gson.GeckoLibSerializer.keyframeSerializer(GeckoLibSerializer.java:104) ~[player-animation-lib-forge-2.0.1+1.21.1.jar%23209!/:?]
	at TRANSFORMER/playeranimator@2.0.1+1.21.1/dev.kosmx.playerAnim.core.data.gson.GeckoLibSerializer.lambda$readAnimations$0(GeckoLibSerializer.java:84) ~[player-animation-lib-forge-2.0.1+1.21.1.jar%23209!/:?]
	at java.base/java.lang.Iterable.forEach(Iterable.java:75) ~[?:?]
	at TRANSFORMER/playeranimator@2.0.1+1.21.1/dev.kosmx.playerAnim.core.data.gson.GeckoLibSerializer.readAnimations(GeckoLibSerializer.java:65) ~[player-animation-lib-forge-2.0.1+1.21.1.jar%23209!/:?]
	at TRANSFORMER/playeranimator@2.0.1+1.21.1/dev.kosmx.playerAnim.core.data.gson.GeckoLibSerializer.deserialize(GeckoLibSerializer.java:57) ~[player-animation-lib-forge-2.0.1+1.21.1.jar%23209!/:?]
	at TRANSFORMER/playeranimator@2.0.1+1.21.1/dev.kosmx.playerAnim.core.data.gson.GeckoLibSerializer.deserialize(GeckoLibSerializer.java:52) ~[player-animation-lib-forge-2.0.1+1.21.1.jar%23209!/:?]
	at TRANSFORMER/playeranimator@2.0.1+1.21.1/dev.kosmx.playerAnim.core.data.gson.GeckoLibSerializer.deserialize(GeckoLibSerializer.java:23) ~[player-animation-lib-forge-2.0.1+1.21.1.jar%23209!/:?]
	at MC-BOOTSTRAP/com.google.gson@2.10.1/com.google.gson.internal.bind.TreeTypeAdapter.read(TreeTypeAdapter.java:76) ~[gson-2.10.1.jar%23110!/:?]
	at MC-BOOTSTRAP/com.google.gson@2.10.1/com.google.gson.Gson.fromJson(Gson.java:1227) ~[gson-2.10.1.jar%23110!/:?]
	at MC-BOOTSTRAP/com.google.gson@2.10.1/com.google.gson.Gson.fromJson(Gson.java:1137) ~[gson-2.10.1.jar%23110!/:?]
	at MC-BOOTSTRAP/com.google.gson@2.10.1/com.google.gson.Gson.fromJson(Gson.java:1107) ~[gson-2.10.1.jar%23110!/:?]
	at TRANSFORMER/playeranimator@2.0.1+1.21.1/dev.kosmx.playerAnim.minecraftApi.codec.AbstractGsonCodec.decode(AbstractGsonCodec.java:25) ~[player-animation-lib-forge-2.0.1+1.21.1.jar%23209!/:?]
	at TRANSFORMER/playeranimator@2.0.1+1.21.1/dev.kosmx.playerAnim.minecraftApi.codec.AnimationCodecs.deserialize(AnimationCodecs.java:76) ~[player-animation-lib-forge-2.0.1+1.21.1.jar%23209!/:?]
	at TRANSFORMER/playeranimator@2.0.1+1.21.1/dev.kosmx.playerAnim.minecraftApi.PlayerAnimationRegistry.resourceLoaderCallback(PlayerAnimationRegistry.java:123) ~[player-animation-lib-forge-2.0.1+1.21.1.jar%23209!/:?]
	at TRANSFORMER/minecraft@1.21.1/net.minecraft.server.packs.resources.ResourceManagerReloadListener.lambda$reload$0(ResourceManagerReloadListener.java:21) ~[neoforge-21.1.219-minecraft-merged.jar%23191!/:?]
	at java.base/java.util.concurrent.CompletableFuture$UniRun.tryFire$$$capture(CompletableFuture.java:787) ~[?:?]
	at java.base/java.util.concurrent.CompletableFuture$UniRun.tryFire(CompletableFuture.java) ~[?:?]
	at java.base/java.util.concurrent.CompletableFuture$Completion.run(CompletableFuture.java:482) ~[?:?]
	at TRANSFORMER/minecraft@1.21.1/net.minecraft.server.packs.resources.SimpleReloadInstance.lambda$new$3(SimpleReloadInstance.java:86) ~[neoforge-21.1.219-minecraft-merged.jar%23191!/:?]
	at TRANSFORMER/minecraft@1.21.1/net.minecraft.util.thread.BlockableEventLoop.doRunTask(BlockableEventLoop.java:151) ~[neoforge-21.1.219-minecraft-merged.jar%23191!/:?]
	at TRANSFORMER/minecraft@1.21.1/net.minecraft.util.thread.ReentrantBlockableEventLoop.doRunTask(ReentrantBlockableEventLoop.java:24) ~[neoforge-21.1.219-minecraft-merged.jar%23191!/:?]
	at TRANSFORMER/minecraft@1.21.1/net.minecraft.util.thread.BlockableEventLoop.pollTask(BlockableEventLoop.java:122) ~[neoforge-21.1.219-minecraft-merged.jar%23191!/:?]
	at TRANSFORMER/minecraft@1.21.1/net.minecraft.util.thread.BlockableEventLoop.runAllTasks(BlockableEventLoop.java:111) ~[neoforge-21.1.219-minecraft-merged.jar%23191!/:?]
	at TRANSFORMER/minecraft@1.21.1/net.minecraft.client.Minecraft.runTick(Minecraft.java:1161) ~[neoforge-21.1.219-minecraft-merged.jar%23191!/:?]
	at TRANSFORMER/minecraft@1.21.1/net.minecraft.client.Minecraft.run(Minecraft.java:813) ~[neoforge-21.1.219-minecraft-merged.jar%23191!/:?]
	at TRANSFORMER/minecraft@1.21.1/net.minecraft.client.main.Main.main(Main.java:230) ~[neoforge-21.1.219-minecraft-merged.jar%23191!/:?]
	at java.base/jdk.internal.reflect.DirectMethodHandleAccessor.invoke(DirectMethodHandleAccessor.java:103) ~[?:?]
	at java.base/java.lang.reflect.Method.invoke(Method.java:580) ~[?:?]
	at MC-BOOTSTRAP/fml_loader@4.0.42/net.neoforged.fml.loading.targets.CommonLaunchHandler.runTarget(CommonLaunchHandler.java:136) ~[loader-4.0.42.jar%23146!/:4.0]
	at MC-BOOTSTRAP/fml_loader@4.0.42/net.neoforged.fml.loading.targets.CommonLaunchHandler.clientService(CommonLaunchHandler.java:124) ~[loader-4.0.42.jar%23146!/:4.0]
	at MC-BOOTSTRAP/fml_loader@4.0.42/net.neoforged.fml.loading.targets.NeoForgeClientDevLaunchHandler.runService(NeoForgeClientDevLaunchHandler.java:23) ~[loader-4.0.42.jar%23146!/:4.0]
	at MC-BOOTSTRAP/fml_loader@4.0.42/net.neoforged.fml.loading.targets.CommonLaunchHandler.lambda$launchService$4(CommonLaunchHandler.java:118) ~[loader-4.0.42.jar%23146!/:4.0]
	at MC-BOOTSTRAP/cpw.mods.modlauncher@11.0.5/cpw.mods.modlauncher.LaunchServiceHandlerDecorator.launch(LaunchServiceHandlerDecorator.java:30) [modlauncher-11.0.5.jar%23128!/:?]
	at MC-BOOTSTRAP/cpw.mods.modlauncher@11.0.5/cpw.mods.modlauncher.LaunchServiceHandler.launch(LaunchServiceHandler.java:53) [modlauncher-11.0.5.jar%23128!/:?]
	at MC-BOOTSTRAP/cpw.mods.modlauncher@11.0.5/cpw.mods.modlauncher.LaunchServiceHandler.launch(LaunchServiceHandler.java:71) [modlauncher-11.0.5.jar%23128!/:?]
	at MC-BOOTSTRAP/cpw.mods.modlauncher@11.0.5/cpw.mods.modlauncher.Launcher.run(Launcher.java:103) [modlauncher-11.0.5.jar%23128!/:?]
	at MC-BOOTSTRAP/cpw.mods.modlauncher@11.0.5/cpw.mods.modlauncher.Launcher.main(Launcher.java:74) [modlauncher-11.0.5.jar%23128!/:?]
	at MC-BOOTSTRAP/cpw.mods.modlauncher@11.0.5/cpw.mods.modlauncher.BootstrapLaunchConsumer.accept(BootstrapLaunchConsumer.java:26) [modlauncher-11.0.5.jar%23128!/:?]
	at MC-BOOTSTRAP/cpw.mods.modlauncher@11.0.5/cpw.mods.modlauncher.BootstrapLaunchConsumer.accept(BootstrapLaunchConsumer.java:23) [modlauncher-11.0.5.jar%23128!/:?]
	at cpw.mods.bootstraplauncher@2.0.2/cpw.mods.bootstraplauncher.BootstrapLauncher.run(BootstrapLauncher.java:210) [bootstraplauncher-2.0.2.jar:?]
	at cpw.mods.bootstraplauncher@2.0.2/cpw.mods.bootstraplauncher.BootstrapLauncher.main(BootstrapLauncher.java:69) [bootstraplauncher-2.0.2.jar:?]
	at java.base/jdk.internal.reflect.DirectMethodHandleAccessor.invoke(DirectMethodHandleAccessor.java:103) ~[?:?]
	at java.base/java.lang.reflect.Method.invoke(Method.java:580) ~[?:?]
	at DevLaunch@1.0.1/net.neoforged.devlaunch.Main.main(Main.java:55) [DevLaunch-1.0.1.jar:?]
[13Mar2026 19:33:24.989] [Render thread/WARN] [dev.kosmx.playerAnim.minecraftApi.PlayerAnimationRegistry/]: [WARNING FOR MOD DEVS] Animation player_animation/waving.json is in wrong directory: "player_animation", please place it in "player_animations".
[13Mar2026 19:33:24.995] [Render thread/INFO] [net.neoforged.neoforge.client.entity.animation.json.AnimationLoader/]: Loaded 0 entity animations
[13Mar2026 19:35:00.942] [Render thread/DEBUG] [net.neoforged.neoforge.network.DualStackUtils/]: Detected IPv6 address: "0:0:0:0:0:0:0:0"
[13Mar2026 19:35:02.455] [Render thread/DEBUG] [mixin/]: Mixing ReloadableServerResourcesMixin from balm.neoforge.mixins.json into net.minecraft.server.ReloadableServerResources
[13Mar2026 19:35:02.456] [Render thread/DEBUG] [mixin/]: Renaming synthetic method lambda$loadResources$0(Lnet/minecraft/server/ReloadableServerResources;)V to mdd6ddab$balm$lambda$loadResources$0$0 in balm.neoforge.mixins.json:ReloadableServerResourcesMixin from mod balm
[13Mar2026 19:35:02.457] [Render thread/DEBUG] [mixin/]: balm.neoforge.mixins.json:ReloadableServerResourcesMixin from mod balm->@Inject::loadResources(Lnet/minecraft/server/packs/resources/ResourceManager;Lnet/minecraft/core/LayeredRegistryAccess;Lnet/minecraft/world/flag/FeatureFlagSet;Lnet/minecraft/commands/Commands$CommandSelection;ILjava/util/concurrent/Executor;Ljava/util/concurrent/Executor;Lorg/spongepowered/asm/mixin/injection/callback/CallbackInfoReturnable;)V does use it's CallbackInfoReturnable
[13Mar2026 19:35:02.460] [Render thread/DEBUG] [mixin/]: Mixing WorldLoaderMixin from moonlight-common.mixins.json into net.minecraft.server.WorldLoader
[13Mar2026 19:35:02.460] [Render thread/DEBUG] [mixin/]: moonlight-common.mixins.json:WorldLoaderMixin from mod moonlight: Class version 65 required is higher than the class version supported by the current version of Mixin (JAVA_17 supports class version 61)
[13Mar2026 19:35:02.462] [Render thread/DEBUG] [mixin/]: moonlight-common.mixins.json:WorldLoaderMixin from mod moonlight->@Inject::moonlight$serverDynamicPackEarlyReload(Lnet/minecraft/server/WorldLoader$InitConfig;Lnet/minecraft/server/WorldLoader$WorldDataSupplier;Lnet/minecraft/server/WorldLoader$ResultFactory;Ljava/util/concurrent/Executor;Ljava/util/concurrent/Executor;Lorg/spongepowered/asm/mixin/injection/callback/CallbackInfoReturnable;)V doesn't use it's CallbackInfoReturnable
[13Mar2026 19:35:03.563] [Render thread/ERROR] [net.minecraft.world.item.crafting.RecipeManager/]: Parsing error loading recipe create:mixing/astrinium_ingot
com.google.gson.JsonParseException: Unknown registry key in ResourceKey[minecraft:root / minecraft:recipe_serializer]: create:mixing
	at MC-BOOTSTRAP/datafixerupper@8.0.16/com.mojang.serialization.DataResult$Error.getOrThrow(DataResult.java:287) ~[datafixerupper-8.0.16.jar%23121!/:?]
	at TRANSFORMER/minecraft@1.21.1/net.minecraft.world.item.crafting.RecipeManager.apply(RecipeManager.java:60) ~[neoforge-21.1.219-minecraft-merged.jar%23191!/:?]
	at TRANSFORMER/minecraft@1.21.1/net.minecraft.world.item.crafting.RecipeManager.apply(RecipeManager.java:36) ~[neoforge-21.1.219-minecraft-merged.jar%23191!/:?]
	at TRANSFORMER/minecraft@1.21.1/net.minecraft.server.packs.resources.SimplePreparableReloadListener.lambda$reload$1(SimplePreparableReloadListener.java:19) ~[neoforge-21.1.219-minecraft-merged.jar%23191!/:?]
	at java.base/java.util.concurrent.CompletableFuture$UniAccept.tryFire$$$capture(CompletableFuture.java:718) ~[?:?]
	at java.base/java.util.concurrent.CompletableFuture$UniAccept.tryFire(CompletableFuture.java) ~[?:?]
	at java.base/java.util.concurrent.CompletableFuture$Completion.run(CompletableFuture.java:482) ~[?:?]
	at TRANSFORMER/minecraft@1.21.1/net.minecraft.server.packs.resources.SimpleReloadInstance.lambda$new$3(SimpleReloadInstance.java:86) ~[neoforge-21.1.219-minecraft-merged.jar%23191!/:?]
	at TRANSFORMER/minecraft@1.21.1/net.minecraft.util.thread.BlockableEventLoop.doRunTask(BlockableEventLoop.java:151) ~[neoforge-21.1.219-minecraft-merged.jar%23191!/:?]
	at TRANSFORMER/minecraft@1.21.1/net.minecraft.util.thread.ReentrantBlockableEventLoop.doRunTask(ReentrantBlockableEventLoop.java:24) ~[neoforge-21.1.219-minecraft-merged.jar%23191!/:?]
	at TRANSFORMER/minecraft@1.21.1/net.minecraft.util.thread.BlockableEventLoop.pollTask(BlockableEventLoop.java:122) ~[neoforge-21.1.219-minecraft-merged.jar%23191!/:?]
	at TRANSFORMER/minecraft@1.21.1/net.minecraft.util.thread.BlockableEventLoop.managedBlock(BlockableEventLoop.java:135) ~[neoforge-21.1.219-minecraft-merged.jar%23191!/:?]
	at TRANSFORMER/minecraft@1.21.1/net.minecraft.client.gui.screens.worldselection.WorldOpenFlows.loadWorldDataBlocking(WorldOpenFlows.java:201) ~[neoforge-21.1.219-minecraft-merged.jar%23191!/:?]
	at TRANSFORMER/minecraft@1.21.1/net.minecraft.client.gui.screens.worldselection.WorldOpenFlows.loadWorldStem(WorldOpenFlows.java:142) ~[neoforge-21.1.219-minecraft-merged.jar%23191!/:?]
	at TRANSFORMER/minecraft@1.21.1/net.minecraft.client.gui.screens.worldselection.WorldOpenFlows.openWorldLoadLevelStem(WorldOpenFlows.java:346) ~[neoforge-21.1.219-minecraft-merged.jar%23191!/:?]
	at TRANSFORMER/minecraft@1.21.1/net.minecraft.client.gui.screens.worldselection.WorldOpenFlows.openWorldCheckVersionCompatibility(WorldOpenFlows.java:335) ~[neoforge-21.1.219-minecraft-merged.jar%23191!/:?]
	at TRANSFORMER/minecraft@1.21.1/net.minecraft.client.gui.screens.worldselection.WorldOpenFlows.openWorldLoadLevelData(WorldOpenFlows.java:297) ~[neoforge-21.1.219-minecraft-merged.jar%23191!/:?]
	at TRANSFORMER/minecraft@1.21.1/net.minecraft.client.gui.screens.worldselection.WorldOpenFlows.openWorld(WorldOpenFlows.java:261) ~[neoforge-21.1.219-minecraft-merged.jar%23191!/:?]
	at TRANSFORMER/minecraft@1.21.1/net.minecraft.client.gui.screens.worldselection.WorldSelectionList$WorldListEntry.joinWorld(WorldSelectionList.java:516) ~[neoforge-21.1.219-minecraft-merged.jar%23191!/:?]
	at TRANSFORMER/minecraft@1.21.1/net.minecraft.client.gui.screens.worldselection.WorldSelectionList$WorldListEntry.mouseClicked(WorldSelectionList.java:499) ~[neoforge-21.1.219-minecraft-merged.jar%23191!/:?]
	at TRANSFORMER/minecraft@1.21.1/net.minecraft.client.gui.components.AbstractSelectionList.mouseClicked(AbstractSelectionList.java:303) ~[neoforge-21.1.219-minecraft-merged.jar%23191!/:?]
	at TRANSFORMER/minecraft@1.21.1/net.minecraft.client.gui.components.events.ContainerEventHandler.mouseClicked(ContainerEventHandler.java:52) ~[neoforge-21.1.219-minecraft-merged.jar%23191!/:?]
	at TRANSFORMER/minecraft@1.21.1/net.minecraft.client.MouseHandler.lambda$onPress$0(MouseHandler.java:103) ~[neoforge-21.1.219-minecraft-merged.jar%23191!/:?]
	at TRANSFORMER/minecraft@1.21.1/net.minecraft.client.gui.screens.Screen.wrapScreenError(Screen.java:471) ~[neoforge-21.1.219-minecraft-merged.jar%23191!/:?]
	at TRANSFORMER/minecraft@1.21.1/net.minecraft.client.MouseHandler.onPress(MouseHandler.java:100) ~[neoforge-21.1.219-minecraft-merged.jar%23191!/:?]
	at TRANSFORMER/minecraft@1.21.1/net.minecraft.client.MouseHandler.lambda$setup$4(MouseHandler.java:212) ~[neoforge-21.1.219-minecraft-merged.jar%23191!/:?]
	at TRANSFORMER/minecraft@1.21.1/net.minecraft.util.thread.BlockableEventLoop.execute(BlockableEventLoop.java:98) ~[neoforge-21.1.219-minecraft-merged.jar%23191!/:?]
	at TRANSFORMER/minecraft@1.21.1/net.minecraft.client.MouseHandler.lambda$setup$5(MouseHandler.java:212) ~[neoforge-21.1.219-minecraft-merged.jar%23191!/:?]
	at MC-BOOTSTRAP/org.lwjgl.glfw@3.3.3+5/org.lwjgl.glfw.GLFWMouseButtonCallbackI.callback(GLFWMouseButtonCallbackI.java:43) ~[lwjgl-glfw-3.3.3.jar%23172!/:build 5]
	at MC-BOOTSTRAP/org.lwjgl@3.3.3+5/org.lwjgl.system.JNI.invokeV(Native Method) ~[lwjgl-3.3.3.jar%23183!/:build 5]
	at MC-BOOTSTRAP/org.lwjgl.glfw@3.3.3+5/org.lwjgl.glfw.GLFW.glfwWaitEventsTimeout(GLFW.java:3509) ~[lwjgl-glfw-3.3.3.jar%23172!/:build 5]
	at TRANSFORMER/minecraft@1.21.1/com.mojang.blaze3d.systems.RenderSystem.limitDisplayFPS(RenderSystem.java:162) ~[neoforge-21.1.219-minecraft-merged.jar%23191!/:?]
	at TRANSFORMER/minecraft@1.21.1/net.minecraft.client.Minecraft.runTick(Minecraft.java:1226) ~[neoforge-21.1.219-minecraft-merged.jar%23191!/:?]
	at TRANSFORMER/minecraft@1.21.1/net.minecraft.client.Minecraft.run(Minecraft.java:813) ~[neoforge-21.1.219-minecraft-merged.jar%23191!/:?]
	at TRANSFORMER/minecraft@1.21.1/net.minecraft.client.main.Main.main(Main.java:230) ~[neoforge-21.1.219-minecraft-merged.jar%23191!/:?]
	at java.base/jdk.internal.reflect.DirectMethodHandleAccessor.invoke(DirectMethodHandleAccessor.java:103) ~[?:?]
	at java.base/java.lang.reflect.Method.invoke(Method.java:580) ~[?:?]
	at MC-BOOTSTRAP/fml_loader@4.0.42/net.neoforged.fml.loading.targets.CommonLaunchHandler.runTarget(CommonLaunchHandler.java:136) ~[loader-4.0.42.jar%23146!/:4.0]
	at MC-BOOTSTRAP/fml_loader@4.0.42/net.neoforged.fml.loading.targets.CommonLaunchHandler.clientService(CommonLaunchHandler.java:124) ~[loader-4.0.42.jar%23146!/:4.0]
	at MC-BOOTSTRAP/fml_loader@4.0.42/net.neoforged.fml.loading.targets.NeoForgeClientDevLaunchHandler.runService(NeoForgeClientDevLaunchHandler.java:23) ~[loader-4.0.42.jar%23146!/:4.0]
	at MC-BOOTSTRAP/fml_loader@4.0.42/net.neoforged.fml.loading.targets.CommonLaunchHandler.lambda$launchService$4(CommonLaunchHandler.java:118) ~[loader-4.0.42.jar%23146!/:4.0]
	at MC-BOOTSTRAP/cpw.mods.modlauncher@11.0.5/cpw.mods.modlauncher.LaunchServiceHandlerDecorator.launch(LaunchServiceHandlerDecorator.java:30) [modlauncher-11.0.5.jar%23128!/:?]
	at MC-BOOTSTRAP/cpw.mods.modlauncher@11.0.5/cpw.mods.modlauncher.LaunchServiceHandler.launch(LaunchServiceHandler.java:53) [modlauncher-11.0.5.jar%23128!/:?]
	at MC-BOOTSTRAP/cpw.mods.modlauncher@11.0.5/cpw.mods.modlauncher.LaunchServiceHandler.launch(LaunchServiceHandler.java:71) [modlauncher-11.0.5.jar%23128!/:?]
	at MC-BOOTSTRAP/cpw.mods.modlauncher@11.0.5/cpw.mods.modlauncher.Launcher.run(Launcher.java:103) [modlauncher-11.0.5.jar%23128!/:?]
	at MC-BOOTSTRAP/cpw.mods.modlauncher@11.0.5/cpw.mods.modlauncher.Launcher.main(Launcher.java:74) [modlauncher-11.0.5.jar%23128!/:?]
	at MC-BOOTSTRAP/cpw.mods.modlauncher@11.0.5/cpw.mods.modlauncher.BootstrapLaunchConsumer.accept(BootstrapLaunchConsumer.java:26) [modlauncher-11.0.5.jar%23128!/:?]
	at MC-BOOTSTRAP/cpw.mods.modlauncher@11.0.5/cpw.mods.modlauncher.BootstrapLaunchConsumer.accept(BootstrapLaunchConsumer.java:23) [modlauncher-11.0.5.jar%23128!/:?]
	at cpw.mods.bootstraplauncher@2.0.2/cpw.mods.bootstraplauncher.BootstrapLauncher.run(BootstrapLauncher.java:210) [bootstraplauncher-2.0.2.jar:?]
	at cpw.mods.bootstraplauncher@2.0.2/cpw.mods.bootstraplauncher.BootstrapLauncher.main(BootstrapLauncher.java:69) [bootstraplauncher-2.0.2.jar:?]
	at java.base/jdk.internal.reflect.DirectMethodHandleAccessor.invoke(DirectMethodHandleAccessor.java:103) ~[?:?]
	at java.base/java.lang.reflect.Method.invoke(Method.java:580) ~[?:?]
	at DevLaunch@1.0.1/net.neoforged.devlaunch.Main.main(Main.java:55) [DevLaunch-1.0.1.jar:?]
[13Mar2026 19:35:03.566] [Render thread/ERROR] [net.minecraft.world.item.crafting.RecipeManager/]: Parsing error loading recipe create:mixing/augment_hyper_core
com.google.gson.JsonParseException: Unknown registry key in ResourceKey[minecraft:root / minecraft:recipe_serializer]: create:mixing
	at MC-BOOTSTRAP/datafixerupper@8.0.16/com.mojang.serialization.DataResult$Error.getOrThrow(DataResult.java:287) ~[datafixerupper-8.0.16.jar%23121!/:?]
	at TRANSFORMER/minecraft@1.21.1/net.minecraft.world.item.crafting.RecipeManager.apply(RecipeManager.java:60) ~[neoforge-21.1.219-minecraft-merged.jar%23191!/:?]
	at TRANSFORMER/minecraft@1.21.1/net.minecraft.world.item.crafting.RecipeManager.apply(RecipeManager.java:36) ~[neoforge-21.1.219-minecraft-merged.jar%23191!/:?]
	at TRANSFORMER/minecraft@1.21.1/net.minecraft.server.packs.resources.SimplePreparableReloadListener.lambda$reload$1(SimplePreparableReloadListener.java:19) ~[neoforge-21.1.219-minecraft-merged.jar%23191!/:?]
	at java.base/java.util.concurrent.CompletableFuture$UniAccept.tryFire$$$capture(CompletableFuture.java:718) ~[?:?]
	at java.base/java.util.concurrent.CompletableFuture$UniAccept.tryFire(CompletableFuture.java) ~[?:?]
	at java.base/java.util.concurrent.CompletableFuture$Completion.run(CompletableFuture.java:482) ~[?:?]
	at TRANSFORMER/minecraft@1.21.1/net.minecraft.server.packs.resources.SimpleReloadInstance.lambda$new$3(SimpleReloadInstance.java:86) ~[neoforge-21.1.219-minecraft-merged.jar%23191!/:?]
	at TRANSFORMER/minecraft@1.21.1/net.minecraft.util.thread.BlockableEventLoop.doRunTask(BlockableEventLoop.java:151) ~[neoforge-21.1.219-minecraft-merged.jar%23191!/:?]
	at TRANSFORMER/minecraft@1.21.1/net.minecraft.util.thread.ReentrantBlockableEventLoop.doRunTask(ReentrantBlockableEventLoop.java:24) ~[neoforge-21.1.219-minecraft-merged.jar%23191!/:?]
	at TRANSFORMER/minecraft@1.21.1/net.minecraft.util.thread.BlockableEventLoop.pollTask(BlockableEventLoop.java:122) ~[neoforge-21.1.219-minecraft-merged.jar%23191!/:?]
	at TRANSFORMER/minecraft@1.21.1/net.minecraft.util.thread.BlockableEventLoop.managedBlock(BlockableEventLoop.java:135) ~[neoforge-21.1.219-minecraft-merged.jar%23191!/:?]
	at TRANSFORMER/minecraft@1.21.1/net.minecraft.client.gui.screens.worldselection.WorldOpenFlows.loadWorldDataBlocking(WorldOpenFlows.java:201) ~[neoforge-21.1.219-minecraft-merged.jar%23191!/:?]
	at TRANSFORMER/minecraft@1.21.1/net.minecraft.client.gui.screens.worldselection.WorldOpenFlows.loadWorldStem(WorldOpenFlows.java:142) ~[neoforge-21.1.219-minecraft-merged.jar%23191!/:?]
	at TRANSFORMER/minecraft@1.21.1/net.minecraft.client.gui.screens.worldselection.WorldOpenFlows.openWorldLoadLevelStem(WorldOpenFlows.java:346) ~[neoforge-21.1.219-minecraft-merged.jar%23191!/:?]
	at TRANSFORMER/minecraft@1.21.1/net.minecraft.client.gui.screens.worldselection.WorldOpenFlows.openWorldCheckVersionCompatibility(WorldOpenFlows.java:335) ~[neoforge-21.1.219-minecraft-merged.jar%23191!/:?]
	at TRANSFORMER/minecraft@1.21.1/net.minecraft.client.gui.screens.worldselection.WorldOpenFlows.openWorldLoadLevelData(WorldOpenFlows.java:297) ~[neoforge-21.1.219-minecraft-merged.jar%23191!/:?]
	at TRANSFORMER/minecraft@1.21.1/net.minecraft.client.gui.screens.worldselection.WorldOpenFlows.openWorld(WorldOpenFlows.java:261) ~[neoforge-21.1.219-minecraft-merged.jar%23191!/:?]
	at TRANSFORMER/minecraft@1.21.1/net.minecraft.client.gui.screens.worldselection.WorldSelectionList$WorldListEntry.joinWorld(WorldSelectionList.java:516) ~[neoforge-21.1.219-minecraft-merged.jar%23191!/:?]
	at TRANSFORMER/minecraft@1.21.1/net.minecraft.client.gui.screens.worldselection.WorldSelectionList$WorldListEntry.mouseClicked(WorldSelectionList.java:499) ~[neoforge-21.1.219-minecraft-merged.jar%23191!/:?]
	at TRANSFORMER/minecraft@1.21.1/net.minecraft.client.gui.components.AbstractSelectionList.mouseClicked(AbstractSelectionList.java:303) ~[neoforge-21.1.219-minecraft-merged.jar%23191!/:?]
	at TRANSFORMER/minecraft@1.21.1/net.minecraft.client.gui.components.events.ContainerEventHandler.mouseClicked(ContainerEventHandler.java:52) ~[neoforge-21.1.219-minecraft-merged.jar%23191!/:?]
	at TRANSFORMER/minecraft@1.21.1/net.minecraft.client.MouseHandler.lambda$onPress$0(MouseHandler.java:103) ~[neoforge-21.1.219-minecraft-merged.jar%23191!/:?]
	at TRANSFORMER/minecraft@1.21.1/net.minecraft.client.gui.screens.Screen.wrapScreenError(Screen.java:471) ~[neoforge-21.1.219-minecraft-merged.jar%23191!/:?]
	at TRANSFORMER/minecraft@1.21.1/net.minecraft.client.MouseHandler.onPress(MouseHandler.java:100) ~[neoforge-21.1.219-minecraft-merged.jar%23191!/:?]
	at TRANSFORMER/minecraft@1.21.1/net.minecraft.client.MouseHandler.lambda$setup$4(MouseHandler.java:212) ~[neoforge-21.1.219-minecraft-merged.jar%23191!/:?]
	at TRANSFORMER/minecraft@1.21.1/net.minecraft.util.thread.BlockableEventLoop.execute(BlockableEventLoop.java:98) ~[neoforge-21.1.219-minecraft-merged.jar%23191!/:?]
	at TRANSFORMER/minecraft@1.21.1/net.minecraft.client.MouseHandler.lambda$setup$5(MouseHandler.java:212) ~[neoforge-21.1.219-minecraft-merged.jar%23191!/:?]
	at MC-BOOTSTRAP/org.lwjgl.glfw@3.3.3+5/org.lwjgl.glfw.GLFWMouseButtonCallbackI.callback(GLFWMouseButtonCallbackI.java:43) ~[lwjgl-glfw-3.3.3.jar%23172!/:build 5]
	at MC-BOOTSTRAP/org.lwjgl@3.3.3+5/org.lwjgl.system.JNI.invokeV(Native Method) ~[lwjgl-3.3.3.jar%23183!/:build 5]
	at MC-BOOTSTRAP/org.lwjgl.glfw@3.3.3+5/org.lwjgl.glfw.GLFW.glfwWaitEventsTimeout(GLFW.java:3509) ~[lwjgl-glfw-3.3.3.jar%23172!/:build 5]
	at TRANSFORMER/minecraft@1.21.1/com.mojang.blaze3d.systems.RenderSystem.limitDisplayFPS(RenderSystem.java:162) ~[neoforge-21.1.219-minecraft-merged.jar%23191!/:?]
	at TRANSFORMER/minecraft@1.21.1/net.minecraft.client.Minecraft.runTick(Minecraft.java:1226) ~[neoforge-21.1.219-minecraft-merged.jar%23191!/:?]
	at TRANSFORMER/minecraft@1.21.1/net.minecraft.client.Minecraft.run(Minecraft.java:813) ~[neoforge-21.1.219-minecraft-merged.jar%23191!/:?]
	at TRANSFORMER/minecraft@1.21.1/net.minecraft.client.main.Main.main(Main.java:230) ~[neoforge-21.1.219-minecraft-merged.jar%23191!/:?]
	at java.base/jdk.internal.reflect.DirectMethodHandleAccessor.invoke(DirectMethodHandleAccessor.java:103) ~[?:?]
	at java.base/java.lang.reflect.Method.invoke(Method.java:580) ~[?:?]
	at MC-BOOTSTRAP/fml_loader@4.0.42/net.neoforged.fml.loading.targets.CommonLaunchHandler.runTarget(CommonLaunchHandler.java:136) ~[loader-4.0.42.jar%23146!/:4.0]
	at MC-BOOTSTRAP/fml_loader@4.0.42/net.neoforged.fml.loading.targets.CommonLaunchHandler.clientService(CommonLaunchHandler.java:124) ~[loader-4.0.42.jar%23146!/:4.0]
	at MC-BOOTSTRAP/fml_loader@4.0.42/net.neoforged.fml.loading.targets.NeoForgeClientDevLaunchHandler.runService(NeoForgeClientDevLaunchHandler.java:23) ~[loader-4.0.42.jar%23146!/:4.0]
	at MC-BOOTSTRAP/fml_loader@4.0.42/net.neoforged.fml.loading.targets.CommonLaunchHandler.lambda$launchService$4(CommonLaunchHandler.java:118) ~[loader-4.0.42.jar%23146!/:4.0]
	at MC-BOOTSTRAP/cpw.mods.modlauncher@11.0.5/cpw.mods.modlauncher.LaunchServiceHandlerDecorator.launch(LaunchServiceHandlerDecorator.java:30) [modlauncher-11.0.5.jar%23128!/:?]
	at MC-BOOTSTRAP/cpw.mods.modlauncher@11.0.5/cpw.mods.modlauncher.LaunchServiceHandler.launch(LaunchServiceHandler.java:53) [modlauncher-11.0.5.jar%23128!/:?]
	at MC-BOOTSTRAP/cpw.mods.modlauncher@11.0.5/cpw.mods.modlauncher.LaunchServiceHandler.launch(LaunchServiceHandler.java:71) [modlauncher-11.0.5.jar%23128!/:?]
	at MC-BOOTSTRAP/cpw.mods.modlauncher@11.0.5/cpw.mods.modlauncher.Launcher.run(Launcher.java:103) [modlauncher-11.0.5.jar%23128!/:?]
	at MC-BOOTSTRAP/cpw.mods.modlauncher@11.0.5/cpw.mods.modlauncher.Launcher.main(Launcher.java:74) [modlauncher-11.0.5.jar%23128!/:?]
	at MC-BOOTSTRAP/cpw.mods.modlauncher@11.0.5/cpw.mods.modlauncher.BootstrapLaunchConsumer.accept(BootstrapLaunchConsumer.java:26) [modlauncher-11.0.5.jar%23128!/:?]
	at MC-BOOTSTRAP/cpw.mods.modlauncher@11.0.5/cpw.mods.modlauncher.BootstrapLaunchConsumer.accept(BootstrapLaunchConsumer.java:23) [modlauncher-11.0.5.jar%23128!/:?]
	at cpw.mods.bootstraplauncher@2.0.2/cpw.mods.bootstraplauncher.BootstrapLauncher.run(BootstrapLauncher.java:210) [bootstraplauncher-2.0.2.jar:?]
	at cpw.mods.bootstraplauncher@2.0.2/cpw.mods.bootstraplauncher.BootstrapLauncher.main(BootstrapLauncher.java:69) [bootstraplauncher-2.0.2.jar:?]
	at java.base/jdk.internal.reflect.DirectMethodHandleAccessor.invoke(DirectMethodHandleAccessor.java:103) ~[?:?]
	at java.base/java.lang.reflect.Method.invoke(Method.java:580) ~[?:?]
	at DevLaunch@1.0.1/net.neoforged.devlaunch.Main.main(Main.java:55) [DevLaunch-1.0.1.jar:?]
[13Mar2026 19:35:03.574] [Render thread/ERROR] [net.minecraft.world.item.crafting.RecipeManager/]: Parsing error loading recipe create:compacting/divinity_paxel
com.google.gson.JsonParseException: Unknown registry key in ResourceKey[minecraft:root / minecraft:recipe_serializer]: create:compacting
	at MC-BOOTSTRAP/datafixerupper@8.0.16/com.mojang.serialization.DataResult$Error.getOrThrow(DataResult.java:287) ~[datafixerupper-8.0.16.jar%23121!/:?]
	at TRANSFORMER/minecraft@1.21.1/net.minecraft.world.item.crafting.RecipeManager.apply(RecipeManager.java:60) ~[neoforge-21.1.219-minecraft-merged.jar%23191!/:?]
	at TRANSFORMER/minecraft@1.21.1/net.minecraft.world.item.crafting.RecipeManager.apply(RecipeManager.java:36) ~[neoforge-21.1.219-minecraft-merged.jar%23191!/:?]
	at TRANSFORMER/minecraft@1.21.1/net.minecraft.server.packs.resources.SimplePreparableReloadListener.lambda$reload$1(SimplePreparableReloadListener.java:19) ~[neoforge-21.1.219-minecraft-merged.jar%23191!/:?]
	at java.base/java.util.concurrent.CompletableFuture$UniAccept.tryFire$$$capture(CompletableFuture.java:718) ~[?:?]
	at java.base/java.util.concurrent.CompletableFuture$UniAccept.tryFire(CompletableFuture.java) ~[?:?]
	at java.base/java.util.concurrent.CompletableFuture$Completion.run(CompletableFuture.java:482) ~[?:?]
	at TRANSFORMER/minecraft@1.21.1/net.minecraft.server.packs.resources.SimpleReloadInstance.lambda$new$3(SimpleReloadInstance.java:86) ~[neoforge-21.1.219-minecraft-merged.jar%23191!/:?]
	at TRANSFORMER/minecraft@1.21.1/net.minecraft.util.thread.BlockableEventLoop.doRunTask(BlockableEventLoop.java:151) ~[neoforge-21.1.219-minecraft-merged.jar%23191!/:?]
	at TRANSFORMER/minecraft@1.21.1/net.minecraft.util.thread.ReentrantBlockableEventLoop.doRunTask(ReentrantBlockableEventLoop.java:24) ~[neoforge-21.1.219-minecraft-merged.jar%23191!/:?]
	at TRANSFORMER/minecraft@1.21.1/net.minecraft.util.thread.BlockableEventLoop.pollTask(BlockableEventLoop.java:122) ~[neoforge-21.1.219-minecraft-merged.jar%23191!/:?]
	at TRANSFORMER/minecraft@1.21.1/net.minecraft.util.thread.BlockableEventLoop.managedBlock(BlockableEventLoop.java:135) ~[neoforge-21.1.219-minecraft-merged.jar%23191!/:?]
	at TRANSFORMER/minecraft@1.21.1/net.minecraft.client.gui.screens.worldselection.WorldOpenFlows.loadWorldDataBlocking(WorldOpenFlows.java:201) ~[neoforge-21.1.219-minecraft-merged.jar%23191!/:?]
	at TRANSFORMER/minecraft@1.21.1/net.minecraft.client.gui.screens.worldselection.WorldOpenFlows.loadWorldStem(WorldOpenFlows.java:142) ~[neoforge-21.1.219-minecraft-merged.jar%23191!/:?]
	at TRANSFORMER/minecraft@1.21.1/net.minecraft.client.gui.screens.worldselection.WorldOpenFlows.openWorldLoadLevelStem(WorldOpenFlows.java:346) ~[neoforge-21.1.219-minecraft-merged.jar%23191!/:?]
	at TRANSFORMER/minecraft@1.21.1/net.minecraft.client.gui.screens.worldselection.WorldOpenFlows.openWorldCheckVersionCompatibility(WorldOpenFlows.java:335) ~[neoforge-21.1.219-minecraft-merged.jar%23191!/:?]
	at TRANSFORMER/minecraft@1.21.1/net.minecraft.client.gui.screens.worldselection.WorldOpenFlows.openWorldLoadLevelData(WorldOpenFlows.java:297) ~[neoforge-21.1.219-minecraft-merged.jar%23191!/:?]
	at TRANSFORMER/minecraft@1.21.1/net.minecraft.client.gui.screens.worldselection.WorldOpenFlows.openWorld(WorldOpenFlows.java:261) ~[neoforge-21.1.219-minecraft-merged.jar%23191!/:?]
	at TRANSFORMER/minecraft@1.21.1/net.minecraft.client.gui.screens.worldselection.WorldSelectionList$WorldListEntry.joinWorld(WorldSelectionList.java:516) ~[neoforge-21.1.219-minecraft-merged.jar%23191!/:?]
	at TRANSFORMER/minecraft@1.21.1/net.minecraft.client.gui.screens.worldselection.WorldSelectionList$WorldListEntry.mouseClicked(WorldSelectionList.java:499) ~[neoforge-21.1.219-minecraft-merged.jar%23191!/:?]
	at TRANSFORMER/minecraft@1.21.1/net.minecraft.client.gui.components.AbstractSelectionList.mouseClicked(AbstractSelectionList.java:303) ~[neoforge-21.1.219-minecraft-merged.jar%23191!/:?]
	at TRANSFORMER/minecraft@1.21.1/net.minecraft.client.gui.components.events.ContainerEventHandler.mouseClicked(ContainerEventHandler.java:52) ~[neoforge-21.1.219-minecraft-merged.jar%23191!/:?]
	at TRANSFORMER/minecraft@1.21.1/net.minecraft.client.MouseHandler.lambda$onPress$0(MouseHandler.java:103) ~[neoforge-21.1.219-minecraft-merged.jar%23191!/:?]
	at TRANSFORMER/minecraft@1.21.1/net.minecraft.client.gui.screens.Screen.wrapScreenError(Screen.java:471) ~[neoforge-21.1.219-minecraft-merged.jar%23191!/:?]
	at TRANSFORMER/minecraft@1.21.1/net.minecraft.client.MouseHandler.onPress(MouseHandler.java:100) ~[neoforge-21.1.219-minecraft-merged.jar%23191!/:?]
	at TRANSFORMER/minecraft@1.21.1/net.minecraft.client.MouseHandler.lambda$setup$4(MouseHandler.java:212) ~[neoforge-21.1.219-minecraft-merged.jar%23191!/:?]
	at TRANSFORMER/minecraft@1.21.1/net.minecraft.util.thread.BlockableEventLoop.execute(BlockableEventLoop.java:98) ~[neoforge-21.1.219-minecraft-merged.jar%23191!/:?]
	at TRANSFORMER/minecraft@1.21.1/net.minecraft.client.MouseHandler.lambda$setup$5(MouseHandler.java:212) ~[neoforge-21.1.219-minecraft-merged.jar%23191!/:?]
	at MC-BOOTSTRAP/org.lwjgl.glfw@3.3.3+5/org.lwjgl.glfw.GLFWMouseButtonCallbackI.callback(GLFWMouseButtonCallbackI.java:43) ~[lwjgl-glfw-3.3.3.jar%23172!/:build 5]
	at MC-BOOTSTRAP/org.lwjgl@3.3.3+5/org.lwjgl.system.JNI.invokeV(Native Method) ~[lwjgl-3.3.3.jar%23183!/:build 5]
	at MC-BOOTSTRAP/org.lwjgl.glfw@3.3.3+5/org.lwjgl.glfw.GLFW.glfwWaitEventsTimeout(GLFW.java:3509) ~[lwjgl-glfw-3.3.3.jar%23172!/:build 5]
	at TRANSFORMER/minecraft@1.21.1/com.mojang.blaze3d.systems.RenderSystem.limitDisplayFPS(RenderSystem.java:162) ~[neoforge-21.1.219-minecraft-merged.jar%23191!/:?]
	at TRANSFORMER/minecraft@1.21.1/net.minecraft.client.Minecraft.runTick(Minecraft.java:1226) ~[neoforge-21.1.219-minecraft-merged.jar%23191!/:?]
	at TRANSFORMER/minecraft@1.21.1/net.minecraft.client.Minecraft.run(Minecraft.java:813) ~[neoforge-21.1.219-minecraft-merged.jar%23191!/:?]
	at TRANSFORMER/minecraft@1.21.1/net.minecraft.client.main.Main.main(Main.java:230) ~[neoforge-21.1.219-minecraft-merged.jar%23191!/:?]
	at java.base/jdk.internal.reflect.DirectMethodHandleAccessor.invoke(DirectMethodHandleAccessor.java:103) ~[?:?]
	at java.base/java.lang.reflect.Method.invoke(Method.java:580) ~[?:?]
	at MC-BOOTSTRAP/fml_loader@4.0.42/net.neoforged.fml.loading.targets.CommonLaunchHandler.runTarget(CommonLaunchHandler.java:136) ~[loader-4.0.42.jar%23146!/:4.0]
	at MC-BOOTSTRAP/fml_loader@4.0.42/net.neoforged.fml.loading.targets.CommonLaunchHandler.clientService(CommonLaunchHandler.java:124) ~[loader-4.0.42.jar%23146!/:4.0]
	at MC-BOOTSTRAP/fml_loader@4.0.42/net.neoforged.fml.loading.targets.NeoForgeClientDevLaunchHandler.runService(NeoForgeClientDevLaunchHandler.java:23) ~[loader-4.0.42.jar%23146!/:4.0]
	at MC-BOOTSTRAP/fml_loader@4.0.42/net.neoforged.fml.loading.targets.CommonLaunchHandler.lambda$launchService$4(CommonLaunchHandler.java:118) ~[loader-4.0.42.jar%23146!/:4.0]
	at MC-BOOTSTRAP/cpw.mods.modlauncher@11.0.5/cpw.mods.modlauncher.LaunchServiceHandlerDecorator.launch(LaunchServiceHandlerDecorator.java:30) [modlauncher-11.0.5.jar%23128!/:?]
	at MC-BOOTSTRAP/cpw.mods.modlauncher@11.0.5/cpw.mods.modlauncher.LaunchServiceHandler.launch(LaunchServiceHandler.java:53) [modlauncher-11.0.5.jar%23128!/:?]
	at MC-BOOTSTRAP/cpw.mods.modlauncher@11.0.5/cpw.mods.modlauncher.LaunchServiceHandler.launch(LaunchServiceHandler.java:71) [modlauncher-11.0.5.jar%23128!/:?]
	at MC-BOOTSTRAP/cpw.mods.modlauncher@11.0.5/cpw.mods.modlauncher.Launcher.run(Launcher.java:103) [modlauncher-11.0.5.jar%23128!/:?]
	at MC-BOOTSTRAP/cpw.mods.modlauncher@11.0.5/cpw.mods.modlauncher.Launcher.main(Launcher.java:74) [modlauncher-11.0.5.jar%23128!/:?]
	at MC-BOOTSTRAP/cpw.mods.modlauncher@11.0.5/cpw.mods.modlauncher.BootstrapLaunchConsumer.accept(BootstrapLaunchConsumer.java:26) [modlauncher-11.0.5.jar%23128!/:?]
	at MC-BOOTSTRAP/cpw.mods.modlauncher@11.0.5/cpw.mods.modlauncher.BootstrapLaunchConsumer.accept(BootstrapLaunchConsumer.java:23) [modlauncher-11.0.5.jar%23128!/:?]
	at cpw.mods.bootstraplauncher@2.0.2/cpw.mods.bootstraplauncher.BootstrapLauncher.run(BootstrapLauncher.java:210) [bootstraplauncher-2.0.2.jar:?]
	at cpw.mods.bootstraplauncher@2.0.2/cpw.mods.bootstraplauncher.BootstrapLauncher.main(BootstrapLauncher.java:69) [bootstraplauncher-2.0.2.jar:?]
	at java.base/jdk.internal.reflect.DirectMethodHandleAccessor.invoke(DirectMethodHandleAccessor.java:103) ~[?:?]
	at java.base/java.lang.reflect.Method.invoke(Method.java:580) ~[?:?]
	at DevLaunch@1.0.1/net.neoforged.devlaunch.Main.main(Main.java:55) [DevLaunch-1.0.1.jar:?]
[13Mar2026 19:35:03.593] [Render thread/ERROR] [net.minecraft.world.item.crafting.RecipeManager/]: Parsing error loading recipe create:sequenced_assembly/mystical_augmenter
com.google.gson.JsonParseException: Unknown registry key in ResourceKey[minecraft:root / minecraft:recipe_serializer]: create:sequenced_assembly
	at MC-BOOTSTRAP/datafixerupper@8.0.16/com.mojang.serialization.DataResult$Error.getOrThrow(DataResult.java:287) ~[datafixerupper-8.0.16.jar%23121!/:?]
	at TRANSFORMER/minecraft@1.21.1/net.minecraft.world.item.crafting.RecipeManager.apply(RecipeManager.java:60) ~[neoforge-21.1.219-minecraft-merged.jar%23191!/:?]
	at TRANSFORMER/minecraft@1.21.1/net.minecraft.world.item.crafting.RecipeManager.apply(RecipeManager.java:36) ~[neoforge-21.1.219-minecraft-merged.jar%23191!/:?]
	at TRANSFORMER/minecraft@1.21.1/net.minecraft.server.packs.resources.SimplePreparableReloadListener.lambda$reload$1(SimplePreparableReloadListener.java:19) ~[neoforge-21.1.219-minecraft-merged.jar%23191!/:?]
	at java.base/java.util.concurrent.CompletableFuture$UniAccept.tryFire$$$capture(CompletableFuture.java:718) ~[?:?]
	at java.base/java.util.concurrent.CompletableFuture$UniAccept.tryFire(CompletableFuture.java) ~[?:?]
	at java.base/java.util.concurrent.CompletableFuture$Completion.run(CompletableFuture.java:482) ~[?:?]
	at TRANSFORMER/minecraft@1.21.1/net.minecraft.server.packs.resources.SimpleReloadInstance.lambda$new$3(SimpleReloadInstance.java:86) ~[neoforge-21.1.219-minecraft-merged.jar%23191!/:?]
	at TRANSFORMER/minecraft@1.21.1/net.minecraft.util.thread.BlockableEventLoop.doRunTask(BlockableEventLoop.java:151) ~[neoforge-21.1.219-minecraft-merged.jar%23191!/:?]
	at TRANSFORMER/minecraft@1.21.1/net.minecraft.util.thread.ReentrantBlockableEventLoop.doRunTask(ReentrantBlockableEventLoop.java:24) ~[neoforge-21.1.219-minecraft-merged.jar%23191!/:?]
	at TRANSFORMER/minecraft@1.21.1/net.minecraft.util.thread.BlockableEventLoop.pollTask(BlockableEventLoop.java:122) ~[neoforge-21.1.219-minecraft-merged.jar%23191!/:?]
	at TRANSFORMER/minecraft@1.21.1/net.minecraft.util.thread.BlockableEventLoop.managedBlock(BlockableEventLoop.java:135) ~[neoforge-21.1.219-minecraft-merged.jar%23191!/:?]
	at TRANSFORMER/minecraft@1.21.1/net.minecraft.client.gui.screens.worldselection.WorldOpenFlows.loadWorldDataBlocking(WorldOpenFlows.java:201) ~[neoforge-21.1.219-minecraft-merged.jar%23191!/:?]
	at TRANSFORMER/minecraft@1.21.1/net.minecraft.client.gui.screens.worldselection.WorldOpenFlows.loadWorldStem(WorldOpenFlows.java:142) ~[neoforge-21.1.219-minecraft-merged.jar%23191!/:?]
	at TRANSFORMER/minecraft@1.21.1/net.minecraft.client.gui.screens.worldselection.WorldOpenFlows.openWorldLoadLevelStem(WorldOpenFlows.java:346) ~[neoforge-21.1.219-minecraft-merged.jar%23191!/:?]
	at TRANSFORMER/minecraft@1.21.1/net.minecraft.client.gui.screens.worldselection.WorldOpenFlows.openWorldCheckVersionCompatibility(WorldOpenFlows.java:335) ~[neoforge-21.1.219-minecraft-merged.jar%23191!/:?]
	at TRANSFORMER/minecraft@1.21.1/net.minecraft.client.gui.screens.worldselection.WorldOpenFlows.openWorldLoadLevelData(WorldOpenFlows.java:297) ~[neoforge-21.1.219-minecraft-merged.jar%23191!/:?]
	at TRANSFORMER/minecraft@1.21.1/net.minecraft.client.gui.screens.worldselection.WorldOpenFlows.openWorld(WorldOpenFlows.java:261) ~[neoforge-21.1.219-minecraft-merged.jar%23191!/:?]
	at TRANSFORMER/minecraft@1.21.1/net.minecraft.client.gui.screens.worldselection.WorldSelectionList$WorldListEntry.joinWorld(WorldSelectionList.java:516) ~[neoforge-21.1.219-minecraft-merged.jar%23191!/:?]
	at TRANSFORMER/minecraft@1.21.1/net.minecraft.client.gui.screens.worldselection.WorldSelectionList$WorldListEntry.mouseClicked(WorldSelectionList.java:499) ~[neoforge-21.1.219-minecraft-merged.jar%23191!/:?]
	at TRANSFORMER/minecraft@1.21.1/net.minecraft.client.gui.components.AbstractSelectionList.mouseClicked(AbstractSelectionList.java:303) ~[neoforge-21.1.219-minecraft-merged.jar%23191!/:?]
	at TRANSFORMER/minecraft@1.21.1/net.minecraft.client.gui.components.events.ContainerEventHandler.mouseClicked(ContainerEventHandler.java:52) ~[neoforge-21.1.219-minecraft-merged.jar%23191!/:?]
	at TRANSFORMER/minecraft@1.21.1/net.minecraft.client.MouseHandler.lambda$onPress$0(MouseHandler.java:103) ~[neoforge-21.1.219-minecraft-merged.jar%23191!/:?]
	at TRANSFORMER/minecraft@1.21.1/net.minecraft.client.gui.screens.Screen.wrapScreenError(Screen.java:471) ~[neoforge-21.1.219-minecraft-merged.jar%23191!/:?]
	at TRANSFORMER/minecraft@1.21.1/net.minecraft.client.MouseHandler.onPress(MouseHandler.java:100) ~[neoforge-21.1.219-minecraft-merged.jar%23191!/:?]
	at TRANSFORMER/minecraft@1.21.1/net.minecraft.client.MouseHandler.lambda$setup$4(MouseHandler.java:212) ~[neoforge-21.1.219-minecraft-merged.jar%23191!/:?]
	at TRANSFORMER/minecraft@1.21.1/net.minecraft.util.thread.BlockableEventLoop.execute(BlockableEventLoop.java:98) ~[neoforge-21.1.219-minecraft-merged.jar%23191!/:?]
	at TRANSFORMER/minecraft@1.21.1/net.minecraft.client.MouseHandler.lambda$setup$5(MouseHandler.java:212) ~[neoforge-21.1.219-minecraft-merged.jar%23191!/:?]
	at MC-BOOTSTRAP/org.lwjgl.glfw@3.3.3+5/org.lwjgl.glfw.GLFWMouseButtonCallbackI.callback(GLFWMouseButtonCallbackI.java:43) ~[lwjgl-glfw-3.3.3.jar%23172!/:build 5]
	at MC-BOOTSTRAP/org.lwjgl@3.3.3+5/org.lwjgl.system.JNI.invokeV(Native Method) ~[lwjgl-3.3.3.jar%23183!/:build 5]
	at MC-BOOTSTRAP/org.lwjgl.glfw@3.3.3+5/org.lwjgl.glfw.GLFW.glfwWaitEventsTimeout(GLFW.java:3509) ~[lwjgl-glfw-3.3.3.jar%23172!/:build 5]
	at TRANSFORMER/minecraft@1.21.1/com.mojang.blaze3d.systems.RenderSystem.limitDisplayFPS(RenderSystem.java:162) ~[neoforge-21.1.219-minecraft-merged.jar%23191!/:?]
	at TRANSFORMER/minecraft@1.21.1/net.minecraft.client.Minecraft.runTick(Minecraft.java:1226) ~[neoforge-21.1.219-minecraft-merged.jar%23191!/:?]
	at TRANSFORMER/minecraft@1.21.1/net.minecraft.client.Minecraft.run(Minecraft.java:813) ~[neoforge-21.1.219-minecraft-merged.jar%23191!/:?]
	at TRANSFORMER/minecraft@1.21.1/net.minecraft.client.main.Main.main(Main.java:230) ~[neoforge-21.1.219-minecraft-merged.jar%23191!/:?]
	at java.base/jdk.internal.reflect.DirectMethodHandleAccessor.invoke(DirectMethodHandleAccessor.java:103) ~[?:?]
	at java.base/java.lang.reflect.Method.invoke(Method.java:580) ~[?:?]
	at MC-BOOTSTRAP/fml_loader@4.0.42/net.neoforged.fml.loading.targets.CommonLaunchHandler.runTarget(CommonLaunchHandler.java:136) ~[loader-4.0.42.jar%23146!/:4.0]
	at MC-BOOTSTRAP/fml_loader@4.0.42/net.neoforged.fml.loading.targets.CommonLaunchHandler.clientService(CommonLaunchHandler.java:124) ~[loader-4.0.42.jar%23146!/:4.0]
	at MC-BOOTSTRAP/fml_loader@4.0.42/net.neoforged.fml.loading.targets.NeoForgeClientDevLaunchHandler.runService(NeoForgeClientDevLaunchHandler.java:23) ~[loader-4.0.42.jar%23146!/:4.0]
	at MC-BOOTSTRAP/fml_loader@4.0.42/net.neoforged.fml.loading.targets.CommonLaunchHandler.lambda$launchService$4(CommonLaunchHandler.java:118) ~[loader-4.0.42.jar%23146!/:4.0]
	at MC-BOOTSTRAP/cpw.mods.modlauncher@11.0.5/cpw.mods.modlauncher.LaunchServiceHandlerDecorator.launch(LaunchServiceHandlerDecorator.java:30) [modlauncher-11.0.5.jar%23128!/:?]
	at MC-BOOTSTRAP/cpw.mods.modlauncher@11.0.5/cpw.mods.modlauncher.LaunchServiceHandler.launch(LaunchServiceHandler.java:53) [modlauncher-11.0.5.jar%23128!/:?]
	at MC-BOOTSTRAP/cpw.mods.modlauncher@11.0.5/cpw.mods.modlauncher.LaunchServiceHandler.launch(LaunchServiceHandler.java:71) [modlauncher-11.0.5.jar%23128!/:?]
	at MC-BOOTSTRAP/cpw.mods.modlauncher@11.0.5/cpw.mods.modlauncher.Launcher.run(Launcher.java:103) [modlauncher-11.0.5.jar%23128!/:?]
	at MC-BOOTSTRAP/cpw.mods.modlauncher@11.0.5/cpw.mods.modlauncher.Launcher.main(Launcher.java:74) [modlauncher-11.0.5.jar%23128!/:?]
	at MC-BOOTSTRAP/cpw.mods.modlauncher@11.0.5/cpw.mods.modlauncher.BootstrapLaunchConsumer.accept(BootstrapLaunchConsumer.java:26) [modlauncher-11.0.5.jar%23128!/:?]
	at MC-BOOTSTRAP/cpw.mods.modlauncher@11.0.5/cpw.mods.modlauncher.BootstrapLaunchConsumer.accept(BootstrapLaunchConsumer.java:23) [modlauncher-11.0.5.jar%23128!/:?]
	at cpw.mods.bootstraplauncher@2.0.2/cpw.mods.bootstraplauncher.BootstrapLauncher.run(BootstrapLauncher.java:210) [bootstraplauncher-2.0.2.jar:?]
	at cpw.mods.bootstraplauncher@2.0.2/cpw.mods.bootstraplauncher.BootstrapLauncher.main(BootstrapLauncher.java:69) [bootstraplauncher-2.0.2.jar:?]
	at java.base/jdk.internal.reflect.DirectMethodHandleAccessor.invoke(DirectMethodHandleAccessor.java:103) ~[?:?]
	at java.base/java.lang.reflect.Method.invoke(Method.java:580) ~[?:?]
	at DevLaunch@1.0.1/net.neoforged.devlaunch.Main.main(Main.java:55) [DevLaunch-1.0.1.jar:?]
[13Mar2026 19:35:03.599] [Render thread/ERROR] [net.minecraft.world.item.crafting.RecipeManager/]: Parsing error loading recipe create:mixing/advanced_augment_core
com.google.gson.JsonParseException: Unknown registry key in ResourceKey[minecraft:root / minecraft:recipe_serializer]: create:mixing
	at MC-BOOTSTRAP/datafixerupper@8.0.16/com.mojang.serialization.DataResult$Error.getOrThrow(DataResult.java:287) ~[datafixerupper-8.0.16.jar%23121!/:?]
	at TRANSFORMER/minecraft@1.21.1/net.minecraft.world.item.crafting.RecipeManager.apply(RecipeManager.java:60) ~[neoforge-21.1.219-minecraft-merged.jar%23191!/:?]
	at TRANSFORMER/minecraft@1.21.1/net.minecraft.world.item.crafting.RecipeManager.apply(RecipeManager.java:36) ~[neoforge-21.1.219-minecraft-merged.jar%23191!/:?]
	at TRANSFORMER/minecraft@1.21.1/net.minecraft.server.packs.resources.SimplePreparableReloadListener.lambda$reload$1(SimplePreparableReloadListener.java:19) ~[neoforge-21.1.219-minecraft-merged.jar%23191!/:?]
	at java.base/java.util.concurrent.CompletableFuture$UniAccept.tryFire$$$capture(CompletableFuture.java:718) ~[?:?]
	at java.base/java.util.concurrent.CompletableFuture$UniAccept.tryFire(CompletableFuture.java) ~[?:?]
	at java.base/java.util.concurrent.CompletableFuture$Completion.run(CompletableFuture.java:482) ~[?:?]
	at TRANSFORMER/minecraft@1.21.1/net.minecraft.server.packs.resources.SimpleReloadInstance.lambda$new$3(SimpleReloadInstance.java:86) ~[neoforge-21.1.219-minecraft-merged.jar%23191!/:?]
	at TRANSFORMER/minecraft@1.21.1/net.minecraft.util.thread.BlockableEventLoop.doRunTask(BlockableEventLoop.java:151) ~[neoforge-21.1.219-minecraft-merged.jar%23191!/:?]
	at TRANSFORMER/minecraft@1.21.1/net.minecraft.util.thread.ReentrantBlockableEventLoop.doRunTask(ReentrantBlockableEventLoop.java:24) ~[neoforge-21.1.219-minecraft-merged.jar%23191!/:?]
	at TRANSFORMER/minecraft@1.21.1/net.minecraft.util.thread.BlockableEventLoop.pollTask(BlockableEventLoop.java:122) ~[neoforge-21.1.219-minecraft-merged.jar%23191!/:?]
	at TRANSFORMER/minecraft@1.21.1/net.minecraft.util.thread.BlockableEventLoop.managedBlock(BlockableEventLoop.java:135) ~[neoforge-21.1.219-minecraft-merged.jar%23191!/:?]
	at TRANSFORMER/minecraft@1.21.1/net.minecraft.client.gui.screens.worldselection.WorldOpenFlows.loadWorldDataBlocking(WorldOpenFlows.java:201) ~[neoforge-21.1.219-minecraft-merged.jar%23191!/:?]
	at TRANSFORMER/minecraft@1.21.1/net.minecraft.client.gui.screens.worldselection.WorldOpenFlows.loadWorldStem(WorldOpenFlows.java:142) ~[neoforge-21.1.219-minecraft-merged.jar%23191!/:?]
	at TRANSFORMER/minecraft@1.21.1/net.minecraft.client.gui.screens.worldselection.WorldOpenFlows.openWorldLoadLevelStem(WorldOpenFlows.java:346) ~[neoforge-21.1.219-minecraft-merged.jar%23191!/:?]
	at TRANSFORMER/minecraft@1.21.1/net.minecraft.client.gui.screens.worldselection.WorldOpenFlows.openWorldCheckVersionCompatibility(WorldOpenFlows.java:335) ~[neoforge-21.1.219-minecraft-merged.jar%23191!/:?]
	at TRANSFORMER/minecraft@1.21.1/net.minecraft.client.gui.screens.worldselection.WorldOpenFlows.openWorldLoadLevelData(WorldOpenFlows.java:297) ~[neoforge-21.1.219-minecraft-merged.jar%23191!/:?]
	at TRANSFORMER/minecraft@1.21.1/net.minecraft.client.gui.screens.worldselection.WorldOpenFlows.openWorld(WorldOpenFlows.java:261) ~[neoforge-21.1.219-minecraft-merged.jar%23191!/:?]
	at TRANSFORMER/minecraft@1.21.1/net.minecraft.client.gui.screens.worldselection.WorldSelectionList$WorldListEntry.joinWorld(WorldSelectionList.java:516) ~[neoforge-21.1.219-minecraft-merged.jar%23191!/:?]
	at TRANSFORMER/minecraft@1.21.1/net.minecraft.client.gui.screens.worldselection.WorldSelectionList$WorldListEntry.mouseClicked(WorldSelectionList.java:499) ~[neoforge-21.1.219-minecraft-merged.jar%23191!/:?]
	at TRANSFORMER/minecraft@1.21.1/net.minecraft.client.gui.components.AbstractSelectionList.mouseClicked(AbstractSelectionList.java:303) ~[neoforge-21.1.219-minecraft-merged.jar%23191!/:?]
	at TRANSFORMER/minecraft@1.21.1/net.minecraft.client.gui.components.events.ContainerEventHandler.mouseClicked(ContainerEventHandler.java:52) ~[neoforge-21.1.219-minecraft-merged.jar%23191!/:?]
	at TRANSFORMER/minecraft@1.21.1/net.minecraft.client.MouseHandler.lambda$onPress$0(MouseHandler.java:103) ~[neoforge-21.1.219-minecraft-merged.jar%23191!/:?]
	at TRANSFORMER/minecraft@1.21.1/net.minecraft.client.gui.screens.Screen.wrapScreenError(Screen.java:471) ~[neoforge-21.1.219-minecraft-merged.jar%23191!/:?]
	at TRANSFORMER/minecraft@1.21.1/net.minecraft.client.MouseHandler.onPress(MouseHandler.java:100) ~[neoforge-21.1.219-minecraft-merged.jar%23191!/:?]
	at TRANSFORMER/minecraft@1.21.1/net.minecraft.client.MouseHandler.lambda$setup$4(MouseHandler.java:212) ~[neoforge-21.1.219-minecraft-merged.jar%23191!/:?]
	at TRANSFORMER/minecraft@1.21.1/net.minecraft.util.thread.BlockableEventLoop.execute(BlockableEventLoop.java:98) ~[neoforge-21.1.219-minecraft-merged.jar%23191!/:?]
	at TRANSFORMER/minecraft@1.21.1/net.minecraft.client.MouseHandler.lambda$setup$5(MouseHandler.java:212) ~[neoforge-21.1.219-minecraft-merged.jar%23191!/:?]
	at MC-BOOTSTRAP/org.lwjgl.glfw@3.3.3+5/org.lwjgl.glfw.GLFWMouseButtonCallbackI.callback(GLFWMouseButtonCallbackI.java:43) ~[lwjgl-glfw-3.3.3.jar%23172!/:build 5]
	at MC-BOOTSTRAP/org.lwjgl@3.3.3+5/org.lwjgl.system.JNI.invokeV(Native Method) ~[lwjgl-3.3.3.jar%23183!/:build 5]
	at MC-BOOTSTRAP/org.lwjgl.glfw@3.3.3+5/org.lwjgl.glfw.GLFW.glfwWaitEventsTimeout(GLFW.java:3509) ~[lwjgl-glfw-3.3.3.jar%23172!/:build 5]
	at TRANSFORMER/minecraft@1.21.1/com.mojang.blaze3d.systems.RenderSystem.limitDisplayFPS(RenderSystem.java:162) ~[neoforge-21.1.219-minecraft-merged.jar%23191!/:?]
	at TRANSFORMER/minecraft@1.21.1/net.minecraft.client.Minecraft.runTick(Minecraft.java:1226) ~[neoforge-21.1.219-minecraft-merged.jar%23191!/:?]
	at TRANSFORMER/minecraft@1.21.1/net.minecraft.client.Minecraft.run(Minecraft.java:813) ~[neoforge-21.1.219-minecraft-merged.jar%23191!/:?]
	at TRANSFORMER/minecraft@1.21.1/net.minecraft.client.main.Main.main(Main.java:230) ~[neoforge-21.1.219-minecraft-merged.jar%23191!/:?]
	at java.base/jdk.internal.reflect.DirectMethodHandleAccessor.invoke(DirectMethodHandleAccessor.java:103) ~[?:?]
	at java.base/java.lang.reflect.Method.invoke(Method.java:580) ~[?:?]
	at MC-BOOTSTRAP/fml_loader@4.0.42/net.neoforged.fml.loading.targets.CommonLaunchHandler.runTarget(CommonLaunchHandler.java:136) ~[loader-4.0.42.jar%23146!/:4.0]
	at MC-BOOTSTRAP/fml_loader@4.0.42/net.neoforged.fml.loading.targets.CommonLaunchHandler.clientService(CommonLaunchHandler.java:124) ~[loader-4.0.42.jar%23146!/:4.0]
	at MC-BOOTSTRAP/fml_loader@4.0.42/net.neoforged.fml.loading.targets.NeoForgeClientDevLaunchHandler.runService(NeoForgeClientDevLaunchHandler.java:23) ~[loader-4.0.42.jar%23146!/:4.0]
	at MC-BOOTSTRAP/fml_loader@4.0.42/net.neoforged.fml.loading.targets.CommonLaunchHandler.lambda$launchService$4(CommonLaunchHandler.java:118) ~[loader-4.0.42.jar%23146!/:4.0]
	at MC-BOOTSTRAP/cpw.mods.modlauncher@11.0.5/cpw.mods.modlauncher.LaunchServiceHandlerDecorator.launch(LaunchServiceHandlerDecorator.java:30) [modlauncher-11.0.5.jar%23128!/:?]
	at MC-BOOTSTRAP/cpw.mods.modlauncher@11.0.5/cpw.mods.modlauncher.LaunchServiceHandler.launch(LaunchServiceHandler.java:53) [modlauncher-11.0.5.jar%23128!/:?]
	at MC-BOOTSTRAP/cpw.mods.modlauncher@11.0.5/cpw.mods.modlauncher.LaunchServiceHandler.launch(LaunchServiceHandler.java:71) [modlauncher-11.0.5.jar%23128!/:?]
	at MC-BOOTSTRAP/cpw.mods.modlauncher@11.0.5/cpw.mods.modlauncher.Launcher.run(Launcher.java:103) [modlauncher-11.0.5.jar%23128!/:?]
	at MC-BOOTSTRAP/cpw.mods.modlauncher@11.0.5/cpw.mods.modlauncher.Launcher.main(Launcher.java:74) [modlauncher-11.0.5.jar%23128!/:?]
	at MC-BOOTSTRAP/cpw.mods.modlauncher@11.0.5/cpw.mods.modlauncher.BootstrapLaunchConsumer.accept(BootstrapLaunchConsumer.java:26) [modlauncher-11.0.5.jar%23128!/:?]
	at MC-BOOTSTRAP/cpw.mods.modlauncher@11.0.5/cpw.mods.modlauncher.BootstrapLaunchConsumer.accept(BootstrapLaunchConsumer.java:23) [modlauncher-11.0.5.jar%23128!/:?]
	at cpw.mods.bootstraplauncher@2.0.2/cpw.mods.bootstraplauncher.BootstrapLauncher.run(BootstrapLauncher.java:210) [bootstraplauncher-2.0.2.jar:?]
	at cpw.mods.bootstraplauncher@2.0.2/cpw.mods.bootstraplauncher.BootstrapLauncher.main(BootstrapLauncher.java:69) [bootstraplauncher-2.0.2.jar:?]
	at java.base/jdk.internal.reflect.DirectMethodHandleAccessor.invoke(DirectMethodHandleAccessor.java:103) ~[?:?]
	at java.base/java.lang.reflect.Method.invoke(Method.java:580) ~[?:?]
	at DevLaunch@1.0.1/net.neoforged.devlaunch.Main.main(Main.java:55) [DevLaunch-1.0.1.jar:?]
[13Mar2026 19:35:03.612] [Render thread/ERROR] [net.minecraft.world.item.crafting.RecipeManager/]: Parsing error loading recipe create:compacting/bazaar_key
com.google.gson.JsonParseException: Unknown registry key in ResourceKey[minecraft:root / minecraft:recipe_serializer]: create:compacting
	at MC-BOOTSTRAP/datafixerupper@8.0.16/com.mojang.serialization.DataResult$Error.getOrThrow(DataResult.java:287) ~[datafixerupper-8.0.16.jar%23121!/:?]
	at TRANSFORMER/minecraft@1.21.1/net.minecraft.world.item.crafting.RecipeManager.apply(RecipeManager.java:60) ~[neoforge-21.1.219-minecraft-merged.jar%23191!/:?]
	at TRANSFORMER/minecraft@1.21.1/net.minecraft.world.item.crafting.RecipeManager.apply(RecipeManager.java:36) ~[neoforge-21.1.219-minecraft-merged.jar%23191!/:?]
	at TRANSFORMER/minecraft@1.21.1/net.minecraft.server.packs.resources.SimplePreparableReloadListener.lambda$reload$1(SimplePreparableReloadListener.java:19) ~[neoforge-21.1.219-minecraft-merged.jar%23191!/:?]
	at java.base/java.util.concurrent.CompletableFuture$UniAccept.tryFire$$$capture(CompletableFuture.java:718) ~[?:?]
	at java.base/java.util.concurrent.CompletableFuture$UniAccept.tryFire(CompletableFuture.java) ~[?:?]
	at java.base/java.util.concurrent.CompletableFuture$Completion.run(CompletableFuture.java:482) ~[?:?]
	at TRANSFORMER/minecraft@1.21.1/net.minecraft.server.packs.resources.SimpleReloadInstance.lambda$new$3(SimpleReloadInstance.java:86) ~[neoforge-21.1.219-minecraft-merged.jar%23191!/:?]
	at TRANSFORMER/minecraft@1.21.1/net.minecraft.util.thread.BlockableEventLoop.doRunTask(BlockableEventLoop.java:151) ~[neoforge-21.1.219-minecraft-merged.jar%23191!/:?]
	at TRANSFORMER/minecraft@1.21.1/net.minecraft.util.thread.ReentrantBlockableEventLoop.doRunTask(ReentrantBlockableEventLoop.java:24) ~[neoforge-21.1.219-minecraft-merged.jar%23191!/:?]
	at TRANSFORMER/minecraft@1.21.1/net.minecraft.util.thread.BlockableEventLoop.pollTask(BlockableEventLoop.java:122) ~[neoforge-21.1.219-minecraft-merged.jar%23191!/:?]
	at TRANSFORMER/minecraft@1.21.1/net.minecraft.util.thread.BlockableEventLoop.managedBlock(BlockableEventLoop.java:135) ~[neoforge-21.1.219-minecraft-merged.jar%23191!/:?]
	at TRANSFORMER/minecraft@1.21.1/net.minecraft.client.gui.screens.worldselection.WorldOpenFlows.loadWorldDataBlocking(WorldOpenFlows.java:201) ~[neoforge-21.1.219-minecraft-merged.jar%23191!/:?]
	at TRANSFORMER/minecraft@1.21.1/net.minecraft.client.gui.screens.worldselection.WorldOpenFlows.loadWorldStem(WorldOpenFlows.java:142) ~[neoforge-21.1.219-minecraft-merged.jar%23191!/:?]
	at TRANSFORMER/minecraft@1.21.1/net.minecraft.client.gui.screens.worldselection.WorldOpenFlows.openWorldLoadLevelStem(WorldOpenFlows.java:346) ~[neoforge-21.1.219-minecraft-merged.jar%23191!/:?]
	at TRANSFORMER/minecraft@1.21.1/net.minecraft.client.gui.screens.worldselection.WorldOpenFlows.openWorldCheckVersionCompatibility(WorldOpenFlows.java:335) ~[neoforge-21.1.219-minecraft-merged.jar%23191!/:?]
	at TRANSFORMER/minecraft@1.21.1/net.minecraft.client.gui.screens.worldselection.WorldOpenFlows.openWorldLoadLevelData(WorldOpenFlows.java:297) ~[neoforge-21.1.219-minecraft-merged.jar%23191!/:?]
	at TRANSFORMER/minecraft@1.21.1/net.minecraft.client.gui.screens.worldselection.WorldOpenFlows.openWorld(WorldOpenFlows.java:261) ~[neoforge-21.1.219-minecraft-merged.jar%23191!/:?]
	at TRANSFORMER/minecraft@1.21.1/net.minecraft.client.gui.screens.worldselection.WorldSelectionList$WorldListEntry.joinWorld(WorldSelectionList.java:516) ~[neoforge-21.1.219-minecraft-merged.jar%23191!/:?]
	at TRANSFORMER/minecraft@1.21.1/net.minecraft.client.gui.screens.worldselection.WorldSelectionList$WorldListEntry.mouseClicked(WorldSelectionList.java:499) ~[neoforge-21.1.219-minecraft-merged.jar%23191!/:?]
	at TRANSFORMER/minecraft@1.21.1/net.minecraft.client.gui.components.AbstractSelectionList.mouseClicked(AbstractSelectionList.java:303) ~[neoforge-21.1.219-minecraft-merged.jar%23191!/:?]
	at TRANSFORMER/minecraft@1.21.1/net.minecraft.client.gui.components.events.ContainerEventHandler.mouseClicked(ContainerEventHandler.java:52) ~[neoforge-21.1.219-minecraft-merged.jar%23191!/:?]
	at TRANSFORMER/minecraft@1.21.1/net.minecraft.client.MouseHandler.lambda$onPress$0(MouseHandler.java:103) ~[neoforge-21.1.219-minecraft-merged.jar%23191!/:?]
	at TRANSFORMER/minecraft@1.21.1/net.minecraft.client.gui.screens.Screen.wrapScreenError(Screen.java:471) ~[neoforge-21.1.219-minecraft-merged.jar%23191!/:?]
	at TRANSFORMER/minecraft@1.21.1/net.minecraft.client.MouseHandler.onPress(MouseHandler.java:100) ~[neoforge-21.1.219-minecraft-merged.jar%23191!/:?]
	at TRANSFORMER/minecraft@1.21.1/net.minecraft.client.MouseHandler.lambda$setup$4(MouseHandler.java:212) ~[neoforge-21.1.219-minecraft-merged.jar%23191!/:?]
	at TRANSFORMER/minecraft@1.21.1/net.minecraft.util.thread.BlockableEventLoop.execute(BlockableEventLoop.java:98) ~[neoforge-21.1.219-minecraft-merged.jar%23191!/:?]
	at TRANSFORMER/minecraft@1.21.1/net.minecraft.client.MouseHandler.lambda$setup$5(MouseHandler.java:212) ~[neoforge-21.1.219-minecraft-merged.jar%23191!/:?]
	at MC-BOOTSTRAP/org.lwjgl.glfw@3.3.3+5/org.lwjgl.glfw.GLFWMouseButtonCallbackI.callback(GLFWMouseButtonCallbackI.java:43) ~[lwjgl-glfw-3.3.3.jar%23172!/:build 5]
	at MC-BOOTSTRAP/org.lwjgl@3.3.3+5/org.lwjgl.system.JNI.invokeV(Native Method) ~[lwjgl-3.3.3.jar%23183!/:build 5]
	at MC-BOOTSTRAP/org.lwjgl.glfw@3.3.3+5/org.lwjgl.glfw.GLFW.glfwWaitEventsTimeout(GLFW.java:3509) ~[lwjgl-glfw-3.3.3.jar%23172!/:build 5]
	at TRANSFORMER/minecraft@1.21.1/com.mojang.blaze3d.systems.RenderSystem.limitDisplayFPS(RenderSystem.java:162) ~[neoforge-21.1.219-minecraft-merged.jar%23191!/:?]
	at TRANSFORMER/minecraft@1.21.1/net.minecraft.client.Minecraft.runTick(Minecraft.java:1226) ~[neoforge-21.1.219-minecraft-merged.jar%23191!/:?]
	at TRANSFORMER/minecraft@1.21.1/net.minecraft.client.Minecraft.run(Minecraft.java:813) ~[neoforge-21.1.219-minecraft-merged.jar%23191!/:?]
	at TRANSFORMER/minecraft@1.21.1/net.minecraft.client.main.Main.main(Main.java:230) ~[neoforge-21.1.219-minecraft-merged.jar%23191!/:?]
	at java.base/jdk.internal.reflect.DirectMethodHandleAccessor.invoke(DirectMethodHandleAccessor.java:103) ~[?:?]
	at java.base/java.lang.reflect.Method.invoke(Method.java:580) ~[?:?]
	at MC-BOOTSTRAP/fml_loader@4.0.42/net.neoforged.fml.loading.targets.CommonLaunchHandler.runTarget(CommonLaunchHandler.java:136) ~[loader-4.0.42.jar%23146!/:4.0]
	at MC-BOOTSTRAP/fml_loader@4.0.42/net.neoforged.fml.loading.targets.CommonLaunchHandler.clientService(CommonLaunchHandler.java:124) ~[loader-4.0.42.jar%23146!/:4.0]
	at MC-BOOTSTRAP/fml_loader@4.0.42/net.neoforged.fml.loading.targets.NeoForgeClientDevLaunchHandler.runService(NeoForgeClientDevLaunchHandler.java:23) ~[loader-4.0.42.jar%23146!/:4.0]
	at MC-BOOTSTRAP/fml_loader@4.0.42/net.neoforged.fml.loading.targets.CommonLaunchHandler.lambda$launchService$4(CommonLaunchHandler.java:118) ~[loader-4.0.42.jar%23146!/:4.0]
	at MC-BOOTSTRAP/cpw.mods.modlauncher@11.0.5/cpw.mods.modlauncher.LaunchServiceHandlerDecorator.launch(LaunchServiceHandlerDecorator.java:30) [modlauncher-11.0.5.jar%23128!/:?]
	at MC-BOOTSTRAP/cpw.mods.modlauncher@11.0.5/cpw.mods.modlauncher.LaunchServiceHandler.launch(LaunchServiceHandler.java:53) [modlauncher-11.0.5.jar%23128!/:?]
	at MC-BOOTSTRAP/cpw.mods.modlauncher@11.0.5/cpw.mods.modlauncher.LaunchServiceHandler.launch(LaunchServiceHandler.java:71) [modlauncher-11.0.5.jar%23128!/:?]
	at MC-BOOTSTRAP/cpw.mods.modlauncher@11.0.5/cpw.mods.modlauncher.Launcher.run(Launcher.java:103) [modlauncher-11.0.5.jar%23128!/:?]
	at MC-BOOTSTRAP/cpw.mods.modlauncher@11.0.5/cpw.mods.modlauncher.Launcher.main(Launcher.java:74) [modlauncher-11.0.5.jar%23128!/:?]
	at MC-BOOTSTRAP/cpw.mods.modlauncher@11.0.5/cpw.mods.modlauncher.BootstrapLaunchConsumer.accept(BootstrapLaunchConsumer.java:26) [modlauncher-11.0.5.jar%23128!/:?]
	at MC-BOOTSTRAP/cpw.mods.modlauncher@11.0.5/cpw.mods.modlauncher.BootstrapLaunchConsumer.accept(BootstrapLaunchConsumer.java:23) [modlauncher-11.0.5.jar%23128!/:?]
	at cpw.mods.bootstraplauncher@2.0.2/cpw.mods.bootstraplauncher.BootstrapLauncher.run(BootstrapLauncher.java:210) [bootstraplauncher-2.0.2.jar:?]
	at cpw.mods.bootstraplauncher@2.0.2/cpw.mods.bootstraplauncher.BootstrapLauncher.main(BootstrapLauncher.java:69) [bootstraplauncher-2.0.2.jar:?]
	at java.base/jdk.internal.reflect.DirectMethodHandleAccessor.invoke(DirectMethodHandleAccessor.java:103) ~[?:?]
	at java.base/java.lang.reflect.Method.invoke(Method.java:580) ~[?:?]
	at DevLaunch@1.0.1/net.neoforged.devlaunch.Main.main(Main.java:55) [DevLaunch-1.0.1.jar:?]
[13Mar2026 19:35:03.614] [Render thread/ERROR] [net.minecraft.world.item.crafting.RecipeManager/]: Parsing error loading recipe create:compacting/sanctuary_key
com.google.gson.JsonParseException: Unknown registry key in ResourceKey[minecraft:root / minecraft:recipe_serializer]: create:compacting
	at MC-BOOTSTRAP/datafixerupper@8.0.16/com.mojang.serialization.DataResult$Error.getOrThrow(DataResult.java:287) ~[datafixerupper-8.0.16.jar%23121!/:?]
	at TRANSFORMER/minecraft@1.21.1/net.minecraft.world.item.crafting.RecipeManager.apply(RecipeManager.java:60) ~[neoforge-21.1.219-minecraft-merged.jar%23191!/:?]
	at TRANSFORMER/minecraft@1.21.1/net.minecraft.world.item.crafting.RecipeManager.apply(RecipeManager.java:36) ~[neoforge-21.1.219-minecraft-merged.jar%23191!/:?]
	at TRANSFORMER/minecraft@1.21.1/net.minecraft.server.packs.resources.SimplePreparableReloadListener.lambda$reload$1(SimplePreparableReloadListener.java:19) ~[neoforge-21.1.219-minecraft-merged.jar%23191!/:?]
	at java.base/java.util.concurrent.CompletableFuture$UniAccept.tryFire$$$capture(CompletableFuture.java:718) ~[?:?]
	at java.base/java.util.concurrent.CompletableFuture$UniAccept.tryFire(CompletableFuture.java) ~[?:?]
	at java.base/java.util.concurrent.CompletableFuture$Completion.run(CompletableFuture.java:482) ~[?:?]
	at TRANSFORMER/minecraft@1.21.1/net.minecraft.server.packs.resources.SimpleReloadInstance.lambda$new$3(SimpleReloadInstance.java:86) ~[neoforge-21.1.219-minecraft-merged.jar%23191!/:?]
	at TRANSFORMER/minecraft@1.21.1/net.minecraft.util.thread.BlockableEventLoop.doRunTask(BlockableEventLoop.java:151) ~[neoforge-21.1.219-minecraft-merged.jar%23191!/:?]
	at TRANSFORMER/minecraft@1.21.1/net.minecraft.util.thread.ReentrantBlockableEventLoop.doRunTask(ReentrantBlockableEventLoop.java:24) ~[neoforge-21.1.219-minecraft-merged.jar%23191!/:?]
	at TRANSFORMER/minecraft@1.21.1/net.minecraft.util.thread.BlockableEventLoop.pollTask(BlockableEventLoop.java:122) ~[neoforge-21.1.219-minecraft-merged.jar%23191!/:?]
	at TRANSFORMER/minecraft@1.21.1/net.minecraft.util.thread.BlockableEventLoop.managedBlock(BlockableEventLoop.java:135) ~[neoforge-21.1.219-minecraft-merged.jar%23191!/:?]
	at TRANSFORMER/minecraft@1.21.1/net.minecraft.client.gui.screens.worldselection.WorldOpenFlows.loadWorldDataBlocking(WorldOpenFlows.java:201) ~[neoforge-21.1.219-minecraft-merged.jar%23191!/:?]
	at TRANSFORMER/minecraft@1.21.1/net.minecraft.client.gui.screens.worldselection.WorldOpenFlows.loadWorldStem(WorldOpenFlows.java:142) ~[neoforge-21.1.219-minecraft-merged.jar%23191!/:?]
	at TRANSFORMER/minecraft@1.21.1/net.minecraft.client.gui.screens.worldselection.WorldOpenFlows.openWorldLoadLevelStem(WorldOpenFlows.java:346) ~[neoforge-21.1.219-minecraft-merged.jar%23191!/:?]
	at TRANSFORMER/minecraft@1.21.1/net.minecraft.client.gui.screens.worldselection.WorldOpenFlows.openWorldCheckVersionCompatibility(WorldOpenFlows.java:335) ~[neoforge-21.1.219-minecraft-merged.jar%23191!/:?]
	at TRANSFORMER/minecraft@1.21.1/net.minecraft.client.gui.screens.worldselection.WorldOpenFlows.openWorldLoadLevelData(WorldOpenFlows.java:297) ~[neoforge-21.1.219-minecraft-merged.jar%23191!/:?]
	at TRANSFORMER/minecraft@1.21.1/net.minecraft.client.gui.screens.worldselection.WorldOpenFlows.openWorld(WorldOpenFlows.java:261) ~[neoforge-21.1.219-minecraft-merged.jar%23191!/:?]
	at TRANSFORMER/minecraft@1.21.1/net.minecraft.client.gui.screens.worldselection.WorldSelectionList$WorldListEntry.joinWorld(WorldSelectionList.java:516) ~[neoforge-21.1.219-minecraft-merged.jar%23191!/:?]
	at TRANSFORMER/minecraft@1.21.1/net.minecraft.client.gui.screens.worldselection.WorldSelectionList$WorldListEntry.mouseClicked(WorldSelectionList.java:499) ~[neoforge-21.1.219-minecraft-merged.jar%23191!/:?]
	at TRANSFORMER/minecraft@1.21.1/net.minecraft.client.gui.components.AbstractSelectionList.mouseClicked(AbstractSelectionList.java:303) ~[neoforge-21.1.219-minecraft-merged.jar%23191!/:?]
	at TRANSFORMER/minecraft@1.21.1/net.minecraft.client.gui.components.events.ContainerEventHandler.mouseClicked(ContainerEventHandler.java:52) ~[neoforge-21.1.219-minecraft-merged.jar%23191!/:?]
	at TRANSFORMER/minecraft@1.21.1/net.minecraft.client.MouseHandler.lambda$onPress$0(MouseHandler.java:103) ~[neoforge-21.1.219-minecraft-merged.jar%23191!/:?]
	at TRANSFORMER/minecraft@1.21.1/net.minecraft.client.gui.screens.Screen.wrapScreenError(Screen.java:471) ~[neoforge-21.1.219-minecraft-merged.jar%23191!/:?]
	at TRANSFORMER/minecraft@1.21.1/net.minecraft.client.MouseHandler.onPress(MouseHandler.java:100) ~[neoforge-21.1.219-minecraft-merged.jar%23191!/:?]
	at TRANSFORMER/minecraft@1.21.1/net.minecraft.client.MouseHandler.lambda$setup$4(MouseHandler.java:212) ~[neoforge-21.1.219-minecraft-merged.jar%23191!/:?]
	at TRANSFORMER/minecraft@1.21.1/net.minecraft.util.thread.BlockableEventLoop.execute(BlockableEventLoop.java:98) ~[neoforge-21.1.219-minecraft-merged.jar%23191!/:?]
	at TRANSFORMER/minecraft@1.21.1/net.minecraft.client.MouseHandler.lambda$setup$5(MouseHandler.java:212) ~[neoforge-21.1.219-minecraft-merged.jar%23191!/:?]
	at MC-BOOTSTRAP/org.lwjgl.glfw@3.3.3+5/org.lwjgl.glfw.GLFWMouseButtonCallbackI.callback(GLFWMouseButtonCallbackI.java:43) ~[lwjgl-glfw-3.3.3.jar%23172!/:build 5]
	at MC-BOOTSTRAP/org.lwjgl@3.3.3+5/org.lwjgl.system.JNI.invokeV(Native Method) ~[lwjgl-3.3.3.jar%23183!/:build 5]
	at MC-BOOTSTRAP/org.lwjgl.glfw@3.3.3+5/org.lwjgl.glfw.GLFW.glfwWaitEventsTimeout(GLFW.java:3509) ~[lwjgl-glfw-3.3.3.jar%23172!/:build 5]
	at TRANSFORMER/minecraft@1.21.1/com.mojang.blaze3d.systems.RenderSystem.limitDisplayFPS(RenderSystem.java:162) ~[neoforge-21.1.219-minecraft-merged.jar%23191!/:?]
	at TRANSFORMER/minecraft@1.21.1/net.minecraft.client.Minecraft.runTick(Minecraft.java:1226) ~[neoforge-21.1.219-minecraft-merged.jar%23191!/:?]
	at TRANSFORMER/minecraft@1.21.1/net.minecraft.client.Minecraft.run(Minecraft.java:813) ~[neoforge-21.1.219-minecraft-merged.jar%23191!/:?]
	at TRANSFORMER/minecraft@1.21.1/net.minecraft.client.main.Main.main(Main.java:230) ~[neoforge-21.1.219-minecraft-merged.jar%23191!/:?]
	at java.base/jdk.internal.reflect.DirectMethodHandleAccessor.invoke(DirectMethodHandleAccessor.java:103) ~[?:?]
	at java.base/java.lang.reflect.Method.invoke(Method.java:580) ~[?:?]
	at MC-BOOTSTRAP/fml_loader@4.0.42/net.neoforged.fml.loading.targets.CommonLaunchHandler.runTarget(CommonLaunchHandler.java:136) ~[loader-4.0.42.jar%23146!/:4.0]
	at MC-BOOTSTRAP/fml_loader@4.0.42/net.neoforged.fml.loading.targets.CommonLaunchHandler.clientService(CommonLaunchHandler.java:124) ~[loader-4.0.42.jar%23146!/:4.0]
	at MC-BOOTSTRAP/fml_loader@4.0.42/net.neoforged.fml.loading.targets.NeoForgeClientDevLaunchHandler.runService(NeoForgeClientDevLaunchHandler.java:23) ~[loader-4.0.42.jar%23146!/:4.0]
	at MC-BOOTSTRAP/fml_loader@4.0.42/net.neoforged.fml.loading.targets.CommonLaunchHandler.lambda$launchService$4(CommonLaunchHandler.java:118) ~[loader-4.0.42.jar%23146!/:4.0]
	at MC-BOOTSTRAP/cpw.mods.modlauncher@11.0.5/cpw.mods.modlauncher.LaunchServiceHandlerDecorator.launch(LaunchServiceHandlerDecorator.java:30) [modlauncher-11.0.5.jar%23128!/:?]
	at MC-BOOTSTRAP/cpw.mods.modlauncher@11.0.5/cpw.mods.modlauncher.LaunchServiceHandler.launch(LaunchServiceHandler.java:53) [modlauncher-11.0.5.jar%23128!/:?]
	at MC-BOOTSTRAP/cpw.mods.modlauncher@11.0.5/cpw.mods.modlauncher.LaunchServiceHandler.launch(LaunchServiceHandler.java:71) [modlauncher-11.0.5.jar%23128!/:?]
	at MC-BOOTSTRAP/cpw.mods.modlauncher@11.0.5/cpw.mods.modlauncher.Launcher.run(Launcher.java:103) [modlauncher-11.0.5.jar%23128!/:?]
	at MC-BOOTSTRAP/cpw.mods.modlauncher@11.0.5/cpw.mods.modlauncher.Launcher.main(Launcher.java:74) [modlauncher-11.0.5.jar%23128!/:?]
	at MC-BOOTSTRAP/cpw.mods.modlauncher@11.0.5/cpw.mods.modlauncher.BootstrapLaunchConsumer.accept(BootstrapLaunchConsumer.java:26) [modlauncher-11.0.5.jar%23128!/:?]
	at MC-BOOTSTRAP/cpw.mods.modlauncher@11.0.5/cpw.mods.modlauncher.BootstrapLaunchConsumer.accept(BootstrapLaunchConsumer.java:23) [modlauncher-11.0.5.jar%23128!/:?]
	at cpw.mods.bootstraplauncher@2.0.2/cpw.mods.bootstraplauncher.BootstrapLauncher.run(BootstrapLauncher.java:210) [bootstraplauncher-2.0.2.jar:?]
	at cpw.mods.bootstraplauncher@2.0.2/cpw.mods.bootstraplauncher.BootstrapLauncher.main(BootstrapLauncher.java:69) [bootstraplauncher-2.0.2.jar:?]
	at java.base/jdk.internal.reflect.DirectMethodHandleAccessor.invoke(DirectMethodHandleAccessor.java:103) ~[?:?]
	at java.base/java.lang.reflect.Method.invoke(Method.java:580) ~[?:?]
	at DevLaunch@1.0.1/net.neoforged.devlaunch.Main.main(Main.java:55) [DevLaunch-1.0.1.jar:?]
[13Mar2026 19:35:03.619] [Render thread/ERROR] [net.minecraft.world.item.crafting.RecipeManager/]: Parsing error loading recipe create:mixing/augment_core
com.google.gson.JsonParseException: Unknown registry key in ResourceKey[minecraft:root / minecraft:recipe_serializer]: create:mixing
	at MC-BOOTSTRAP/datafixerupper@8.0.16/com.mojang.serialization.DataResult$Error.getOrThrow(DataResult.java:287) ~[datafixerupper-8.0.16.jar%23121!/:?]
	at TRANSFORMER/minecraft@1.21.1/net.minecraft.world.item.crafting.RecipeManager.apply(RecipeManager.java:60) ~[neoforge-21.1.219-minecraft-merged.jar%23191!/:?]
	at TRANSFORMER/minecraft@1.21.1/net.minecraft.world.item.crafting.RecipeManager.apply(RecipeManager.java:36) ~[neoforge-21.1.219-minecraft-merged.jar%23191!/:?]
	at TRANSFORMER/minecraft@1.21.1/net.minecraft.server.packs.resources.SimplePreparableReloadListener.lambda$reload$1(SimplePreparableReloadListener.java:19) ~[neoforge-21.1.219-minecraft-merged.jar%23191!/:?]
	at java.base/java.util.concurrent.CompletableFuture$UniAccept.tryFire$$$capture(CompletableFuture.java:718) ~[?:?]
	at java.base/java.util.concurrent.CompletableFuture$UniAccept.tryFire(CompletableFuture.java) ~[?:?]
	at java.base/java.util.concurrent.CompletableFuture$Completion.run(CompletableFuture.java:482) ~[?:?]
	at TRANSFORMER/minecraft@1.21.1/net.minecraft.server.packs.resources.SimpleReloadInstance.lambda$new$3(SimpleReloadInstance.java:86) ~[neoforge-21.1.219-minecraft-merged.jar%23191!/:?]
	at TRANSFORMER/minecraft@1.21.1/net.minecraft.util.thread.BlockableEventLoop.doRunTask(BlockableEventLoop.java:151) ~[neoforge-21.1.219-minecraft-merged.jar%23191!/:?]
	at TRANSFORMER/minecraft@1.21.1/net.minecraft.util.thread.ReentrantBlockableEventLoop.doRunTask(ReentrantBlockableEventLoop.java:24) ~[neoforge-21.1.219-minecraft-merged.jar%23191!/:?]
	at TRANSFORMER/minecraft@1.21.1/net.minecraft.util.thread.BlockableEventLoop.pollTask(BlockableEventLoop.java:122) ~[neoforge-21.1.219-minecraft-merged.jar%23191!/:?]
	at TRANSFORMER/minecraft@1.21.1/net.minecraft.util.thread.BlockableEventLoop.managedBlock(BlockableEventLoop.java:135) ~[neoforge-21.1.219-minecraft-merged.jar%23191!/:?]
	at TRANSFORMER/minecraft@1.21.1/net.minecraft.client.gui.screens.worldselection.WorldOpenFlows.loadWorldDataBlocking(WorldOpenFlows.java:201) ~[neoforge-21.1.219-minecraft-merged.jar%23191!/:?]
	at TRANSFORMER/minecraft@1.21.1/net.minecraft.client.gui.screens.worldselection.WorldOpenFlows.loadWorldStem(WorldOpenFlows.java:142) ~[neoforge-21.1.219-minecraft-merged.jar%23191!/:?]
	at TRANSFORMER/minecraft@1.21.1/net.minecraft.client.gui.screens.worldselection.WorldOpenFlows.openWorldLoadLevelStem(WorldOpenFlows.java:346) ~[neoforge-21.1.219-minecraft-merged.jar%23191!/:?]
	at TRANSFORMER/minecraft@1.21.1/net.minecraft.client.gui.screens.worldselection.WorldOpenFlows.openWorldCheckVersionCompatibility(WorldOpenFlows.java:335) ~[neoforge-21.1.219-minecraft-merged.jar%23191!/:?]
	at TRANSFORMER/minecraft@1.21.1/net.minecraft.client.gui.screens.worldselection.WorldOpenFlows.openWorldLoadLevelData(WorldOpenFlows.java:297) ~[neoforge-21.1.219-minecraft-merged.jar%23191!/:?]
	at TRANSFORMER/minecraft@1.21.1/net.minecraft.client.gui.screens.worldselection.WorldOpenFlows.openWorld(WorldOpenFlows.java:261) ~[neoforge-21.1.219-minecraft-merged.jar%23191!/:?]
	at TRANSFORMER/minecraft@1.21.1/net.minecraft.client.gui.screens.worldselection.WorldSelectionList$WorldListEntry.joinWorld(WorldSelectionList.java:516) ~[neoforge-21.1.219-minecraft-merged.jar%23191!/:?]
	at TRANSFORMER/minecraft@1.21.1/net.minecraft.client.gui.screens.worldselection.WorldSelectionList$WorldListEntry.mouseClicked(WorldSelectionList.java:499) ~[neoforge-21.1.219-minecraft-merged.jar%23191!/:?]
	at TRANSFORMER/minecraft@1.21.1/net.minecraft.client.gui.components.AbstractSelectionList.mouseClicked(AbstractSelectionList.java:303) ~[neoforge-21.1.219-minecraft-merged.jar%23191!/:?]
	at TRANSFORMER/minecraft@1.21.1/net.minecraft.client.gui.components.events.ContainerEventHandler.mouseClicked(ContainerEventHandler.java:52) ~[neoforge-21.1.219-minecraft-merged.jar%23191!/:?]
	at TRANSFORMER/minecraft@1.21.1/net.minecraft.client.MouseHandler.lambda$onPress$0(MouseHandler.java:103) ~[neoforge-21.1.219-minecraft-merged.jar%23191!/:?]
	at TRANSFORMER/minecraft@1.21.1/net.minecraft.client.gui.screens.Screen.wrapScreenError(Screen.java:471) ~[neoforge-21.1.219-minecraft-merged.jar%23191!/:?]
	at TRANSFORMER/minecraft@1.21.1/net.minecraft.client.MouseHandler.onPress(MouseHandler.java:100) ~[neoforge-21.1.219-minecraft-merged.jar%23191!/:?]
	at TRANSFORMER/minecraft@1.21.1/net.minecraft.client.MouseHandler.lambda$setup$4(MouseHandler.java:212) ~[neoforge-21.1.219-minecraft-merged.jar%23191!/:?]
	at TRANSFORMER/minecraft@1.21.1/net.minecraft.util.thread.BlockableEventLoop.execute(BlockableEventLoop.java:98) ~[neoforge-21.1.219-minecraft-merged.jar%23191!/:?]
	at TRANSFORMER/minecraft@1.21.1/net.minecraft.client.MouseHandler.lambda$setup$5(MouseHandler.java:212) ~[neoforge-21.1.219-minecraft-merged.jar%23191!/:?]
	at MC-BOOTSTRAP/org.lwjgl.glfw@3.3.3+5/org.lwjgl.glfw.GLFWMouseButtonCallbackI.callback(GLFWMouseButtonCallbackI.java:43) ~[lwjgl-glfw-3.3.3.jar%23172!/:build 5]
	at MC-BOOTSTRAP/org.lwjgl@3.3.3+5/org.lwjgl.system.JNI.invokeV(Native Method) ~[lwjgl-3.3.3.jar%23183!/:build 5]
	at MC-BOOTSTRAP/org.lwjgl.glfw@3.3.3+5/org.lwjgl.glfw.GLFW.glfwWaitEventsTimeout(GLFW.java:3509) ~[lwjgl-glfw-3.3.3.jar%23172!/:build 5]
	at TRANSFORMER/minecraft@1.21.1/com.mojang.blaze3d.systems.RenderSystem.limitDisplayFPS(RenderSystem.java:162) ~[neoforge-21.1.219-minecraft-merged.jar%23191!/:?]
	at TRANSFORMER/minecraft@1.21.1/net.minecraft.client.Minecraft.runTick(Minecraft.java:1226) ~[neoforge-21.1.219-minecraft-merged.jar%23191!/:?]
	at TRANSFORMER/minecraft@1.21.1/net.minecraft.client.Minecraft.run(Minecraft.java:813) ~[neoforge-21.1.219-minecraft-merged.jar%23191!/:?]
	at TRANSFORMER/minecraft@1.21.1/net.minecraft.client.main.Main.main(Main.java:230) ~[neoforge-21.1.219-minecraft-merged.jar%23191!/:?]
	at java.base/jdk.internal.reflect.DirectMethodHandleAccessor.invoke(DirectMethodHandleAccessor.java:103) ~[?:?]
	at java.base/java.lang.reflect.Method.invoke(Method.java:580) ~[?:?]
	at MC-BOOTSTRAP/fml_loader@4.0.42/net.neoforged.fml.loading.targets.CommonLaunchHandler.runTarget(CommonLaunchHandler.java:136) ~[loader-4.0.42.jar%23146!/:4.0]
	at MC-BOOTSTRAP/fml_loader@4.0.42/net.neoforged.fml.loading.targets.CommonLaunchHandler.clientService(CommonLaunchHandler.java:124) ~[loader-4.0.42.jar%23146!/:4.0]
	at MC-BOOTSTRAP/fml_loader@4.0.42/net.neoforged.fml.loading.targets.NeoForgeClientDevLaunchHandler.runService(NeoForgeClientDevLaunchHandler.java:23) ~[loader-4.0.42.jar%23146!/:4.0]
	at MC-BOOTSTRAP/fml_loader@4.0.42/net.neoforged.fml.loading.targets.CommonLaunchHandler.lambda$launchService$4(CommonLaunchHandler.java:118) ~[loader-4.0.42.jar%23146!/:4.0]
	at MC-BOOTSTRAP/cpw.mods.modlauncher@11.0.5/cpw.mods.modlauncher.LaunchServiceHandlerDecorator.launch(LaunchServiceHandlerDecorator.java:30) [modlauncher-11.0.5.jar%23128!/:?]
	at MC-BOOTSTRAP/cpw.mods.modlauncher@11.0.5/cpw.mods.modlauncher.LaunchServiceHandler.launch(LaunchServiceHandler.java:53) [modlauncher-11.0.5.jar%23128!/:?]
	at MC-BOOTSTRAP/cpw.mods.modlauncher@11.0.5/cpw.mods.modlauncher.LaunchServiceHandler.launch(LaunchServiceHandler.java:71) [modlauncher-11.0.5.jar%23128!/:?]
	at MC-BOOTSTRAP/cpw.mods.modlauncher@11.0.5/cpw.mods.modlauncher.Launcher.run(Launcher.java:103) [modlauncher-11.0.5.jar%23128!/:?]
	at MC-BOOTSTRAP/cpw.mods.modlauncher@11.0.5/cpw.mods.modlauncher.Launcher.main(Launcher.java:74) [modlauncher-11.0.5.jar%23128!/:?]
	at MC-BOOTSTRAP/cpw.mods.modlauncher@11.0.5/cpw.mods.modlauncher.BootstrapLaunchConsumer.accept(BootstrapLaunchConsumer.java:26) [modlauncher-11.0.5.jar%23128!/:?]
	at MC-BOOTSTRAP/cpw.mods.modlauncher@11.0.5/cpw.mods.modlauncher.BootstrapLaunchConsumer.accept(BootstrapLaunchConsumer.java:23) [modlauncher-11.0.5.jar%23128!/:?]
	at cpw.mods.bootstraplauncher@2.0.2/cpw.mods.bootstraplauncher.BootstrapLauncher.run(BootstrapLauncher.java:210) [bootstraplauncher-2.0.2.jar:?]
	at cpw.mods.bootstraplauncher@2.0.2/cpw.mods.bootstraplauncher.BootstrapLauncher.main(BootstrapLauncher.java:69) [bootstraplauncher-2.0.2.jar:?]
	at java.base/jdk.internal.reflect.DirectMethodHandleAccessor.invoke(DirectMethodHandleAccessor.java:103) ~[?:?]
	at java.base/java.lang.reflect.Method.invoke(Method.java:580) ~[?:?]
	at DevLaunch@1.0.1/net.neoforged.devlaunch.Main.main(Main.java:55) [DevLaunch-1.0.1.jar:?]
[13Mar2026 19:35:03.622] [Render thread/ERROR] [net.minecraft.world.item.crafting.RecipeManager/]: Parsing error loading recipe create:compacting/crypt_key
com.google.gson.JsonParseException: Unknown registry key in ResourceKey[minecraft:root / minecraft:recipe_serializer]: create:compacting
	at MC-BOOTSTRAP/datafixerupper@8.0.16/com.mojang.serialization.DataResult$Error.getOrThrow(DataResult.java:287) ~[datafixerupper-8.0.16.jar%23121!/:?]
	at TRANSFORMER/minecraft@1.21.1/net.minecraft.world.item.crafting.RecipeManager.apply(RecipeManager.java:60) ~[neoforge-21.1.219-minecraft-merged.jar%23191!/:?]
	at TRANSFORMER/minecraft@1.21.1/net.minecraft.world.item.crafting.RecipeManager.apply(RecipeManager.java:36) ~[neoforge-21.1.219-minecraft-merged.jar%23191!/:?]
	at TRANSFORMER/minecraft@1.21.1/net.minecraft.server.packs.resources.SimplePreparableReloadListener.lambda$reload$1(SimplePreparableReloadListener.java:19) ~[neoforge-21.1.219-minecraft-merged.jar%23191!/:?]
	at java.base/java.util.concurrent.CompletableFuture$UniAccept.tryFire$$$capture(CompletableFuture.java:718) ~[?:?]
	at java.base/java.util.concurrent.CompletableFuture$UniAccept.tryFire(CompletableFuture.java) ~[?:?]
	at java.base/java.util.concurrent.CompletableFuture$Completion.run(CompletableFuture.java:482) ~[?:?]
	at TRANSFORMER/minecraft@1.21.1/net.minecraft.server.packs.resources.SimpleReloadInstance.lambda$new$3(SimpleReloadInstance.java:86) ~[neoforge-21.1.219-minecraft-merged.jar%23191!/:?]
	at TRANSFORMER/minecraft@1.21.1/net.minecraft.util.thread.BlockableEventLoop.doRunTask(BlockableEventLoop.java:151) ~[neoforge-21.1.219-minecraft-merged.jar%23191!/:?]
	at TRANSFORMER/minecraft@1.21.1/net.minecraft.util.thread.ReentrantBlockableEventLoop.doRunTask(ReentrantBlockableEventLoop.java:24) ~[neoforge-21.1.219-minecraft-merged.jar%23191!/:?]
	at TRANSFORMER/minecraft@1.21.1/net.minecraft.util.thread.BlockableEventLoop.pollTask(BlockableEventLoop.java:122) ~[neoforge-21.1.219-minecraft-merged.jar%23191!/:?]
	at TRANSFORMER/minecraft@1.21.1/net.minecraft.util.thread.BlockableEventLoop.managedBlock(BlockableEventLoop.java:135) ~[neoforge-21.1.219-minecraft-merged.jar%23191!/:?]
	at TRANSFORMER/minecraft@1.21.1/net.minecraft.client.gui.screens.worldselection.WorldOpenFlows.loadWorldDataBlocking(WorldOpenFlows.java:201) ~[neoforge-21.1.219-minecraft-merged.jar%23191!/:?]
	at TRANSFORMER/minecraft@1.21.1/net.minecraft.client.gui.screens.worldselection.WorldOpenFlows.loadWorldStem(WorldOpenFlows.java:142) ~[neoforge-21.1.219-minecraft-merged.jar%23191!/:?]
	at TRANSFORMER/minecraft@1.21.1/net.minecraft.client.gui.screens.worldselection.WorldOpenFlows.openWorldLoadLevelStem(WorldOpenFlows.java:346) ~[neoforge-21.1.219-minecraft-merged.jar%23191!/:?]
	at TRANSFORMER/minecraft@1.21.1/net.minecraft.client.gui.screens.worldselection.WorldOpenFlows.openWorldCheckVersionCompatibility(WorldOpenFlows.java:335) ~[neoforge-21.1.219-minecraft-merged.jar%23191!/:?]
	at TRANSFORMER/minecraft@1.21.1/net.minecraft.client.gui.screens.worldselection.WorldOpenFlows.openWorldLoadLevelData(WorldOpenFlows.java:297) ~[neoforge-21.1.219-minecraft-merged.jar%23191!/:?]
	at TRANSFORMER/minecraft@1.21.1/net.minecraft.client.gui.screens.worldselection.WorldOpenFlows.openWorld(WorldOpenFlows.java:261) ~[neoforge-21.1.219-minecraft-merged.jar%23191!/:?]
	at TRANSFORMER/minecraft@1.21.1/net.minecraft.client.gui.screens.worldselection.WorldSelectionList$WorldListEntry.joinWorld(WorldSelectionList.java:516) ~[neoforge-21.1.219-minecraft-merged.jar%23191!/:?]
	at TRANSFORMER/minecraft@1.21.1/net.minecraft.client.gui.screens.worldselection.WorldSelectionList$WorldListEntry.mouseClicked(WorldSelectionList.java:499) ~[neoforge-21.1.219-minecraft-merged.jar%23191!/:?]
	at TRANSFORMER/minecraft@1.21.1/net.minecraft.client.gui.components.AbstractSelectionList.mouseClicked(AbstractSelectionList.java:303) ~[neoforge-21.1.219-minecraft-merged.jar%23191!/:?]
	at TRANSFORMER/minecraft@1.21.1/net.minecraft.client.gui.components.events.ContainerEventHandler.mouseClicked(ContainerEventHandler.java:52) ~[neoforge-21.1.219-minecraft-merged.jar%23191!/:?]
	at TRANSFORMER/minecraft@1.21.1/net.minecraft.client.MouseHandler.lambda$onPress$0(MouseHandler.java:103) ~[neoforge-21.1.219-minecraft-merged.jar%23191!/:?]
	at TRANSFORMER/minecraft@1.21.1/net.minecraft.client.gui.screens.Screen.wrapScreenError(Screen.java:471) ~[neoforge-21.1.219-minecraft-merged.jar%23191!/:?]
	at TRANSFORMER/minecraft@1.21.1/net.minecraft.client.MouseHandler.onPress(MouseHandler.java:100) ~[neoforge-21.1.219-minecraft-merged.jar%23191!/:?]
	at TRANSFORMER/minecraft@1.21.1/net.minecraft.client.MouseHandler.lambda$setup$4(MouseHandler.java:212) ~[neoforge-21.1.219-minecraft-merged.jar%23191!/:?]
	at TRANSFORMER/minecraft@1.21.1/net.minecraft.util.thread.BlockableEventLoop.execute(BlockableEventLoop.java:98) ~[neoforge-21.1.219-minecraft-merged.jar%23191!/:?]
	at TRANSFORMER/minecraft@1.21.1/net.minecraft.client.MouseHandler.lambda$setup$5(MouseHandler.java:212) ~[neoforge-21.1.219-minecraft-merged.jar%23191!/:?]
	at MC-BOOTSTRAP/org.lwjgl.glfw@3.3.3+5/org.lwjgl.glfw.GLFWMouseButtonCallbackI.callback(GLFWMouseButtonCallbackI.java:43) ~[lwjgl-glfw-3.3.3.jar%23172!/:build 5]
	at MC-BOOTSTRAP/org.lwjgl@3.3.3+5/org.lwjgl.system.JNI.invokeV(Native Method) ~[lwjgl-3.3.3.jar%23183!/:build 5]
	at MC-BOOTSTRAP/org.lwjgl.glfw@3.3.3+5/org.lwjgl.glfw.GLFW.glfwWaitEventsTimeout(GLFW.java:3509) ~[lwjgl-glfw-3.3.3.jar%23172!/:build 5]
	at TRANSFORMER/minecraft@1.21.1/com.mojang.blaze3d.systems.RenderSystem.limitDisplayFPS(RenderSystem.java:162) ~[neoforge-21.1.219-minecraft-merged.jar%23191!/:?]
	at TRANSFORMER/minecraft@1.21.1/net.minecraft.client.Minecraft.runTick(Minecraft.java:1226) ~[neoforge-21.1.219-minecraft-merged.jar%23191!/:?]
	at TRANSFORMER/minecraft@1.21.1/net.minecraft.client.Minecraft.run(Minecraft.java:813) ~[neoforge-21.1.219-minecraft-merged.jar%23191!/:?]
	at TRANSFORMER/minecraft@1.21.1/net.minecraft.client.main.Main.main(Main.java:230) ~[neoforge-21.1.219-minecraft-merged.jar%23191!/:?]
	at java.base/jdk.internal.reflect.DirectMethodHandleAccessor.invoke(DirectMethodHandleAccessor.java:103) ~[?:?]
	at java.base/java.lang.reflect.Method.invoke(Method.java:580) ~[?:?]
	at MC-BOOTSTRAP/fml_loader@4.0.42/net.neoforged.fml.loading.targets.CommonLaunchHandler.runTarget(CommonLaunchHandler.java:136) ~[loader-4.0.42.jar%23146!/:4.0]
	at MC-BOOTSTRAP/fml_loader@4.0.42/net.neoforged.fml.loading.targets.CommonLaunchHandler.clientService(CommonLaunchHandler.java:124) ~[loader-4.0.42.jar%23146!/:4.0]
	at MC-BOOTSTRAP/fml_loader@4.0.42/net.neoforged.fml.loading.targets.NeoForgeClientDevLaunchHandler.runService(NeoForgeClientDevLaunchHandler.java:23) ~[loader-4.0.42.jar%23146!/:4.0]
	at MC-BOOTSTRAP/fml_loader@4.0.42/net.neoforged.fml.loading.targets.CommonLaunchHandler.lambda$launchService$4(CommonLaunchHandler.java:118) ~[loader-4.0.42.jar%23146!/:4.0]
	at MC-BOOTSTRAP/cpw.mods.modlauncher@11.0.5/cpw.mods.modlauncher.LaunchServiceHandlerDecorator.launch(LaunchServiceHandlerDecorator.java:30) [modlauncher-11.0.5.jar%23128!/:?]
	at MC-BOOTSTRAP/cpw.mods.modlauncher@11.0.5/cpw.mods.modlauncher.LaunchServiceHandler.launch(LaunchServiceHandler.java:53) [modlauncher-11.0.5.jar%23128!/:?]
	at MC-BOOTSTRAP/cpw.mods.modlauncher@11.0.5/cpw.mods.modlauncher.LaunchServiceHandler.launch(LaunchServiceHandler.java:71) [modlauncher-11.0.5.jar%23128!/:?]
	at MC-BOOTSTRAP/cpw.mods.modlauncher@11.0.5/cpw.mods.modlauncher.Launcher.run(Launcher.java:103) [modlauncher-11.0.5.jar%23128!/:?]
	at MC-BOOTSTRAP/cpw.mods.modlauncher@11.0.5/cpw.mods.modlauncher.Launcher.main(Launcher.java:74) [modlauncher-11.0.5.jar%23128!/:?]
	at MC-BOOTSTRAP/cpw.mods.modlauncher@11.0.5/cpw.mods.modlauncher.BootstrapLaunchConsumer.accept(BootstrapLaunchConsumer.java:26) [modlauncher-11.0.5.jar%23128!/:?]
	at MC-BOOTSTRAP/cpw.mods.modlauncher@11.0.5/cpw.mods.modlauncher.BootstrapLaunchConsumer.accept(BootstrapLaunchConsumer.java:23) [modlauncher-11.0.5.jar%23128!/:?]
	at cpw.mods.bootstraplauncher@2.0.2/cpw.mods.bootstraplauncher.BootstrapLauncher.run(BootstrapLauncher.java:210) [bootstraplauncher-2.0.2.jar:?]
	at cpw.mods.bootstraplauncher@2.0.2/cpw.mods.bootstraplauncher.BootstrapLauncher.main(BootstrapLauncher.java:69) [bootstraplauncher-2.0.2.jar:?]
	at java.base/jdk.internal.reflect.DirectMethodHandleAccessor.invoke(DirectMethodHandleAccessor.java:103) ~[?:?]
	at java.base/java.lang.reflect.Method.invoke(Method.java:580) ~[?:?]
	at DevLaunch@1.0.1/net.neoforged.devlaunch.Main.main(Main.java:55) [DevLaunch-1.0.1.jar:?]
[13Mar2026 19:35:03.623] [Render thread/INFO] [net.minecraft.world.item.crafting.RecipeManager/]: Loaded 1592 recipes
[13Mar2026 19:35:03.859] [Render thread/ERROR] [net.minecraft.advancements.AdvancementTree/]: Couldn't load advancements: [jahdoo:augment, jahdoo:augment_core]
[13Mar2026 19:35:03.859] [Render thread/INFO] [net.minecraft.advancements.AdvancementTree/]: Loaded 1513 advancements
[13Mar2026 19:35:03.870] [Render thread/INFO] [Curios API/]: Loaded 19 curio slots
[13Mar2026 19:35:03.880] [Render thread/INFO] [Curios API/]: Loaded 1 curio entities
[13Mar2026 19:35:03.909] [Render thread/INFO] [Moonlight/]: Failed to load custom color set definition {"id":"quark:rune","colors":{"default":"quark:blank_rune"},"replace":false}. Ignoring
[13Mar2026 19:35:03.910] [Render thread/INFO] [Moonlight/]: Failed to load custom color set definition {"id":"suppsquared:sack","colors":{"default":"supplementaries:sack"},"replace":false}. Ignoring
[13Mar2026 19:35:03.910] [Render thread/INFO] [Moonlight/]: Failed to load custom color set definition {"id":"quark:shard","colors":{"default":"quark:clear_shard"},"replace":false}. Ignoring
[13Mar2026 19:35:03.928] [Render thread/WARN] [net.minecraft.core.MappedRegistry/]: Not all defined tags for registry ResourceKey[minecraft:root / minecraft:block] are present in data pack: cataclysm:needs_black_steel_tool, cataclysm:needs_monstrosity_tool
[13Mar2026 19:35:04.510] [Render thread/DEBUG] [net.neoforged.neoforge.common.CommonHooks/WP]: Gathered mod list to write to world save New World
[13Mar2026 19:35:04.546] [Render thread/DEBUG] [mixin/]: Mixing PlayerListMixin from balm.neoforge.mixins.json into net.minecraft.server.players.PlayerList
[13Mar2026 19:35:04.548] [Render thread/DEBUG] [mixin/]: balm.neoforge.mixins.json:PlayerListMixin from mod balm->@Inject::handlePlayerConnection(Lnet/minecraft/network/Connection;Lnet/minecraft/server/level/ServerPlayer;Lnet/minecraft/server/network/CommonListenerCookie;Lorg/spongepowered/asm/mixin/injection/callback/CallbackInfo;)V doesn't use it's CallbackInfo
[13Mar2026 19:35:04.548] [Render thread/DEBUG] [mixin/]: balm.neoforge.mixins.json:PlayerListMixin from mod balm->@Inject::handlePlayerConnection(Lnet/minecraft/network/Connection;Lnet/minecraft/server/level/ServerPlayer;Lnet/minecraft/server/network/CommonListenerCookie;Lorg/spongepowered/asm/mixin/injection/callback/CallbackInfo;)V has 0 override(s) in child classes
[13Mar2026 19:35:04.548] [Render thread/DEBUG] [mixin/]: balm.neoforge.mixins.json:PlayerListMixin from mod balm->@Inject::handlePlayerConnection(Lnet/minecraft/network/Connection;Lnet/minecraft/server/level/ServerPlayer;Lnet/minecraft/server/network/CommonListenerCookie;Lorg/spongepowered/asm/mixin/injection/callback/CallbackInfo;)V won't be passed a CallbackInfo as a result
[13Mar2026 19:35:04.584] [Server thread/INFO] [net.minecraft.client.server.IntegratedServer/]: Starting integrated minecraft server version 1.21.1
[13Mar2026 19:35:04.584] [Server thread/INFO] [net.minecraft.server.MinecraftServer/]: Generating keypair
[13Mar2026 19:35:04.631] [Server thread/DEBUG] [net.neoforged.fml.config.ConfigTracker/CONFIG]: Loading configs type SERVER
[13Mar2026 19:35:04.632] [Server thread/DEBUG] [net.neoforged.fml.config.ConfigTracker/CONFIG]: Loaded TOML config file C:\Users\JayDeeHome\Documents\Development\Jahdoo Neoforge\run\config\curios-server.toml
[13Mar2026 19:35:04.633] [Server thread/DEBUG] [net.neoforged.fml.config.ConfigTracker/CONFIG]: Watching TOML config file C:\Users\JayDeeHome\Documents\Development\Jahdoo Neoforge\run\config\curios-server.toml for changes
[13Mar2026 19:35:04.634] [Server thread/DEBUG] [net.neoforged.neoforge.common.NeoForgeConfig/FORGEMOD]: Loaded NeoForge config file neoforge-server.toml
[13Mar2026 19:35:04.634] [Server thread/DEBUG] [net.neoforged.fml.config.ConfigTracker/CONFIG]: Loaded TOML config file C:\Users\JayDeeHome\Documents\Development\Jahdoo Neoforge\run\config\neoforge-server.toml
[13Mar2026 19:35:04.634] [Server thread/DEBUG] [net.neoforged.fml.config.ConfigTracker/CONFIG]: Watching TOML config file C:\Users\JayDeeHome\Documents\Development\Jahdoo Neoforge\run\config\neoforge-server.toml for changes
[13Mar2026 19:35:04.720] [Server thread/INFO] [net.bettercombat.logic.WeaponRegistry/]: Encoded Weapon Attribute registry size (with package overhead): 3343 bytes (in 1 string chunks with the size of 10000)
[13Mar2026 19:35:04.870] [Server thread/DEBUG] [mixin/]: Mixing accessor.StructureManagerAccessor from cataclysm.mixins.json into net.minecraft.world.level.StructureManager
[13Mar2026 19:35:04.872] [Server thread/DEBUG] [mixin/]: cataclysm.mixins.json:accessor.StructureManagerAccessor from mod cataclysm: Class version 65 required is higher than the class version supported by the current version of Mixin (JAVA_17 supports class version 61)
[13Mar2026 19:35:04.887] [Server thread/DEBUG] [mixin/]: Mixing ScoreboardSaveDataMixin from arcade-utils.mixins.json into net.minecraft.world.scores.ScoreboardSaveData
[13Mar2026 19:35:04.892] [Server thread/DEBUG] [mixin/]: arcade-utils.mixins.json:ScoreboardSaveDataMixin from mod arcade->@Inject::onSaveTeamData(Lnet/minecraft/core/HolderLookup$Provider;Lorg/spongepowered/asm/mixin/injection/callback/CallbackInfoReturnable;)V doesn't use it's CallbackInfoReturnable
[13Mar2026 19:35:04.892] [Server thread/DEBUG] [mixin/]: arcade-utils.mixins.json:ScoreboardSaveDataMixin from mod arcade->@Inject::onSaveTeamData(Lnet/minecraft/core/HolderLookup$Provider;Lorg/spongepowered/asm/mixin/injection/callback/CallbackInfoReturnable;)V has 0 override(s) in child classes
[13Mar2026 19:35:04.892] [Server thread/DEBUG] [mixin/]: arcade-utils.mixins.json:ScoreboardSaveDataMixin from mod arcade->@Inject::onSaveTeamData(Lnet/minecraft/core/HolderLookup$Provider;Lorg/spongepowered/asm/mixin/injection/callback/CallbackInfoReturnable;)V won't be passed a CallbackInfoReturnable as a result
[13Mar2026 19:35:04.892] [Server thread/DEBUG] [mixin/]: arcade-utils.mixins.json:ScoreboardSaveDataMixin from mod arcade->@Inject::onLoadTeamData(Lnet/minecraft/nbt/ListTag;Lnet/minecraft/core/HolderLookup$Provider;Lorg/spongepowered/asm/mixin/injection/callback/CallbackInfo;)V doesn't use it's CallbackInfo
[13Mar2026 19:35:04.892] [Server thread/DEBUG] [mixin/]: arcade-utils.mixins.json:ScoreboardSaveDataMixin from mod arcade->@Inject::onLoadTeamData(Lnet/minecraft/nbt/ListTag;Lnet/minecraft/core/HolderLookup$Provider;Lorg/spongepowered/asm/mixin/injection/callback/CallbackInfo;)V has 0 override(s) in child classes
[13Mar2026 19:35:04.892] [Server thread/DEBUG] [mixin/]: arcade-utils.mixins.json:ScoreboardSaveDataMixin from mod arcade->@Inject::onLoadTeamData(Lnet/minecraft/nbt/ListTag;Lnet/minecraft/core/HolderLookup$Provider;Lorg/spongepowered/asm/mixin/injection/callback/CallbackInfo;)V won't be passed a CallbackInfo as a result
[13Mar2026 19:35:04.960] [Server thread/INFO] [net.minecraft.server.MinecraftServer/]: Preparing start region for dimension minecraft:overworld
[13Mar2026 19:35:05.170] [progressListener/INFO] [net.minecraft.server.level.progress.LoggerChunkProgressListener/]: Preparing spawn area: 0%
[13Mar2026 19:35:05.226] [Server thread/INFO] [net.neoforged.neoforge.server.permission.PermissionAPI/]: Successfully initialized permission handler neoforge:default_handler
[13Mar2026 19:35:05.227] [Server thread/WARN] [net.neoforged.neoforge.common.TagConventionLogWarning/]: 
   Dev warning - Legacy Tags detected. Please migrate your 'forge' namespace tags to the 'c' namespace! See net.neoforged.neoforge.common.Tags.java for all tags.
   NOTE: Many tags have been moved around or renamed. Some new ones were added so please review the new tags.
    And make sure you follow tag conventions for new tags! The convention is `c` with nouns generally being plural and adjectives being singular.
   You can disable this message in NeoForge's common config by setting `logLegacyTagWarnings` to "SILENCED" or see individual tags with "DEV_VERBOSE".

[13Mar2026 19:35:05.229] [progressListener/INFO] [net.minecraft.server.level.progress.LoggerChunkProgressListener/]: Time elapsed: 259 ms
[13Mar2026 19:35:05.547] [Server thread/DEBUG] [mixin/]: Mixing DebugPacketsMixin from moonlight-common.mixins.json into net.minecraft.network.protocol.game.DebugPackets
[13Mar2026 19:35:05.547] [Server thread/DEBUG] [mixin/]: moonlight-common.mixins.json:DebugPacketsMixin from mod moonlight: Class version 65 required is higher than the class version supported by the current version of Mixin (JAVA_17 supports class version 61)
[13Mar2026 19:35:05.557] [Server thread/DEBUG] [mixin/]: moonlight-common.mixins.json:DebugPacketsMixin from mod moonlight->@Inject::ml$sendPathfindingDebug(Lnet/minecraft/world/level/Level;Lnet/minecraft/world/entity/Mob;Lnet/minecraft/world/level/pathfinder/Path;FLorg/spongepowered/asm/mixin/injection/callback/CallbackInfo;)V doesn't use it's CallbackInfo
[13Mar2026 19:35:05.557] [Server thread/DEBUG] [mixin/]: moonlight-common.mixins.json:DebugPacketsMixin from mod moonlight->@Inject::ml$neighborUpdatesDebug(Lnet/minecraft/world/level/Level;Lnet/minecraft/core/BlockPos;Lorg/spongepowered/asm/mixin/injection/callback/CallbackInfo;)V doesn't use it's CallbackInfo
[13Mar2026 19:35:05.557] [Server thread/DEBUG] [mixin/]: moonlight-common.mixins.json:DebugPacketsMixin from mod moonlight->@Inject::ml$gameEvent(Lnet/minecraft/world/level/Level;Lnet/minecraft/core/Holder;Lnet/minecraft/world/phys/Vec3;Lorg/spongepowered/asm/mixin/injection/callback/CallbackInfo;)V doesn't use it's CallbackInfo
[13Mar2026 19:35:05.557] [Server thread/DEBUG] [mixin/]: moonlight-common.mixins.json:DebugPacketsMixin from mod moonlight->@Inject::ml$gameEventListener(Lnet/minecraft/world/level/Level;Lnet/minecraft/world/level/gameevent/GameEventListener;Lorg/spongepowered/asm/mixin/injection/callback/CallbackInfo;)V doesn't use it's CallbackInfo
[13Mar2026 19:35:05.558] [Server thread/DEBUG] [mixin/]: moonlight-common.mixins.json:DebugPacketsMixin from mod moonlight->@Inject::ml$breeze(Lnet/minecraft/world/entity/monster/breeze/Breeze;Lorg/spongepowered/asm/mixin/injection/callback/CallbackInfo;)V doesn't use it's CallbackInfo
[13Mar2026 19:35:05.558] [Server thread/DEBUG] [mixin/]: moonlight-common.mixins.json:DebugPacketsMixin from mod moonlight->@Inject::ml$goalDebug(Lnet/minecraft/world/level/Level;Lnet/minecraft/world/entity/Mob;Lnet/minecraft/world/entity/ai/goal/GoalSelector;Lorg/spongepowered/asm/mixin/injection/callback/CallbackInfo;)V doesn't use it's CallbackInfo
[13Mar2026 19:35:05.558] [Server thread/DEBUG] [mixin/]: moonlight-common.mixins.json:DebugPacketsMixin from mod moonlight->@Inject::ml$StructureDebug(Lnet/minecraft/world/level/WorldGenLevel;Lnet/minecraft/world/level/levelgen/structure/StructureStart;Lorg/spongepowered/asm/mixin/injection/callback/CallbackInfo;)V doesn't use it's CallbackInfo
[13Mar2026 19:35:05.626] [Server thread/INFO] [net.minecraft.client.server.IntegratedServer/]: Changing view distance to 15, from 10
[13Mar2026 19:35:05.626] [Server thread/INFO] [net.minecraft.client.server.IntegratedServer/]: Changing simulation distance to 13, from 0
[13Mar2026 19:35:05.635] [entity-deserializer/DEBUG] [mixin/]: Mixing accessor.BrainAccessor from moonlight-common.mixins.json into net.minecraft.world.entity.ai.Brain
[13Mar2026 19:35:05.635] [entity-deserializer/DEBUG] [mixin/]: moonlight-common.mixins.json:accessor.BrainAccessor from mod moonlight: Class version 65 required is higher than the class version supported by the current version of Mixin (JAVA_17 supports class version 61)
[13Mar2026 19:35:05.693] [Render thread/DEBUG] [io.netty.channel.MultithreadEventLoopGroup/]: -Dio.netty.eventLoopThreads: 16
[13Mar2026 19:35:05.716] [Render thread/DEBUG] [io.netty.util.concurrent.GlobalEventExecutor/]: -Dio.netty.globalEventExecutor.quietPeriodSeconds: 1
[13Mar2026 19:35:05.730] [Render thread/DEBUG] [io.netty.channel.nio.NioEventLoop/]: -Dio.netty.noKeySetOptimization: false
[13Mar2026 19:35:05.730] [Render thread/DEBUG] [io.netty.channel.nio.NioEventLoop/]: -Dio.netty.selectorAutoRebuildThreshold: 512
[13Mar2026 19:35:05.740] [Render thread/DEBUG] [io.netty.util.internal.PlatformDependent/]: org.jctools-core.MpscChunkedArrayQueue: available
[13Mar2026 19:35:05.779] [Render thread/DEBUG] [io.netty.channel.DefaultChannelId/]: -Dio.netty.processId: 1488 (auto-detected)
[13Mar2026 19:35:05.782] [Render thread/DEBUG] [io.netty.util.NetUtil/]: -Djava.net.preferIPv4Stack: false
[13Mar2026 19:35:05.782] [Render thread/DEBUG] [io.netty.util.NetUtil/]: -Djava.net.preferIPv6Addresses: true
[13Mar2026 19:35:05.790] [Render thread/DEBUG] [io.netty.util.NetUtilInitializations/]: Loopback interface: loopback_0 (Software Loopback Interface 1, 0:0:0:0:0:0:0:1)
[13Mar2026 19:35:05.793] [Render thread/DEBUG] [io.netty.util.NetUtil/]: Failed to get SOMAXCONN from sysctl and file \proc\sys\net\core\somaxconn. Default: 200
[13Mar2026 19:35:05.794] [Render thread/DEBUG] [io.netty.channel.DefaultChannelId/]: -Dio.netty.machineId: 00:d8:61:ff:fe:fa:75:72 (auto-detected)
[13Mar2026 19:35:05.987] [Render thread/DEBUG] [io.netty.util.Recycler/]: -Dio.netty.recycler.maxCapacityPerThread: 4096
[13Mar2026 19:35:05.987] [Render thread/DEBUG] [io.netty.util.Recycler/]: -Dio.netty.recycler.ratio: 8
[13Mar2026 19:35:05.987] [Render thread/DEBUG] [io.netty.util.Recycler/]: -Dio.netty.recycler.chunkSize: 32
[13Mar2026 19:35:05.987] [Render thread/DEBUG] [io.netty.util.Recycler/]: -Dio.netty.recycler.blocking: false
[13Mar2026 19:35:05.987] [Render thread/DEBUG] [io.netty.util.Recycler/]: -Dio.netty.recycler.batchFastThreadLocalOnly: true
[13Mar2026 19:35:06.344] [Netty Server IO #1/DEBUG] [net.neoforged.neoforge.network.filters.NetworkFilters/]: Injected net.neoforged.neoforge.network.filters.GenericPacketSplitter@73d1e480 into net.minecraft.network.Connection@446a9a3d
[13Mar2026 19:35:06.360] [Netty Local Client IO #0/DEBUG] [net.neoforged.neoforge.network.filters.NetworkFilters/]: Injected net.neoforged.neoforge.network.filters.GenericPacketSplitter@4f92917b into net.minecraft.network.Connection@107d23d1
[13Mar2026 19:35:06.435] [Render thread/INFO] [net.bettercombat.BetterCombatMod/]: Received config sync packet
[13Mar2026 19:35:06.450] [Render thread/INFO] [net.bettercombat.logic.WeaponRegistry/]: Decoded Weapon Attribute registry in 1 string chunks
[13Mar2026 19:35:06.659] [Render thread/DEBUG] [mixin/]: Mixing MapItemDataPacketMixin from moonlight-common.mixins.json into net.minecraft.network.protocol.game.ClientboundMapItemDataPacket
[13Mar2026 19:35:06.659] [Render thread/DEBUG] [mixin/]: moonlight-common.mixins.json:MapItemDataPacketMixin from mod moonlight: Class version 65 required is higher than the class version supported by the current version of Mixin (JAVA_17 supports class version 61)
[13Mar2026 19:35:06.659] [Render thread/DEBUG] [mixin/]: Renaming synthetic method lambda$moonlight$modifyMapPacketCodec$5(Lnet/minecraft/network/protocol/game/ClientboundMapItemDataPacket;Ljava/util/Optional;Ljava/util/Optional;Lnet/minecraft/resources/ResourceLocation;Ljava/lang/Integer;Ljava/lang/Integer;)Lnet/minecraft/network/protocol/game/ClientboundMapItemDataPacket; to mdd6ddab$moonlight$lambda$moonlight$modifyMapPacketCodec$5$0 in moonlight-common.mixins.json:MapItemDataPacketMixin from mod moonlight
[13Mar2026 19:35:06.659] [Render thread/DEBUG] [mixin/]: Renaming synthetic method lambda$moonlight$modifyMapPacketCodec$4(Lnet/minecraft/network/protocol/game/ClientboundMapItemDataPacket;)Ljava/lang/Integer; to mdd6ddab$moonlight$lambda$moonlight$modifyMapPacketCodec$4$1 in moonlight-common.mixins.json:MapItemDataPacketMixin from mod moonlight
[13Mar2026 19:35:06.659] [Render thread/DEBUG] [mixin/]: Renaming synthetic method lambda$moonlight$modifyMapPacketCodec$3(Lnet/minecraft/network/protocol/game/ClientboundMapItemDataPacket;)Ljava/lang/Integer; to mdd6ddab$moonlight$lambda$moonlight$modifyMapPacketCodec$3$2 in moonlight-common.mixins.json:MapItemDataPacketMixin from mod moonlight
[13Mar2026 19:35:06.660] [Render thread/DEBUG] [mixin/]: Renaming synthetic method lambda$moonlight$modifyMapPacketCodec$2(Lnet/minecraft/network/protocol/game/ClientboundMapItemDataPacket;)Lnet/minecraft/resources/ResourceLocation; to mdd6ddab$moonlight$lambda$moonlight$modifyMapPacketCodec$2$3 in moonlight-common.mixins.json:MapItemDataPacketMixin from mod moonlight
[13Mar2026 19:35:06.660] [Render thread/DEBUG] [mixin/]: Renaming synthetic method lambda$moonlight$modifyMapPacketCodec$1(Lnet/minecraft/network/protocol/game/ClientboundMapItemDataPacket;)Ljava/util/Optional; to mdd6ddab$moonlight$lambda$moonlight$modifyMapPacketCodec$1$4 in moonlight-common.mixins.json:MapItemDataPacketMixin from mod moonlight
[13Mar2026 19:35:06.660] [Render thread/DEBUG] [mixin/]: Renaming synthetic method lambda$moonlight$modifyMapPacketCodec$0(Lnet/minecraft/network/protocol/game/ClientboundMapItemDataPacket;)Ljava/util/Optional; to mdd6ddab$moonlight$lambda$moonlight$modifyMapPacketCodec$0$5 in moonlight-common.mixins.json:MapItemDataPacketMixin from mod moonlight
[13Mar2026 19:35:06.665] [Render thread/DEBUG] [mixin/]: moonlight-common.mixins.json:MapItemDataPacketMixin from mod moonlight->@Inject::moonlight$addExtraCenterAndDimension(Lnet/minecraft/world/level/saveddata/maps/MapId;BZLjava/util/Optional;Ljava/util/Optional;Lorg/spongepowered/asm/mixin/injection/callback/CallbackInfo;)V doesn't use it's CallbackInfo
[13Mar2026 19:35:06.665] [Render thread/DEBUG] [mixin/]: moonlight-common.mixins.json:MapItemDataPacketMixin from mod moonlight->@Inject::handleExtraData(Lnet/minecraft/world/level/saveddata/maps/MapItemSavedData;Lorg/spongepowered/asm/mixin/injection/callback/CallbackInfo;)V doesn't use it's CallbackInfo
[13Mar2026 19:35:06.694] [Render thread/DEBUG] [mixin/]: Mixing ClientboundPlayerInfoUpdatePacketAccessor from arcade-utils.mixins.json into net.minecraft.network.protocol.game.ClientboundPlayerInfoUpdatePacket
[13Mar2026 19:35:06.756] [Render thread/DEBUG] [mixin/]: Mixing ClientPacketListenerMixin from moonlight-common.mixins.json into net.minecraft.client.multiplayer.ClientPacketListener
[13Mar2026 19:35:06.756] [Render thread/DEBUG] [mixin/]: moonlight-common.mixins.json:ClientPacketListenerMixin from mod moonlight: Class version 65 required is higher than the class version supported by the current version of Mixin (JAVA_17 supports class version 61)
[13Mar2026 19:35:06.756] [Render thread/DEBUG] [mixin/]: Mixing MixinClientPacketListener from shouldersurfing.common.mixins.json into net.minecraft.client.multiplayer.ClientPacketListener
[13Mar2026 19:35:06.756] [Render thread/DEBUG] [mixin/]: shouldersurfing.common.mixins.json:MixinClientPacketListener from mod shouldersurfing: Class version 65 required is higher than the class version supported by the current version of Mixin (JAVA_17 supports class version 61)
[13Mar2026 19:35:06.759] [Render thread/DEBUG] [mixin/]: Mixing client.ClientPlayNetworkHandlerMixin from bettercombat.mixins.json into net.minecraft.client.multiplayer.ClientPacketListener
[13Mar2026 19:35:06.759] [Render thread/DEBUG] [mixin/]: bettercombat.mixins.json:client.ClientPlayNetworkHandlerMixin from mod bettercombat: Class version 65 required is higher than the class version supported by the current version of Mixin (JAVA_17 supports class version 61)
[13Mar2026 19:35:06.763] [Render thread/DEBUG] [mixin/]: shouldersurfing.common.mixins.json:MixinClientPacketListener from mod shouldersurfing->@Inject::handleLogin(Lorg/spongepowered/asm/mixin/injection/callback/CallbackInfo;)V doesn't use it's CallbackInfo
[13Mar2026 19:35:06.763] [Render thread/DEBUG] [mixin/]: shouldersurfing.common.mixins.json:MixinClientPacketListener from mod shouldersurfing->@Inject::handleLogin(Lorg/spongepowered/asm/mixin/injection/callback/CallbackInfo;)V has 0 override(s) in child classes
[13Mar2026 19:35:06.763] [Render thread/DEBUG] [mixin/]: shouldersurfing.common.mixins.json:MixinClientPacketListener from mod shouldersurfing->@Inject::handleLogin(Lorg/spongepowered/asm/mixin/injection/callback/CallbackInfo;)V won't be passed a CallbackInfo as a result
[13Mar2026 19:35:06.763] [Render thread/DEBUG] [mixin/]: shouldersurfing.common.mixins.json:MixinClientPacketListener from mod shouldersurfing->@Inject::handleRespawn(Lnet/minecraft/network/protocol/game/ClientboundRespawnPacket;Lorg/spongepowered/asm/mixin/injection/callback/CallbackInfo;)V doesn't use it's CallbackInfo
[13Mar2026 19:35:06.763] [Render thread/DEBUG] [mixin/]: shouldersurfing.common.mixins.json:MixinClientPacketListener from mod shouldersurfing->@Inject::handleRespawn(Lnet/minecraft/network/protocol/game/ClientboundRespawnPacket;Lorg/spongepowered/asm/mixin/injection/callback/CallbackInfo;)V has 0 override(s) in child classes
[13Mar2026 19:35:06.763] [Render thread/DEBUG] [mixin/]: shouldersurfing.common.mixins.json:MixinClientPacketListener from mod shouldersurfing->@Inject::handleRespawn(Lnet/minecraft/network/protocol/game/ClientboundRespawnPacket;Lorg/spongepowered/asm/mixin/injection/callback/CallbackInfo;)V won't be passed a CallbackInfo as a result
[13Mar2026 19:35:06.763] [Render thread/DEBUG] [mixin/]: shouldersurfing.common.mixins.json:MixinClientPacketListener from mod shouldersurfing->@Inject::handleMovePlayer(Lnet/minecraft/network/protocol/game/ClientboundPlayerPositionPacket;Lorg/spongepowered/asm/mixin/injection/callback/CallbackInfo;)V doesn't use it's CallbackInfo
[13Mar2026 19:35:06.763] [Render thread/DEBUG] [mixin/]: shouldersurfing.common.mixins.json:MixinClientPacketListener from mod shouldersurfing->@Inject::handleMovePlayer(Lnet/minecraft/network/protocol/game/ClientboundPlayerPositionPacket;Lorg/spongepowered/asm/mixin/injection/callback/CallbackInfo;)V has 0 override(s) in child classes
[13Mar2026 19:35:06.763] [Render thread/DEBUG] [mixin/]: shouldersurfing.common.mixins.json:MixinClientPacketListener from mod shouldersurfing->@Inject::handleMovePlayer(Lnet/minecraft/network/protocol/game/ClientboundPlayerPositionPacket;Lorg/spongepowered/asm/mixin/injection/callback/CallbackInfo;)V won't be passed a CallbackInfo as a result
[13Mar2026 19:35:06.763] [Render thread/DEBUG] [mixin/]: bettercombat.mixins.json:client.ClientPlayNetworkHandlerMixin from mod bettercombat->@Inject::onParticle_Pre(Lnet/minecraft/network/protocol/game/ClientboundLevelParticlesPacket;Lorg/spongepowered/asm/mixin/injection/callback/CallbackInfo;)V does use it's CallbackInfo
[13Mar2026 19:35:06.795] [Netty Server IO #1/DEBUG] [net.neoforged.neoforge.network.filters.NetworkFilters/]: Injected net.neoforged.neoforge.network.filters.GenericPacketSplitter@6299e645 into net.minecraft.network.Connection@446a9a3d
[13Mar2026 19:35:06.806] [Server thread/DEBUG] [mixin/]: Mixing FoodDataMixin from cataclysm.mixins.json into net.minecraft.world.food.FoodData
[13Mar2026 19:35:06.806] [Server thread/DEBUG] [mixin/]: cataclysm.mixins.json:FoodDataMixin from mod cataclysm: Class version 65 required is higher than the class version supported by the current version of Mixin (JAVA_17 supports class version 61)
[13Mar2026 19:35:06.822] [Server thread/DEBUG] [mixin/]: Mixing PlayerAdvancementsAccessor from arcade-utils.mixins.json into net.minecraft.server.PlayerAdvancements
[13Mar2026 19:35:06.893] [Server thread/INFO] [net.minecraft.server.players.PlayerList/]: Shaydeejay[local:E:8db225ef] logged in with entity id 22 at (13.64890373464108, -60.0, 5.431254616876957)
[13Mar2026 19:35:06.894] [Server thread/DEBUG] [mixin/]: Mixing ServerPlayNetworkHandlerMixin from bettercombat.mixins.json into net.minecraft.server.network.ServerGamePacketListenerImpl
[13Mar2026 19:35:06.894] [Server thread/DEBUG] [mixin/]: bettercombat.mixins.json:ServerPlayNetworkHandlerMixin from mod bettercombat: Class version 65 required is higher than the class version supported by the current version of Mixin (JAVA_17 supports class version 61)
[13Mar2026 19:35:06.907] [Server thread/DEBUG] [mixin/]: Mixing level.CommonPlayerSpawnInfoMixin from arcade-dimensions.mixins.json into net.minecraft.network.protocol.game.CommonPlayerSpawnInfo
[13Mar2026 19:35:06.928] [Render thread/DEBUG] [mixin/]: Mixing client.ClientPlayerInteractionManagerMixin from bettercombat.mixins.json into net.minecraft.client.multiplayer.MultiPlayerGameMode
[13Mar2026 19:35:06.928] [Render thread/DEBUG] [mixin/]: bettercombat.mixins.json:client.ClientPlayerInteractionManagerMixin from mod bettercombat: Class version 65 required is higher than the class version supported by the current version of Mixin (JAVA_17 supports class version 61)
[13Mar2026 19:35:06.931] [Render thread/DEBUG] [mixin/]: bettercombat.mixins.json:client.ClientPlayerInteractionManagerMixin from mod bettercombat->@Inject::cancelBlockBreaking_FixAttackCD(Lorg/spongepowered/asm/mixin/injection/callback/CallbackInfo;)V doesn't use it's CallbackInfo
[13Mar2026 19:35:06.931] [Render thread/DEBUG] [mixin/]: bettercombat.mixins.json:client.ClientPlayerInteractionManagerMixin from mod bettercombat->@Inject::cancelBlockBreaking_FixAttackCD(Lorg/spongepowered/asm/mixin/injection/callback/CallbackInfo;)V has 0 override(s) in child classes
[13Mar2026 19:35:06.931] [Render thread/DEBUG] [mixin/]: bettercombat.mixins.json:client.ClientPlayerInteractionManagerMixin from mod bettercombat->@Inject::cancelBlockBreaking_FixAttackCD(Lorg/spongepowered/asm/mixin/injection/callback/CallbackInfo;)V won't be passed a CallbackInfo as a result
[13Mar2026 19:35:06.968] [Server thread/INFO] [net.minecraft.server.MinecraftServer/]: Shaydeejay joined the game
[13Mar2026 19:35:08.410] [Render thread/WARN] [net.minecraft.client.ClientRecipeBook/]: Unknown recipe category: cataclysm:weapon_fusion/cataclysm:weapon_infusion/wrath_of_the_desert
[13Mar2026 19:35:08.410] [Render thread/WARN] [net.minecraft.client.ClientRecipeBook/]: Unknown recipe category: cataclysm:weapon_fusion/cataclysm:weapon_infusion/void_forge
[13Mar2026 19:35:08.410] [Render thread/WARN] [net.minecraft.client.ClientRecipeBook/]: Unknown recipe category: cataclysm:weapon_fusion/cataclysm:weapon_infusion/brontes
[13Mar2026 19:35:08.410] [Render thread/WARN] [net.minecraft.client.ClientRecipeBook/]: Unknown recipe category: cataclysm:weapon_fusion/cataclysm:weapon_infusion/gauntlet_of_bulwark
[13Mar2026 19:35:08.410] [Render thread/WARN] [net.minecraft.client.ClientRecipeBook/]: Unknown recipe category: cataclysm:weapon_fusion/cataclysm:weapon_infusion/the_immolator
[13Mar2026 19:35:08.410] [Render thread/WARN] [net.minecraft.client.ClientRecipeBook/]: Unknown recipe category: cataclysm:weapon_fusion/cataclysm:weapon_infusion/gauntlet_of_maelstrom
[13Mar2026 19:35:08.410] [Render thread/WARN] [net.minecraft.client.ClientRecipeBook/]: Unknown recipe category: cataclysm:weapon_fusion/cataclysm:weapon_infusion/ignitium_elytra_chestplate
[13Mar2026 19:35:08.410] [Render thread/WARN] [net.minecraft.client.ClientRecipeBook/]: Unknown recipe category: cataclysm:weapon_fusion/cataclysm:weapon_infusion/void_assault_shoulder_weapon
[13Mar2026 19:35:08.410] [Render thread/WARN] [net.minecraft.client.ClientRecipeBook/]: Unknown recipe category: cataclysm:amethyst_bless/cataclysm:amethyst_bless/blessed_amethyst_crab_meat
[13Mar2026 19:35:08.451] [Render thread/INFO] [Moonlight/]: Overriding configs moonlight-common.toml with synced configs (editable)
[13Mar2026 19:35:08.458] [Render thread/INFO] [Moonlight/]: Detected config change in moonlight-common.toml, from neoforge config event
[13Mar2026 19:35:08.462] [Render thread/INFO] [Moonlight/]: Detected config change in moonlight-common.toml, from neoforge config event
[13Mar2026 19:35:08.463] [Render thread/INFO] [Moonlight/]: Synced moonlight-common.toml configs
[13Mar2026 19:35:08.466] [Render thread/INFO] [net.minecraft.advancements.AdvancementTree/]: Loaded 131 advancements
[13Mar2026 19:35:08.665] [Render thread/DEBUG] [GeckoLib/]: Loaded software.bernie.geckolib.event.GeckoLibEventsNeoForge@14d780b3 for service interface software.bernie.geckolib.service.GeckoLibEvents
[13Mar2026 19:35:08.667] [Render thread/DEBUG] [GeckoLib/]: Loaded software.bernie.geckolib.platform.GeckoLibClientNeoForge@1371889a for service interface software.bernie.geckolib.service.GeckoLibClient
[13Mar2026 19:35:08.964] [FileWatcher-1-thread-1/DEBUG] [net.neoforged.fml.config.ConfigWatcher/CONFIG]: Config file moonlight-common.toml changed, re-loading
[13Mar2026 19:35:09.004] [FileWatcher-1-thread-1/INFO] [Moonlight/]: Detected config change in moonlight-common.toml, from neoforge config event
[13Mar2026 19:35:13.279] [Server thread/INFO] [net.minecraft.client.server.IntegratedServer/]: Saving and pausing game...
[13Mar2026 19:35:13.321] [Server thread/INFO] [net.minecraft.server.MinecraftServer/]: Saving chunks for level 'ServerLevel[New World]'/minecraft:overworld
[13Mar2026 19:35:13.336] [Server thread/INFO] [net.minecraft.server.MinecraftServer/]: Saving chunks for level 'ServerLevel[New World]'/minecraft:the_nether
[13Mar2026 19:35:13.336] [Server thread/INFO] [net.minecraft.server.MinecraftServer/]: Saving chunks for level 'ServerLevel[New World]'/minecraft:the_end
[13Mar2026 19:35:13.336] [Server thread/INFO] [net.minecraft.server.MinecraftServer/]: Saving chunks for level 'ServerLevel[New World]'/jahdoo:shaydeejays_home
[13Mar2026 19:35:13.344] [Server thread/DEBUG] [net.neoforged.neoforge.common.CommonHooks/WP]: Gathered mod list to write to world save New World
[13Mar2026 19:35:26.029] [Server thread/INFO] [net.minecraft.client.server.IntegratedServer/]: Saving and pausing game...
[13Mar2026 19:35:26.047] [Server thread/INFO] [net.minecraft.server.MinecraftServer/]: Saving chunks for level 'ServerLevel[New World]'/minecraft:overworld
[13Mar2026 19:35:26.050] [Server thread/INFO] [net.minecraft.server.MinecraftServer/]: Saving chunks for level 'ServerLevel[New World]'/minecraft:the_nether
[13Mar2026 19:35:26.050] [Server thread/INFO] [net.minecraft.server.MinecraftServer/]: Saving chunks for level 'ServerLevel[New World]'/minecraft:the_end
[13Mar2026 19:35:26.050] [Server thread/INFO] [net.minecraft.server.MinecraftServer/]: Saving chunks for level 'ServerLevel[New World]'/jahdoo:shaydeejays_home
[13Mar2026 19:35:26.054] [Server thread/DEBUG] [net.neoforged.neoforge.common.CommonHooks/WP]: Gathered mod list to write to world save New World
[13Mar2026 19:36:09.680] [Server thread/INFO] [net.minecraft.client.server.IntegratedServer/]: Saving and pausing game...
[13Mar2026 19:36:09.693] [Server thread/INFO] [net.minecraft.server.MinecraftServer/]: Saving chunks for level 'ServerLevel[New World]'/minecraft:overworld
[13Mar2026 19:36:09.695] [Server thread/INFO] [net.minecraft.server.MinecraftServer/]: Saving chunks for level 'ServerLevel[New World]'/minecraft:the_nether
[13Mar2026 19:36:09.696] [Server thread/INFO] [net.minecraft.server.MinecraftServer/]: Saving chunks for level 'ServerLevel[New World]'/minecraft:the_end
[13Mar2026 19:36:09.696] [Server thread/INFO] [net.minecraft.server.MinecraftServer/]: Saving chunks for level 'ServerLevel[New World]'/jahdoo:shaydeejays_home
[13Mar2026 19:36:09.701] [Server thread/DEBUG] [net.neoforged.neoforge.common.CommonHooks/WP]: Gathered mod list to write to world save New World
[13Mar2026 19:36:30.681] [Server thread/INFO] [net.minecraft.client.server.IntegratedServer/]: Saving and pausing game...
[13Mar2026 19:36:30.694] [Server thread/INFO] [net.minecraft.server.MinecraftServer/]: Saving chunks for level 'ServerLevel[New World]'/minecraft:overworld
[13Mar2026 19:36:30.696] [Server thread/INFO] [net.minecraft.server.MinecraftServer/]: Saving chunks for level 'ServerLevel[New World]'/minecraft:the_nether
[13Mar2026 19:36:30.696] [Server thread/INFO] [net.minecraft.server.MinecraftServer/]: Saving chunks for level 'ServerLevel[New World]'/minecraft:the_end
[13Mar2026 19:36:30.696] [Server thread/INFO] [net.minecraft.server.MinecraftServer/]: Saving chunks for level 'ServerLevel[New World]'/jahdoo:shaydeejays_home
[13Mar2026 19:36:30.708] [Server thread/DEBUG] [net.neoforged.neoforge.common.CommonHooks/WP]: Gathered mod list to write to world save New World
[13Mar2026 19:37:01.354] [Server thread/INFO] [net.minecraft.server.MinecraftServer/]: [Shaydeejay: Set own game mode to Survival Mode]
[13Mar2026 19:37:01.365] [Render thread/INFO] [net.minecraft.client.gui.components.ChatComponent/]: [System] [CHAT] Set own game mode to Survival Mode
[13Mar2026 19:37:56.180] [Server thread/INFO] [net.minecraft.client.server.IntegratedServer/]: Saving and pausing game...
[13Mar2026 19:37:56.194] [Server thread/INFO] [net.minecraft.server.MinecraftServer/]: Saving chunks for level 'ServerLevel[New World]'/minecraft:overworld
[13Mar2026 19:37:56.196] [Server thread/INFO] [net.minecraft.server.MinecraftServer/]: Saving chunks for level 'ServerLevel[New World]'/minecraft:the_nether
[13Mar2026 19:37:56.196] [Server thread/INFO] [net.minecraft.server.MinecraftServer/]: Saving chunks for level 'ServerLevel[New World]'/minecraft:the_end
[13Mar2026 19:37:56.196] [Server thread/INFO] [net.minecraft.server.MinecraftServer/]: Saving chunks for level 'ServerLevel[New World]'/jahdoo:shaydeejays_home
[13Mar2026 19:37:56.201] [Server thread/DEBUG] [net.neoforged.neoforge.common.CommonHooks/WP]: Gathered mod list to write to world save New World
[13Mar2026 19:38:02.586] [Server thread/INFO] [net.minecraft.server.MinecraftServer/]: [Shaydeejay: Set own game mode to Creative Mode]
[13Mar2026 19:38:02.593] [Render thread/INFO] [net.minecraft.client.gui.components.ChatComponent/]: [System] [CHAT] Set own game mode to Creative Mode
[13Mar2026 19:38:17.931] [Server thread/INFO] [net.minecraft.client.server.IntegratedServer/]: Saving and pausing game...
[13Mar2026 19:38:17.945] [Server thread/INFO] [net.minecraft.server.MinecraftServer/]: Saving chunks for level 'ServerLevel[New World]'/minecraft:overworld
[13Mar2026 19:38:17.947] [Server thread/INFO] [net.minecraft.server.MinecraftServer/]: Saving chunks for level 'ServerLevel[New World]'/minecraft:the_nether
[13Mar2026 19:38:17.947] [Server thread/INFO] [net.minecraft.server.MinecraftServer/]: Saving chunks for level 'ServerLevel[New World]'/minecraft:the_end
[13Mar2026 19:38:17.947] [Server thread/INFO] [net.minecraft.server.MinecraftServer/]: Saving chunks for level 'ServerLevel[New World]'/jahdoo:shaydeejays_home
[13Mar2026 19:38:17.993] [Server thread/DEBUG] [net.neoforged.neoforge.common.CommonHooks/WP]: Gathered mod list to write to world save New World
[13Mar2026 19:39:43.429] [Server thread/INFO] [net.minecraft.client.server.IntegratedServer/]: Saving and pausing game...
[13Mar2026 19:39:43.440] [Server thread/INFO] [net.minecraft.server.MinecraftServer/]: Saving chunks for level 'ServerLevel[New World]'/minecraft:overworld
[13Mar2026 19:39:43.442] [Server thread/INFO] [net.minecraft.server.MinecraftServer/]: Saving chunks for level 'ServerLevel[New World]'/minecraft:the_nether
[13Mar2026 19:39:43.442] [Server thread/INFO] [net.minecraft.server.MinecraftServer/]: Saving chunks for level 'ServerLevel[New World]'/minecraft:the_end
[13Mar2026 19:39:43.442] [Server thread/INFO] [net.minecraft.server.MinecraftServer/]: Saving chunks for level 'ServerLevel[New World]'/jahdoo:shaydeejays_home
[13Mar2026 19:39:43.445] [Server thread/DEBUG] [net.neoforged.neoforge.common.CommonHooks/WP]: Gathered mod list to write to world save New World
[13Mar2026 19:39:44.394] [Render thread/INFO] [net.minecraft.client.gui.components.ChatComponent/]: [System] [CHAT] [Debug]: Hitboxes: shown
[13Mar2026 19:42:16.200] [Server thread/DEBUG] [net.neoforged.neoforge.common.CommonHooks/WP]: Gathered mod list to write to world save New World
[13Mar2026 19:43:06.454] [Server thread/INFO] [net.minecraft.server.MinecraftServer/]: [Shaydeejay: Set own game mode to Survival Mode]
[13Mar2026 19:43:06.462] [Render thread/INFO] [net.minecraft.client.gui.components.ChatComponent/]: [System] [CHAT] Set own game mode to Survival Mode
[13Mar2026 19:43:08.728] [Render thread/INFO] [net.minecraft.client.gui.components.ChatComponent/]: [System] [CHAT] [Debug]: Hitboxes: hidden
[13Mar2026 19:43:48.479] [Server thread/INFO] [net.minecraft.client.server.IntegratedServer/]: Saving and pausing game...
[13Mar2026 19:43:48.491] [Server thread/INFO] [net.minecraft.server.MinecraftServer/]: Saving chunks for level 'ServerLevel[New World]'/minecraft:overworld
[13Mar2026 19:43:48.492] [Server thread/INFO] [net.minecraft.server.MinecraftServer/]: Saving chunks for level 'ServerLevel[New World]'/minecraft:the_nether
[13Mar2026 19:43:48.492] [Server thread/INFO] [net.minecraft.server.MinecraftServer/]: Saving chunks for level 'ServerLevel[New World]'/minecraft:the_end
[13Mar2026 19:43:48.492] [Server thread/INFO] [net.minecraft.server.MinecraftServer/]: Saving chunks for level 'ServerLevel[New World]'/jahdoo:shaydeejays_home
[13Mar2026 19:43:48.501] [Server thread/DEBUG] [net.neoforged.neoforge.common.CommonHooks/WP]: Gathered mod list to write to world save New World
[13Mar2026 19:43:50.180] [Server thread/INFO] [net.minecraft.client.server.IntegratedServer/]: Saving and pausing game...
[13Mar2026 19:43:50.192] [Server thread/INFO] [net.minecraft.server.MinecraftServer/]: Saving chunks for level 'ServerLevel[New World]'/minecraft:overworld
[13Mar2026 19:43:50.194] [Server thread/INFO] [net.minecraft.server.MinecraftServer/]: Saving chunks for level 'ServerLevel[New World]'/minecraft:the_nether
[13Mar2026 19:43:50.194] [Server thread/INFO] [net.minecraft.server.MinecraftServer/]: Saving chunks for level 'ServerLevel[New World]'/minecraft:the_end
[13Mar2026 19:43:50.194] [Server thread/INFO] [net.minecraft.server.MinecraftServer/]: Saving chunks for level 'ServerLevel[New World]'/jahdoo:shaydeejays_home
[13Mar2026 19:43:50.236] [Server thread/DEBUG] [net.neoforged.neoforge.common.CommonHooks/WP]: Gathered mod list to write to world save New World
[13Mar2026 19:43:50.536] [Server thread/INFO] [net.minecraft.server.network.ServerGamePacketListenerImpl/]: Shaydeejay lost connection: Disconnected
[13Mar2026 19:43:50.536] [Server thread/INFO] [net.minecraft.server.MinecraftServer/]: Shaydeejay left the game
[13Mar2026 19:43:50.546] [Server thread/INFO] [net.minecraft.server.network.ServerCommonPacketListenerImpl/]: Stopping singleplayer server as player logged out
[13Mar2026 19:43:50.600] [Server thread/INFO] [net.minecraft.server.MinecraftServer/]: Stopping server
[13Mar2026 19:43:50.600] [Server thread/INFO] [net.minecraft.server.MinecraftServer/]: Saving players
[13Mar2026 19:43:50.600] [Server thread/INFO] [net.minecraft.server.MinecraftServer/]: Saving worlds
[13Mar2026 19:43:50.656] [Server thread/INFO] [net.minecraft.server.MinecraftServer/]: Saving chunks for level 'ServerLevel[New World]'/minecraft:overworld
[13Mar2026 19:43:50.680] [Server thread/INFO] [net.minecraft.server.MinecraftServer/]: Saving chunks for level 'ServerLevel[New World]'/minecraft:the_nether
[13Mar2026 19:43:50.687] [Server thread/INFO] [net.minecraft.server.MinecraftServer/]: Saving chunks for level 'ServerLevel[New World]'/minecraft:the_end
[13Mar2026 19:43:50.692] [Server thread/INFO] [net.minecraft.server.MinecraftServer/]: Saving chunks for level 'ServerLevel[New World]'/jahdoo:shaydeejays_home
[13Mar2026 19:43:50.700] [Server thread/DEBUG] [net.neoforged.neoforge.common.CommonHooks/WP]: Gathered mod list to write to world save New World
[13Mar2026 19:43:50.710] [Server thread/INFO] [net.minecraft.server.MinecraftServer/]: ThreadedAnvilChunkStorage (New World): All chunks are saved
[13Mar2026 19:43:50.710] [Server thread/INFO] [net.minecraft.server.MinecraftServer/]: ThreadedAnvilChunkStorage (DIM-1): All chunks are saved
[13Mar2026 19:43:50.712] [Server thread/INFO] [net.minecraft.server.MinecraftServer/]: ThreadedAnvilChunkStorage (DIM1): All chunks are saved
[13Mar2026 19:43:50.712] [Server thread/INFO] [net.minecraft.server.MinecraftServer/]: ThreadedAnvilChunkStorage (shaydeejays_home): All chunks are saved
[13Mar2026 19:43:50.712] [Server thread/INFO] [net.minecraft.server.MinecraftServer/]: ThreadedAnvilChunkStorage: All dimensions are saved
[13Mar2026 19:43:50.742] [Server thread/DEBUG] [net.neoforged.fml.config.ConfigTracker/CONFIG]: Unloading configs type SERVER
[13Mar2026 19:43:51.396] [Render thread/INFO] [net.minecraft.client.Minecraft/]: Stopping!
