[27Mar2026 12:27:38.546] [main/INFO] [cpw.mods.modlauncher.Launcher/MODLAUNCHER]: ModLauncher running: args [--launchTarget, forgeclientdev, --version, 21.1.219, --assetIndex, 17, --assetsDir, C:\\Users\\JayDeeHome\\.gradle\\caches\\neoformruntime\\assets, --gameDir, ., --fml.fmlVersion, 4.0.42, --fml.mcVersion, 1.21.1, --fml.neoForgeVersion, 21.1.219, --fml.neoFormVersion, 20240808.144430]
[27Mar2026 12:27:38.577] [main/INFO] [cpw.mods.modlauncher.Launcher/MODLAUNCHER]: JVM identified as Amazon.com Inc. OpenJDK 64-Bit Server VM 21.0.7+6-LTS
[27Mar2026 12:27:38.578] [main/INFO] [cpw.mods.modlauncher.Launcher/MODLAUNCHER]: ModLauncher 11.0.5+main.901c6ea8 starting: java version 21.0.7 by Amazon.com Inc.; OS Windows 11 arch amd64 version 10.0
[27Mar2026 12:27:38.652] [main/WARN] [net.neoforged.fml.loading.FMLConfig/CORE]: Configuration file C:\Users\JayDeeHome\Documents\Development\Jahdoo Neoforge\run\config\fml.toml is not correct. Correcting
[27Mar2026 12:27:38.705] [main/INFO] [net.neoforged.fml.loading.ImmediateWindowHandler/]: Loading ImmediateWindowProvider fmlearlywindow
[27Mar2026 12:27:38.813] [main/INFO] [EARLYDISPLAY/]: Trying GL version 4.6
[27Mar2026 12:27:38.991] [main/INFO] [EARLYDISPLAY/]: Requested GL version 4.6 got version 4.6
[27Mar2026 12:27:39.121] [main/INFO] [mixin/]: SpongePowered MIXIN Subsystem Version=0.8.7 Source=union:/C:/Users/JayDeeHome/.gradle/caches/modules-2/files-2.1/net.fabricmc/sponge-mixin/0.15.2+mixin.0.8.7/2af2f021d8e02a0220dc27a7a72b4666d66d44ca/sponge-mixin-0.15.2+mixin.0.8.7.jar%23138!/ Service=ModLauncher Env=CLIENT
[27Mar2026 12:27:39.132] [main/WARN] [net.neoforged.fml.loading.FMLConfig/CORE]: Configuration file C:\Users\JayDeeHome\Documents\Development\Jahdoo Neoforge\run\config\fml.toml is not correct. Correcting
[27Mar2026 12:27:39.340] [pool-2-thread-1/INFO] [EARLYDISPLAY/]: GL info: NVIDIA GeForce RTX 2070 SUPER/PCIe/SSE2 GL version 4.6.0 NVIDIA 591.86, NVIDIA Corporation
[27Mar2026 12:27:39.878] [main/INFO] [net.neoforged.fml.loading.moddiscovery.locators.JarInJarDependencyLocator/]: Found 18 dependencies adding them to mods collection
[27Mar2026 12:27:39.881] [main/INFO] [net.neoforged.fml.loading.moddiscovery.ModDiscoverer/]: 
     Mod List:
		Name Version (Mod Id)

		Arcade 0.5.1 (arcade)
		Balm 21.0.56 (balm)
		Better Combat 2.2.4+1.21.1 (bettercombat)
		Cloth Config v15 API 15.0.140 (cloth_config)
		Curios API 9.4.2+1.21.1 (curios)
		DevAuth 1.2.1 (devauth)
		Forgified Fabric API Base 0.4.42+d1308ded19 (fabric_api_base)
		Forgified Fabric BlockView API (v2) 1.0.10+9afaaf8c19 (fabric_block_view_api_v2)
		Forgified Fabric Renderer API (v1) 3.4.0+acb05a3919 (fabric_renderer_api_v1)
		Forgified Fabric Rendering Data Attachment (v1) 0.3.48+73761d2e19 (fabric_rendering_data_attachment_v1)
		GeckoLib 4 4.8.3 (geckolib)
		Iris 1.8.12-snapshot+mc1.21.1-local (iris)
		Jahdoo 1.21-1.0 (jahdoo)
		Kotlin For Forge 5.11.0 (kotlinforforge)
		KumaAPI 21.0.7 (kuma_api)
		L_Ender's Cataclysm 1.21.1 3.23 (cataclysm)
		lionfishapi 2.6 (lionfishapi)
		Loot Beams Neoforge 0.5.3 (loot_beams_neoforge)
		Minecraft 1.21.1 (minecraft)
		MmmMmmMmmMmm 1.21-2.0.11 (dummmmmmy)
		Moonlight Lib 1.21-2.29.20 (moonlight)
		NeoForge 21.1.219 (neoforge)
		Player Animator 2.0.1+1.21.1 (playeranimator)
		ShaydeeAPI 0.1-ALPHA (shaydeeapi)
		Shoulder Surfing Reloaded 1.21.1-4.10.4 (shouldersurfing)
		Sodium 0.6.13+mc1.21.1 (sodium)
		Sodium Extra 0.6.0+mc1.21.1 (sodium_extra)
		Waystones 21.1.26 (waystones)
[27Mar2026 12:27:41.025] [main/INFO] [mixin/]: Compatibility level set to JAVA_17
[27Mar2026 12:27:41.027] [main/INFO] [mixin/]: Compatibility level set to JAVA_21
[27Mar2026 12:27:41.080] [main/INFO] [cpw.mods.modlauncher.LaunchServiceHandler/MODLAUNCHER]: Launching target 'forgeclientdev' with arguments [--version, 21.1.219, --gameDir, ., --assetsDir, C:\Users\JayDeeHome\.gradle\caches\neoformruntime\assets, --assetIndex, 17]
[27Mar2026 12:27:41.119] [main/WARN] [mixin/]: Reference map 'kuma_api.refmap.json' for kuma_api.mixins.json could not be read. If this is a development environment you can ignore this message
[27Mar2026 12:27:41.139] [main/INFO] [Sodium Extra Config/]: Loaded configuration file for Sodium Extra: 36 options available, 0 override(s) found
[27Mar2026 12:27:41.140] [main/WARN] [mixin/]: Reference map 'sodium-extra.refmap.json' for sodium-extra.mixins.json could not be read. If this is a development environment you can ignore this message
[27Mar2026 12:27:41.141] [main/WARN] [mixin/]: Reference map 'geckolib.refmap.json' for geckolib.mixins.json could not be read. If this is a development environment you can ignore this message
[27Mar2026 12:27:41.141] [main/WARN] [mixin/]: Reference map 'shouldersurfing.refmap.json' for shouldersurfing.common.mixins.json could not be read. If this is a development environment you can ignore this message
[27Mar2026 12:27:41.141] [main/WARN] [mixin/]: Reference map 'shouldersurfing.refmap.json' for shouldersurfing.common.compat.mixins.json could not be read. If this is a development environment you can ignore this message
[27Mar2026 12:27:41.144] [main/WARN] [mixin/]: Reference map 'shouldersurfing.refmap.json' for shouldersurfing.neoforge.compat.mixins.json could not be read. If this is a development environment you can ignore this message
[27Mar2026 12:27:41.146] [main/WARN] [mixin/]: Reference map 'loot_beams_neoforge.refmap.json' for loot_beams_neoforge.mixins.json could not be read. If this is a development environment you can ignore this message
[27Mar2026 12:27:41.146] [main/WARN] [mixin/]: Reference map 'lionfishapi.refmap.json' for lionfishapi.mixins.json could not be read. If this is a development environment you can ignore this message
[27Mar2026 12:27:41.146] [main/WARN] [mixin/]: Reference map 'curios.refmap.json' for curios.neoforge.mixins.json could not be read. If this is a development environment you can ignore this message
[27Mar2026 12:27:41.147] [main/WARN] [mixin/]: Reference map 'curios.refmap.json' for curios.mixins.json could not be read. If this is a development environment you can ignore this message
[27Mar2026 12:27:41.147] [main/WARN] [mixin/]: Reference map 'cataclysm.refmap.json' for cataclysm.mixins.json could not be read. If this is a development environment you can ignore this message
[27Mar2026 12:27:41.148] [main/WARN] [mixin/]: Reference map 'waystones.refmap.json' for waystones.mixins.json could not be read. If this is a development environment you can ignore this message
[27Mar2026 12:27:41.150] [main/WARN] [mixin/]: Reference map 'iris.refmap.json' for mixins.iris.json could not be read. If this is a development environment you can ignore this message
[27Mar2026 12:27:41.151] [main/WARN] [mixin/]: Reference map 'iris.refmap.json' for mixins.iris.fantastic.json could not be read. If this is a development environment you can ignore this message
[27Mar2026 12:27:41.151] [main/WARN] [mixin/]: Reference map 'iris.refmap.json' for mixins.iris.vertexformat.json could not be read. If this is a development environment you can ignore this message
[27Mar2026 12:27:41.151] [main/WARN] [mixin/]: Reference map 'iris.refmap.json' for iris-batched-entity-rendering.mixins.json could not be read. If this is a development environment you can ignore this message
[27Mar2026 12:27:41.152] [main/WARN] [mixin/]: Reference map 'iris.refmap.json' for mixins.iris.compat.sodium.json could not be read. If this is a development environment you can ignore this message
[27Mar2026 12:27:41.154] [main/WARN] [mixin/]: Reference map 'balm.refmap.json' for balm.mixins.json could not be read. If this is a development environment you can ignore this message
[27Mar2026 12:27:41.160] [main/INFO] [Sodium/]: Loaded configuration file for Sodium: 43 options available, 1 override(s) found
[27Mar2026 12:27:41.593] [main/WARN] [mixin/]: Error loading class: com/mrcrayfish/guns/client/handler/RecoilHandler (java.lang.ClassNotFoundException: com.mrcrayfish.guns.client.handler.RecoilHandler)
[27Mar2026 12:27:41.594] [main/WARN] [mixin/]: Error loading class: com/cobblemon/mod/common/util/PlayerExtensionsKt (java.lang.ClassNotFoundException: com.cobblemon.mod.common.util.PlayerExtensionsKt)
[27Mar2026 12:27:41.596] [main/WARN] [mixin/]: Error loading class: com/cobblemon/mod/common/client/render/pokemon/PokemonRenderer (java.lang.ClassNotFoundException: com.cobblemon.mod.common.client.render.pokemon.PokemonRenderer)
[27Mar2026 12:27:41.596] [main/WARN] [mixin/]: Error loading class: traben/entity_model_features/models/parts/EMFModelPartCustom$EMFCube (java.lang.ClassNotFoundException: traben.entity_model_features.models.parts.EMFModelPartCustom$EMFCube)
[27Mar2026 12:27:41.597] [main/WARN] [mixin/]: Error loading class: yesman/epicfight/client/events/engine/RenderEngine (java.lang.ClassNotFoundException: yesman.epicfight.client.events.engine.RenderEngine)
[27Mar2026 12:27:41.597] [main/WARN] [mixin/]: Error loading class: dev/tr7zw/skinlayers/render/CustomizableModelPart (java.lang.ClassNotFoundException: dev.tr7zw.skinlayers.render.CustomizableModelPart)
[27Mar2026 12:27:41.598] [main/WARN] [mixin/]: Error loading class: mcjty/theoneprobe/rendering/OverlayRenderer (java.lang.ClassNotFoundException: mcjty.theoneprobe.rendering.OverlayRenderer)
[27Mar2026 12:27:41.598] [main/WARN] [mixin/]: Error loading class: net/tslat/tes/core/hud/TESHud (java.lang.ClassNotFoundException: net.tslat.tes.core.hud.TESHud)
[27Mar2026 12:27:41.747] [main/WARN] [mixin/]: Error loading class: com/portingdeadmods/cable_facades/events/GameClientEvents$2 (java.lang.ClassNotFoundException: com.portingdeadmods.cable_facades.events.GameClientEvents$2)
[27Mar2026 12:27:41.748] [main/WARN] [mixin/]: Error loading class: com/direwolf20/justdirethings/client/renderers/OurRenderTypes (java.lang.ClassNotFoundException: com.direwolf20.justdirethings.client.renderers.OurRenderTypes)
[27Mar2026 12:27:41.748] [main/WARN] [mixin/]: Error loading class: mekanism/client/render/entity/RenderFlame (java.lang.ClassNotFoundException: mekanism.client.render.entity.RenderFlame)
[27Mar2026 12:27:41.750] [main/WARN] [mixin/]: Error loading class: mekanism/client/render/armor/MekaSuitArmor (java.lang.ClassNotFoundException: mekanism.client.render.armor.MekaSuitArmor)
[27Mar2026 12:27:41.750] [main/WARN] [mixin/]: Error loading class: mekanism/client/render/lib/effect/BillboardingEffectRenderer (java.lang.ClassNotFoundException: mekanism.client.render.lib.effect.BillboardingEffectRenderer)
[27Mar2026 12:27:41.753] [main/WARN] [mixin/]: Error loading class: blusunrize/immersiveengineering/client/utils/IEGLShaders (java.lang.ClassNotFoundException: blusunrize.immersiveengineering.client.utils.IEGLShaders)
[27Mar2026 12:27:41.795] [main/WARN] [Sodium/]: Force-disabling mixin 'features.render.world.sky.FogRendererMixin' as rule 'mixin.features.render.world.sky' (added by mods [iris]) disables it and children
[27Mar2026 12:27:41.796] [main/WARN] [Sodium/]: Force-disabling mixin 'features.render.world.sky.ClientLevelMixin' as rule 'mixin.features.render.world.sky' (added by mods [iris]) disables it and children
[27Mar2026 12:27:41.796] [main/WARN] [Sodium/]: Force-disabling mixin 'features.render.world.sky.LevelRendererMixin' as rule 'mixin.features.render.world.sky' (added by mods [iris]) disables it and children
[27Mar2026 12:27:41.968] [main/INFO] [MixinExtras|Service/]: Initializing MixinExtras via com.llamalad7.mixinextras.service.MixinExtrasServiceImpl(version=0.5.0).
[27Mar2026 12:27:42.538] [main/INFO] [DevAuth/Microsoft/]: Fetching token session
[27Mar2026 12:27:42.538] [main/INFO] [DevAuth/Microsoft/]: Fetching token xsts
[27Mar2026 12:27:42.538] [main/INFO] [DevAuth/Microsoft/]: Fetching token xbl
[27Mar2026 12:27:42.538] [main/INFO] [DevAuth/Microsoft/]: Fetching token oauth
[27Mar2026 12:27:42.538] [main/INFO] [DevAuth/Microsoft/]: Attempting to refresh OAuth token
[27Mar2026 12:27:43.491] [main/INFO] [DevAuth/Microsoft/]: Fetched token oauth (Expiry: 2026-03-27T13:27:43Z or in 00:00:59:59)
[27Mar2026 12:27:43.984] [main/INFO] [DevAuth/Microsoft/]: Fetched token xbl (Expiry: 2026-03-31T12:27:44Z or in 04:00:00:00)
[27Mar2026 12:27:44.508] [main/INFO] [DevAuth/Microsoft/]: Fetched token xsts (Expiry: 2026-03-28T04:27:44Z or in 00:15:59:59)
[27Mar2026 12:27:45.190] [main/INFO] [DevAuth/Microsoft/]: Fetched token session (Expiry: 2026-03-28T12:27:45Z or in 00:23:59:59)
[27Mar2026 12:27:45.301] [main/INFO] [DevAuth/]: Successfully logged in as Shaydeejay
[27Mar2026 12:27:46.530] [Datafixer Bootstrap/INFO] [com.mojang.datafixers.DataFixerBuilder/]: 229 Datafixer optimizations took 348 milliseconds
[27Mar2026 12:27:52.522] [main/WARN] [net.minecraft.commands.Commands/]: Ambiguity between arguments [teleport, location] and [teleport, destination] with inputs: [0.1 -0.5 .9, 0 0 0]
[27Mar2026 12:27:52.523] [main/WARN] [net.minecraft.commands.Commands/]: Ambiguity between arguments [teleport, location] and [teleport, targets] with inputs: [0.1 -0.5 .9, 0 0 0]
[27Mar2026 12:27:52.529] [main/WARN] [net.minecraft.commands.Commands/]: Ambiguity between arguments [teleport, destination] and [teleport, targets] with inputs: [Player, 0123, @e, dd12be42-52a9-4a91-a8a1-11c01849e498]
[27Mar2026 12:27:52.530] [main/WARN] [net.minecraft.commands.Commands/]: Ambiguity between arguments [teleport, targets] and [teleport, destination] with inputs: [Player, 0123, dd12be42-52a9-4a91-a8a1-11c01849e498]
[27Mar2026 12:27:52.532] [main/WARN] [net.minecraft.commands.Commands/]: Ambiguity between arguments [teleport, targets, location] and [teleport, targets, destination] with inputs: [0.1 -0.5 .9, 0 0 0]
[27Mar2026 12:27:52.732] [Render thread/WARN] [net.minecraft.server.packs.VanillaPackResourcesBuilder/]: Assets URL 'union:/C:/Users/JayDeeHome/Documents/Development/Jahdoo%20Neoforge/build/moddev/artifacts/neoforge-21.1.219-minecraft-merged.jar%23194!/assets/.mcassetsroot' uses unexpected schema
[27Mar2026 12:27:52.733] [Render thread/WARN] [net.minecraft.server.packs.VanillaPackResourcesBuilder/]: Assets URL 'union:/C:/Users/JayDeeHome/Documents/Development/Jahdoo%20Neoforge/build/moddev/artifacts/neoforge-21.1.219-minecraft-merged.jar%23194!/data/.mcassetsroot' uses unexpected schema
[27Mar2026 12:27:52.764] [Render thread/INFO] [com.mojang.authlib.yggdrasil.YggdrasilAuthenticationService/]: Environment: Environment[sessionHost=https://sessionserver.mojang.com, servicesHost=https://api.minecraftservices.com, name=PROD]
[27Mar2026 12:27:52.775] [Render thread/INFO] [net.minecraft.client.Minecraft/]: Setting user: Shaydeejay
[27Mar2026 12:27:52.944] [Render thread/INFO] [net.minecraft.client.Minecraft/]: Backend library: LWJGL version 3.3.3+5
[27Mar2026 12:27:53.008] [Render thread/INFO] [com.mojang.blaze3d.platform.Window/]: OpenGL Vendor: NVIDIA Corporation
[27Mar2026 12:27:53.008] [Render thread/INFO] [com.mojang.blaze3d.platform.Window/]: OpenGL Renderer: NVIDIA GeForce RTX 2070 SUPER/PCIe/SSE2
[27Mar2026 12:27:53.008] [Render thread/INFO] [com.mojang.blaze3d.platform.Window/]: OpenGL Version: 4.6.0 NVIDIA 591.86
[27Mar2026 12:27:53.013] [Render thread/INFO] [Sodium-NvidiaWorkarounds/]: Modifying OpenGL context to apply workarounds for the NVIDIA graphics driver...
[27Mar2026 12:27:53.179] [Render thread/INFO] [Iris/]: Debug functionality is disabled.
[27Mar2026 12:27:53.184] [Render thread/INFO] [Iris/]: OpenGL 4.5 detected, enabling DSA.
[27Mar2026 12:27:53.184] [ForkJoinPool.commonPool-worker-5/WARN] [Iris/]: [Iris Update Check] This version doesn't have an update index, skipping.
[27Mar2026 12:27:53.228] [Render thread/INFO] [Iris/]: Shaders are disabled because enableShaders is set to false in iris.properties
[27Mar2026 12:27:53.429] [modloading-worker-0/INFO] [net.neoforged.neoforge.common.NeoForgeMod/NEOFORGE-MOD]: NeoForge mod loading, version 21.1.219, for MC 1.21.1
[27Mar2026 12:27:53.446] [modloading-worker-0/INFO] [Moonlight/]: Detected config change in moonlight-common.toml, from neoforge config event
[27Mar2026 12:27:53.753] [modloading-worker-0/INFO] [net.blay09.mods.balm.neoforge.config.NeoForgeBalmConfig/]: Registering config for waystones:common (COMMON) with 31 properties.
[27Mar2026 12:27:54.224] [modloading-worker-0/INFO] [thedarkcolour.kotlinforforge.neoforge.test.KotlinForForge/]: Kotlin For Forge Enabled!
[27Mar2026 12:27:54.232] [modloading-worker-0/INFO] [arcade/]: Initializing Arcade!
[27Mar2026 12:27:55.897] [modloading-sync-worker/INFO] [Moonlight/]: Initialized block sets in 10ms
[27Mar2026 12:27:56.390] [modloading-sync-worker/INFO] [Moonlight/]: Detected config change in moonlight-common.toml, from neoforge config event
[27Mar2026 12:27:56.522] [Render thread/INFO] [Moonlight/]: Merging 1 images using mode MIN_AREA_NO_UPSCALE
[27Mar2026 12:27:57.347] [Render thread/INFO] [Iris/]: Hardware information:
[27Mar2026 12:27:57.347] [Render thread/INFO] [Iris/]: CPU: 8x Intel(R) Core(TM) i7-9700K CPU @ 3.60GHz
[27Mar2026 12:27:57.347] [Render thread/INFO] [Iris/]: GPU: NVIDIA GeForce RTX 2070 SUPER/PCIe/SSE2 (Supports OpenGL 4.6.0 NVIDIA 591.86)
[27Mar2026 12:27:57.347] [Render thread/INFO] [Iris/]: OS: Windows 11 (10.0)
[27Mar2026 12:27:57.611] [Render thread/INFO] [net.neoforged.neoforge.gametest.GameTestHooks/]: Enabled Gametest Namespaces: [jahdoo]
[27Mar2026 12:27:58.328] [Render thread/INFO] [net.minecraft.server.packs.resources.ReloadableResourceManager/]: Reloading ResourceManager: vanilla, mod_resources, mod/sodium, mod/kuma_api, mod/moonlight, mod/fabric_renderer_api_v1, mod/fabric_api_base, mod/sodium_extra, mod/devauth, mod/geckolib, mod/shouldersurfing, mod/playeranimator, mod/loot_beams_neoforge, mod/lionfishapi, mod/kotlinforforge, mod/curios, mod/cataclysm, mod/waystones, mod/neoforge, mod/fabric_block_view_api_v2, mod/iris, mod/arcade, mod/balm, mod/fabric_rendering_data_attachment_v1, mod/shaydeeapi, mod/cloth_config, mod/bettercombat, mod/dummmmmmy, mod/jahdoo, moonlight:merged_pack
[27Mar2026 12:27:58.358] [Worker-Main-1/INFO] [Moonlight/]: Resource cache state for CLIENT_RESOURCES: up to date
[27Mar2026 12:27:58.359] [Worker-Main-1/INFO] [Moonlight/]: Starting runtime resource generation for pack type CLIENT_RESOURCES with generators [moonlight:dynamic_resources]
[27Mar2026 12:27:58.362] [Worker-Main-1/INFO] [Moonlight/]: Regenerating Dynamic CLIENT_RESOURCES Resources Provider [moonlight:dynamic_resources], requested by strategy REGEN_ON_EVERY_RELOAD
[27Mar2026 12:27:58.368] [Worker-Main-1/INFO] [Moonlight/]: Generated runtime CLIENT_RESOURCES for pack moonlight:dynamic_resources in 6.516 ms
[27Mar2026 12:27:58.370] [Worker-Main-1/INFO] [Moonlight/]: Finished runtime resources generation for 1 packs in a total of 10.56 ms 
[27Mar2026 12:27:58.514] [NeoForge Version Check/INFO] [net.neoforged.fml.VersionChecker/]: [moonlight] Starting version check at https://api.modrinth.com/updates/moonlight/neoforge_updates.json
[27Mar2026 12:27:58.537] [Worker-Main-2/WARN] [GeckoLib/]: Unsupported geometry json version for model jahdoo:geo/item/common_wand.geo.json. Supported versions: 1.12.0
[27Mar2026 12:27:58.540] [Worker-Main-2/WARN] [GeckoLib/]: Unsupported geometry json version for model jahdoo:geo/item/elemental_staff.geo.json. Supported versions: 1.12.0
[27Mar2026 12:27:58.552] [Render thread/INFO] [Moonlight/]: Initialized color sets in 18ms
[27Mar2026 12:27:58.775] [Worker-Main-1/INFO] [net.minecraft.client.gui.font.providers.UnihexProvider/]: Found unifont_all_no_pua-15.1.05.hex, loading
[27Mar2026 12:27:59.127] [Worker-Main-4/WARN] [net.minecraft.client.renderer.texture.SpriteContents/]: Invalid frame index on sprite jahdoo:item/augment_hyper_core frame 1: 1
[27Mar2026 12:27:59.128] [Worker-Main-4/WARN] [net.minecraft.client.renderer.texture.SpriteContents/]: Invalid frame index on sprite jahdoo:item/augment_hyper_core frame 2: 2
[27Mar2026 12:27:59.128] [Worker-Main-4/WARN] [net.minecraft.client.renderer.texture.SpriteContents/]: Invalid frame index on sprite jahdoo:item/augment_hyper_core frame 3: 3
[27Mar2026 12:27:59.128] [Worker-Main-4/WARN] [net.minecraft.client.renderer.texture.SpriteContents/]: Invalid frame index on sprite jahdoo:item/augment_hyper_core frame 4: 4
[27Mar2026 12:27:59.128] [Worker-Main-4/WARN] [net.minecraft.client.renderer.texture.SpriteContents/]: Invalid frame index on sprite jahdoo:item/augment_hyper_core frame 5: 5
[27Mar2026 12:27:59.128] [Worker-Main-4/WARN] [net.minecraft.client.renderer.texture.SpriteContents/]: Invalid frame index on sprite jahdoo:item/augment_hyper_core frame 6: 6
[27Mar2026 12:27:59.128] [Worker-Main-4/WARN] [net.minecraft.client.renderer.texture.SpriteContents/]: Invalid frame index on sprite jahdoo:item/augment_hyper_core frame 7: 7
[27Mar2026 12:27:59.168] [Worker-Main-1/INFO] [net.minecraft.client.gui.font.providers.UnihexProvider/]: Found unifont_jp_patch-15.1.05.hex, loading
[27Mar2026 12:27:59.291] [Worker-Main-2/WARN] [net.minecraft.client.renderer.texture.SpriteLoader/]: Texture jahdoo:item/dice with size 17x17 limits mip level from 4 to 0
[27Mar2026 12:27:59.419] [NeoForge Version Check/WARN] [net.neoforged.fml.VersionChecker/]: Failed to process update information
java.lang.NullPointerException: Cannot invoke "java.util.Map.get(Object)" because "promos" is null
	at MC-BOOTSTRAP/fml_loader@4.0.42/net.neoforged.fml.VersionChecker$1.process(VersionChecker.java:173) ~[loader-4.0.42.jar%23146!/:4.0]
	at java.base/java.lang.Iterable.forEach(Iterable.java:75) [?:?]
	at MC-BOOTSTRAP/fml_loader@4.0.42/net.neoforged.fml.VersionChecker$1.run(VersionChecker.java:105) [loader-4.0.42.jar%23146!/:4.0]
[27Mar2026 12:27:59.737] [Worker-Main-5/WARN] [net.minecraft.client.resources.model.BlockStateModelLoader/]: Exception loading blockstate definition: 'jahdoo:blockstates/loot_chest.json' missing model for variant: 'jahdoo:loot_chest#facing=up'
[27Mar2026 12:27:59.738] [Worker-Main-5/WARN] [net.minecraft.client.resources.model.BlockStateModelLoader/]: Exception loading blockstate definition: 'jahdoo:blockstates/loot_chest.json' missing model for variant: 'jahdoo:loot_chest#facing=down'
[27Mar2026 12:27:59.738] [Worker-Main-5/WARN] [net.minecraft.client.resources.model.BlockStateModelLoader/]: Exception loading blockstate definition: 'jahdoo:blockstates/enchanted_block.json' missing model for variant: 'jahdoo:enchanted_block#level=14'
[27Mar2026 12:27:59.738] [Worker-Main-5/WARN] [net.minecraft.client.resources.model.BlockStateModelLoader/]: Exception loading blockstate definition: 'jahdoo:blockstates/enchanted_block.json' missing model for variant: 'jahdoo:enchanted_block#level=13'
[27Mar2026 12:27:59.738] [Worker-Main-5/WARN] [net.minecraft.client.resources.model.BlockStateModelLoader/]: Exception loading blockstate definition: 'jahdoo:blockstates/enchanted_block.json' missing model for variant: 'jahdoo:enchanted_block#level=15'
[27Mar2026 12:27:59.738] [Worker-Main-5/WARN] [net.minecraft.client.resources.model.BlockStateModelLoader/]: Exception loading blockstate definition: 'jahdoo:blockstates/enchanted_block.json' missing model for variant: 'jahdoo:enchanted_block#level=8'
[27Mar2026 12:27:59.738] [Worker-Main-5/WARN] [net.minecraft.client.resources.model.BlockStateModelLoader/]: Exception loading blockstate definition: 'jahdoo:blockstates/enchanted_block.json' missing model for variant: 'jahdoo:enchanted_block#level=10'
[27Mar2026 12:27:59.738] [Worker-Main-5/WARN] [net.minecraft.client.resources.model.BlockStateModelLoader/]: Exception loading blockstate definition: 'jahdoo:blockstates/enchanted_block.json' missing model for variant: 'jahdoo:enchanted_block#level=9'
[27Mar2026 12:27:59.740] [Worker-Main-5/WARN] [net.minecraft.client.resources.model.BlockStateModelLoader/]: Exception loading blockstate definition: 'jahdoo:blockstates/enchanted_block.json' missing model for variant: 'jahdoo:enchanted_block#level=12'
[27Mar2026 12:27:59.740] [Worker-Main-5/WARN] [net.minecraft.client.resources.model.BlockStateModelLoader/]: Exception loading blockstate definition: 'jahdoo:blockstates/enchanted_block.json' missing model for variant: 'jahdoo:enchanted_block#level=11'
[27Mar2026 12:27:59.740] [Worker-Main-5/WARN] [net.minecraft.client.resources.model.BlockStateModelLoader/]: Exception loading blockstate definition: 'jahdoo:blockstates/enchanted_block.json' missing model for variant: 'jahdoo:enchanted_block#level=6'
[27Mar2026 12:27:59.740] [Worker-Main-5/WARN] [net.minecraft.client.resources.model.BlockStateModelLoader/]: Exception loading blockstate definition: 'jahdoo:blockstates/enchanted_block.json' missing model for variant: 'jahdoo:enchanted_block#level=7'
[27Mar2026 12:27:59.740] [Worker-Main-5/WARN] [net.minecraft.client.resources.model.BlockStateModelLoader/]: Exception loading blockstate definition: 'jahdoo:blockstates/ticket_bureau.json' missing model for variant: 'jahdoo:ticket_bureau#facing=down'
[27Mar2026 12:27:59.740] [Worker-Main-5/WARN] [net.minecraft.client.resources.model.BlockStateModelLoader/]: Exception loading blockstate definition: 'jahdoo:blockstates/ticket_bureau.json' missing model for variant: 'jahdoo:ticket_bureau#facing=up'
[27Mar2026 12:27:59.740] [Worker-Main-5/WARN] [net.minecraft.client.resources.model.BlockStateModelLoader/]: Exception loading blockstate definition: 'jahdoo:blockstates/power_up_station.json' missing model for variant: 'jahdoo:power_up_station#level=2,lit=true,waterlogged=true'
[27Mar2026 12:27:59.741] [Worker-Main-5/WARN] [net.minecraft.client.resources.model.BlockStateModelLoader/]: Exception loading blockstate definition: 'jahdoo:blockstates/power_up_station.json' missing model for variant: 'jahdoo:power_up_station#level=5,lit=true,waterlogged=false'
[27Mar2026 12:27:59.741] [Worker-Main-5/WARN] [net.minecraft.client.resources.model.BlockStateModelLoader/]: Exception loading blockstate definition: 'jahdoo:blockstates/power_up_station.json' missing model for variant: 'jahdoo:power_up_station#level=15,lit=false,waterlogged=true'
[27Mar2026 12:27:59.741] [Worker-Main-5/WARN] [net.minecraft.client.resources.model.BlockStateModelLoader/]: Exception loading blockstate definition: 'jahdoo:blockstates/power_up_station.json' missing model for variant: 'jahdoo:power_up_station#level=9,lit=false,waterlogged=false'
[27Mar2026 12:27:59.741] [Worker-Main-5/WARN] [net.minecraft.client.resources.model.BlockStateModelLoader/]: Exception loading blockstate definition: 'jahdoo:blockstates/power_up_station.json' missing model for variant: 'jahdoo:power_up_station#level=6,lit=true,waterlogged=false'
[27Mar2026 12:27:59.741] [Worker-Main-5/WARN] [net.minecraft.client.resources.model.BlockStateModelLoader/]: Exception loading blockstate definition: 'jahdoo:blockstates/power_up_station.json' missing model for variant: 'jahdoo:power_up_station#level=11,lit=false,waterlogged=false'
[27Mar2026 12:27:59.741] [Worker-Main-5/WARN] [net.minecraft.client.resources.model.BlockStateModelLoader/]: Exception loading blockstate definition: 'jahdoo:blockstates/power_up_station.json' missing model for variant: 'jahdoo:power_up_station#level=10,lit=true,waterlogged=false'
[27Mar2026 12:27:59.741] [Worker-Main-5/WARN] [net.minecraft.client.resources.model.BlockStateModelLoader/]: Exception loading blockstate definition: 'jahdoo:blockstates/power_up_station.json' missing model for variant: 'jahdoo:power_up_station#level=3,lit=true,waterlogged=true'
[27Mar2026 12:27:59.741] [Worker-Main-5/WARN] [net.minecraft.client.resources.model.BlockStateModelLoader/]: Exception loading blockstate definition: 'jahdoo:blockstates/power_up_station.json' missing model for variant: 'jahdoo:power_up_station#level=4,lit=true,waterlogged=false'
[27Mar2026 12:27:59.741] [Worker-Main-5/WARN] [net.minecraft.client.resources.model.BlockStateModelLoader/]: Exception loading blockstate definition: 'jahdoo:blockstates/power_up_station.json' missing model for variant: 'jahdoo:power_up_station#level=2,lit=false,waterlogged=true'
[27Mar2026 12:27:59.741] [Worker-Main-5/WARN] [net.minecraft.client.resources.model.BlockStateModelLoader/]: Exception loading blockstate definition: 'jahdoo:blockstates/power_up_station.json' missing model for variant: 'jahdoo:power_up_station#level=7,lit=true,waterlogged=false'
[27Mar2026 12:27:59.741] [Worker-Main-5/WARN] [net.minecraft.client.resources.model.BlockStateModelLoader/]: Exception loading blockstate definition: 'jahdoo:blockstates/power_up_station.json' missing model for variant: 'jahdoo:power_up_station#level=6,lit=false,waterlogged=false'
[27Mar2026 12:27:59.741] [Worker-Main-5/WARN] [net.minecraft.client.resources.model.BlockStateModelLoader/]: Exception loading blockstate definition: 'jahdoo:blockstates/power_up_station.json' missing model for variant: 'jahdoo:power_up_station#level=3,lit=true,waterlogged=false'
[27Mar2026 12:27:59.741] [Worker-Main-5/WARN] [net.minecraft.client.resources.model.BlockStateModelLoader/]: Exception loading blockstate definition: 'jahdoo:blockstates/power_up_station.json' missing model for variant: 'jahdoo:power_up_station#level=8,lit=true,waterlogged=true'
[27Mar2026 12:27:59.741] [Worker-Main-5/WARN] [net.minecraft.client.resources.model.BlockStateModelLoader/]: Exception loading blockstate definition: 'jahdoo:blockstates/power_up_station.json' missing model for variant: 'jahdoo:power_up_station#level=10,lit=true,waterlogged=true'
[27Mar2026 12:27:59.741] [Worker-Main-5/WARN] [net.minecraft.client.resources.model.BlockStateModelLoader/]: Exception loading blockstate definition: 'jahdoo:blockstates/power_up_station.json' missing model for variant: 'jahdoo:power_up_station#level=14,lit=true,waterlogged=true'
[27Mar2026 12:27:59.742] [Worker-Main-5/WARN] [net.minecraft.client.resources.model.BlockStateModelLoader/]: Exception loading blockstate definition: 'jahdoo:blockstates/power_up_station.json' missing model for variant: 'jahdoo:power_up_station#level=3,lit=false,waterlogged=false'
[27Mar2026 12:27:59.742] [Worker-Main-5/WARN] [net.minecraft.client.resources.model.BlockStateModelLoader/]: Exception loading blockstate definition: 'jahdoo:blockstates/power_up_station.json' missing model for variant: 'jahdoo:power_up_station#level=13,lit=false,waterlogged=false'
[27Mar2026 12:27:59.742] [Worker-Main-5/WARN] [net.minecraft.client.resources.model.BlockStateModelLoader/]: Exception loading blockstate definition: 'jahdoo:blockstates/power_up_station.json' missing model for variant: 'jahdoo:power_up_station#level=7,lit=false,waterlogged=true'
[27Mar2026 12:27:59.742] [Worker-Main-5/WARN] [net.minecraft.client.resources.model.BlockStateModelLoader/]: Exception loading blockstate definition: 'jahdoo:blockstates/power_up_station.json' missing model for variant: 'jahdoo:power_up_station#level=8,lit=true,waterlogged=false'
[27Mar2026 12:27:59.742] [Worker-Main-5/WARN] [net.minecraft.client.resources.model.BlockStateModelLoader/]: Exception loading blockstate definition: 'jahdoo:blockstates/power_up_station.json' missing model for variant: 'jahdoo:power_up_station#level=12,lit=true,waterlogged=false'
[27Mar2026 12:27:59.742] [Worker-Main-5/WARN] [net.minecraft.client.resources.model.BlockStateModelLoader/]: Exception loading blockstate definition: 'jahdoo:blockstates/power_up_station.json' missing model for variant: 'jahdoo:power_up_station#level=2,lit=true,waterlogged=false'
[27Mar2026 12:27:59.742] [Worker-Main-5/WARN] [net.minecraft.client.resources.model.BlockStateModelLoader/]: Exception loading blockstate definition: 'jahdoo:blockstates/power_up_station.json' missing model for variant: 'jahdoo:power_up_station#level=9,lit=true,waterlogged=true'
[27Mar2026 12:27:59.742] [Worker-Main-5/WARN] [net.minecraft.client.resources.model.BlockStateModelLoader/]: Exception loading blockstate definition: 'jahdoo:blockstates/power_up_station.json' missing model for variant: 'jahdoo:power_up_station#level=15,lit=true,waterlogged=true'
[27Mar2026 12:27:59.742] [Worker-Main-5/WARN] [net.minecraft.client.resources.model.BlockStateModelLoader/]: Exception loading blockstate definition: 'jahdoo:blockstates/power_up_station.json' missing model for variant: 'jahdoo:power_up_station#level=14,lit=false,waterlogged=true'
[27Mar2026 12:27:59.742] [Worker-Main-5/WARN] [net.minecraft.client.resources.model.BlockStateModelLoader/]: Exception loading blockstate definition: 'jahdoo:blockstates/power_up_station.json' missing model for variant: 'jahdoo:power_up_station#level=4,lit=false,waterlogged=true'
[27Mar2026 12:27:59.742] [Worker-Main-5/WARN] [net.minecraft.client.resources.model.BlockStateModelLoader/]: Exception loading blockstate definition: 'jahdoo:blockstates/power_up_station.json' missing model for variant: 'jahdoo:power_up_station#level=9,lit=false,waterlogged=true'
[27Mar2026 12:27:59.742] [Worker-Main-5/WARN] [net.minecraft.client.resources.model.BlockStateModelLoader/]: Exception loading blockstate definition: 'jahdoo:blockstates/power_up_station.json' missing model for variant: 'jahdoo:power_up_station#level=8,lit=false,waterlogged=false'
[27Mar2026 12:27:59.742] [Worker-Main-5/WARN] [net.minecraft.client.resources.model.BlockStateModelLoader/]: Exception loading blockstate definition: 'jahdoo:blockstates/power_up_station.json' missing model for variant: 'jahdoo:power_up_station#level=10,lit=false,waterlogged=false'
[27Mar2026 12:27:59.743] [Worker-Main-5/WARN] [net.minecraft.client.resources.model.BlockStateModelLoader/]: Exception loading blockstate definition: 'jahdoo:blockstates/power_up_station.json' missing model for variant: 'jahdoo:power_up_station#level=6,lit=true,waterlogged=true'
[27Mar2026 12:27:59.743] [Worker-Main-5/WARN] [net.minecraft.client.resources.model.BlockStateModelLoader/]: Exception loading blockstate definition: 'jahdoo:blockstates/power_up_station.json' missing model for variant: 'jahdoo:power_up_station#level=12,lit=true,waterlogged=true'
[27Mar2026 12:27:59.743] [Worker-Main-5/WARN] [net.minecraft.client.resources.model.BlockStateModelLoader/]: Exception loading blockstate definition: 'jahdoo:blockstates/power_up_station.json' missing model for variant: 'jahdoo:power_up_station#level=15,lit=true,waterlogged=false'
[27Mar2026 12:27:59.743] [Worker-Main-5/WARN] [net.minecraft.client.resources.model.BlockStateModelLoader/]: Exception loading blockstate definition: 'jahdoo:blockstates/power_up_station.json' missing model for variant: 'jahdoo:power_up_station#level=15,lit=false,waterlogged=false'
[27Mar2026 12:27:59.743] [Worker-Main-5/WARN] [net.minecraft.client.resources.model.BlockStateModelLoader/]: Exception loading blockstate definition: 'jahdoo:blockstates/power_up_station.json' missing model for variant: 'jahdoo:power_up_station#level=5,lit=false,waterlogged=true'
[27Mar2026 12:27:59.743] [Worker-Main-5/WARN] [net.minecraft.client.resources.model.BlockStateModelLoader/]: Exception loading blockstate definition: 'jahdoo:blockstates/power_up_station.json' missing model for variant: 'jahdoo:power_up_station#level=11,lit=false,waterlogged=true'
[27Mar2026 12:27:59.743] [Worker-Main-5/WARN] [net.minecraft.client.resources.model.BlockStateModelLoader/]: Exception loading blockstate definition: 'jahdoo:blockstates/power_up_station.json' missing model for variant: 'jahdoo:power_up_station#level=14,lit=true,waterlogged=false'
[27Mar2026 12:27:59.743] [Worker-Main-5/WARN] [net.minecraft.client.resources.model.BlockStateModelLoader/]: Exception loading blockstate definition: 'jahdoo:blockstates/power_up_station.json' missing model for variant: 'jahdoo:power_up_station#level=5,lit=false,waterlogged=false'
[27Mar2026 12:27:59.743] [Worker-Main-5/WARN] [net.minecraft.client.resources.model.BlockStateModelLoader/]: Exception loading blockstate definition: 'jahdoo:blockstates/power_up_station.json' missing model for variant: 'jahdoo:power_up_station#level=2,lit=false,waterlogged=false'
[27Mar2026 12:27:59.743] [Worker-Main-5/WARN] [net.minecraft.client.resources.model.BlockStateModelLoader/]: Exception loading blockstate definition: 'jahdoo:blockstates/power_up_station.json' missing model for variant: 'jahdoo:power_up_station#level=7,lit=true,waterlogged=true'
[27Mar2026 12:27:59.743] [Worker-Main-5/WARN] [net.minecraft.client.resources.model.BlockStateModelLoader/]: Exception loading blockstate definition: 'jahdoo:blockstates/power_up_station.json' missing model for variant: 'jahdoo:power_up_station#level=13,lit=true,waterlogged=true'
[27Mar2026 12:27:59.743] [Worker-Main-5/WARN] [net.minecraft.client.resources.model.BlockStateModelLoader/]: Exception loading blockstate definition: 'jahdoo:blockstates/power_up_station.json' missing model for variant: 'jahdoo:power_up_station#level=6,lit=false,waterlogged=true'
[27Mar2026 12:27:59.743] [Worker-Main-5/WARN] [net.minecraft.client.resources.model.BlockStateModelLoader/]: Exception loading blockstate definition: 'jahdoo:blockstates/power_up_station.json' missing model for variant: 'jahdoo:power_up_station#level=12,lit=false,waterlogged=true'
[27Mar2026 12:27:59.743] [Worker-Main-5/WARN] [net.minecraft.client.resources.model.BlockStateModelLoader/]: Exception loading blockstate definition: 'jahdoo:blockstates/power_up_station.json' missing model for variant: 'jahdoo:power_up_station#level=13,lit=true,waterlogged=false'
[27Mar2026 12:27:59.743] [Worker-Main-5/WARN] [net.minecraft.client.resources.model.BlockStateModelLoader/]: Exception loading blockstate definition: 'jahdoo:blockstates/power_up_station.json' missing model for variant: 'jahdoo:power_up_station#level=12,lit=false,waterlogged=false'
[27Mar2026 12:27:59.743] [Worker-Main-5/WARN] [net.minecraft.client.resources.model.BlockStateModelLoader/]: Exception loading blockstate definition: 'jahdoo:blockstates/power_up_station.json' missing model for variant: 'jahdoo:power_up_station#level=4,lit=true,waterlogged=true'
[27Mar2026 12:27:59.743] [Worker-Main-5/WARN] [net.minecraft.client.resources.model.BlockStateModelLoader/]: Exception loading blockstate definition: 'jahdoo:blockstates/power_up_station.json' missing model for variant: 'jahdoo:power_up_station#level=13,lit=false,waterlogged=true'
[27Mar2026 12:27:59.743] [Worker-Main-5/WARN] [net.minecraft.client.resources.model.BlockStateModelLoader/]: Exception loading blockstate definition: 'jahdoo:blockstates/power_up_station.json' missing model for variant: 'jahdoo:power_up_station#level=3,lit=false,waterlogged=true'
[27Mar2026 12:27:59.743] [Worker-Main-5/WARN] [net.minecraft.client.resources.model.BlockStateModelLoader/]: Exception loading blockstate definition: 'jahdoo:blockstates/power_up_station.json' missing model for variant: 'jahdoo:power_up_station#level=8,lit=false,waterlogged=true'
[27Mar2026 12:27:59.743] [Worker-Main-5/WARN] [net.minecraft.client.resources.model.BlockStateModelLoader/]: Exception loading blockstate definition: 'jahdoo:blockstates/power_up_station.json' missing model for variant: 'jahdoo:power_up_station#level=7,lit=false,waterlogged=false'
[27Mar2026 12:27:59.743] [Worker-Main-5/WARN] [net.minecraft.client.resources.model.BlockStateModelLoader/]: Exception loading blockstate definition: 'jahdoo:blockstates/power_up_station.json' missing model for variant: 'jahdoo:power_up_station#level=5,lit=true,waterlogged=true'
[27Mar2026 12:27:59.743] [Worker-Main-5/WARN] [net.minecraft.client.resources.model.BlockStateModelLoader/]: Exception loading blockstate definition: 'jahdoo:blockstates/power_up_station.json' missing model for variant: 'jahdoo:power_up_station#level=11,lit=true,waterlogged=true'
[27Mar2026 12:27:59.743] [Worker-Main-5/WARN] [net.minecraft.client.resources.model.BlockStateModelLoader/]: Exception loading blockstate definition: 'jahdoo:blockstates/power_up_station.json' missing model for variant: 'jahdoo:power_up_station#level=14,lit=false,waterlogged=false'
[27Mar2026 12:27:59.743] [Worker-Main-5/WARN] [net.minecraft.client.resources.model.BlockStateModelLoader/]: Exception loading blockstate definition: 'jahdoo:blockstates/power_up_station.json' missing model for variant: 'jahdoo:power_up_station#level=11,lit=true,waterlogged=false'
[27Mar2026 12:27:59.743] [Worker-Main-5/WARN] [net.minecraft.client.resources.model.BlockStateModelLoader/]: Exception loading blockstate definition: 'jahdoo:blockstates/power_up_station.json' missing model for variant: 'jahdoo:power_up_station#level=9,lit=true,waterlogged=false'
[27Mar2026 12:27:59.744] [Worker-Main-5/WARN] [net.minecraft.client.resources.model.BlockStateModelLoader/]: Exception loading blockstate definition: 'jahdoo:blockstates/power_up_station.json' missing model for variant: 'jahdoo:power_up_station#level=10,lit=false,waterlogged=true'
[27Mar2026 12:27:59.744] [Worker-Main-5/WARN] [net.minecraft.client.resources.model.BlockStateModelLoader/]: Exception loading blockstate definition: 'jahdoo:blockstates/power_up_station.json' missing model for variant: 'jahdoo:power_up_station#level=4,lit=false,waterlogged=false'
[27Mar2026 12:27:59.744] [Worker-Main-5/WARN] [net.minecraft.client.resources.model.BlockStateModelLoader/]: Exception loading blockstate definition: 'jahdoo:blockstates/lock.json' missing model for variant: 'jahdoo:lock#facing=up'
[27Mar2026 12:27:59.744] [Worker-Main-5/WARN] [net.minecraft.client.resources.model.BlockStateModelLoader/]: Exception loading blockstate definition: 'jahdoo:blockstates/lock.json' missing model for variant: 'jahdoo:lock#facing=down'
[27Mar2026 12:27:59.744] [Worker-Main-5/WARN] [net.minecraft.client.resources.model.BlockStateModelLoader/]: Exception loading blockstate definition: 'jahdoo:blockstates/shopping_table.json' missing model for variant: 'jahdoo:shopping_table#facing=up,half=upper,level=12'
[27Mar2026 12:27:59.744] [Worker-Main-5/WARN] [net.minecraft.client.resources.model.BlockStateModelLoader/]: Exception loading blockstate definition: 'jahdoo:blockstates/shopping_table.json' missing model for variant: 'jahdoo:shopping_table#facing=up,half=upper,level=13'
[27Mar2026 12:27:59.744] [Worker-Main-5/WARN] [net.minecraft.client.resources.model.BlockStateModelLoader/]: Exception loading blockstate definition: 'jahdoo:blockstates/shopping_table.json' missing model for variant: 'jahdoo:shopping_table#facing=up,half=upper,level=14'
[27Mar2026 12:27:59.744] [Worker-Main-5/WARN] [net.minecraft.client.resources.model.BlockStateModelLoader/]: Exception loading blockstate definition: 'jahdoo:blockstates/shopping_table.json' missing model for variant: 'jahdoo:shopping_table#facing=up,half=upper,level=15'
[27Mar2026 12:27:59.744] [Worker-Main-5/WARN] [net.minecraft.client.resources.model.BlockStateModelLoader/]: Exception loading blockstate definition: 'jahdoo:blockstates/shopping_table.json' missing model for variant: 'jahdoo:shopping_table#facing=east,half=upper,level=12'
[27Mar2026 12:27:59.744] [Worker-Main-5/WARN] [net.minecraft.client.resources.model.BlockStateModelLoader/]: Exception loading blockstate definition: 'jahdoo:blockstates/shopping_table.json' missing model for variant: 'jahdoo:shopping_table#facing=east,half=upper,level=13'
[27Mar2026 12:27:59.744] [Worker-Main-5/WARN] [net.minecraft.client.resources.model.BlockStateModelLoader/]: Exception loading blockstate definition: 'jahdoo:blockstates/shopping_table.json' missing model for variant: 'jahdoo:shopping_table#facing=east,half=lower,level=15'
[27Mar2026 12:27:59.744] [Worker-Main-5/WARN] [net.minecraft.client.resources.model.BlockStateModelLoader/]: Exception loading blockstate definition: 'jahdoo:blockstates/shopping_table.json' missing model for variant: 'jahdoo:shopping_table#facing=east,half=upper,level=10'
[27Mar2026 12:27:59.744] [Worker-Main-5/WARN] [net.minecraft.client.resources.model.BlockStateModelLoader/]: Exception loading blockstate definition: 'jahdoo:blockstates/shopping_table.json' missing model for variant: 'jahdoo:shopping_table#facing=east,half=lower,level=14'
[27Mar2026 12:27:59.744] [Worker-Main-5/WARN] [net.minecraft.client.resources.model.BlockStateModelLoader/]: Exception loading blockstate definition: 'jahdoo:blockstates/shopping_table.json' missing model for variant: 'jahdoo:shopping_table#facing=up,half=upper,level=10'
[27Mar2026 12:27:59.744] [Worker-Main-5/WARN] [net.minecraft.client.resources.model.BlockStateModelLoader/]: Exception loading blockstate definition: 'jahdoo:blockstates/shopping_table.json' missing model for variant: 'jahdoo:shopping_table#facing=east,half=upper,level=11'
[27Mar2026 12:27:59.744] [Worker-Main-5/WARN] [net.minecraft.client.resources.model.BlockStateModelLoader/]: Exception loading blockstate definition: 'jahdoo:blockstates/shopping_table.json' missing model for variant: 'jahdoo:shopping_table#facing=east,half=lower,level=13'
[27Mar2026 12:27:59.744] [Worker-Main-5/WARN] [net.minecraft.client.resources.model.BlockStateModelLoader/]: Exception loading blockstate definition: 'jahdoo:blockstates/shopping_table.json' missing model for variant: 'jahdoo:shopping_table#facing=up,half=upper,level=11'
[27Mar2026 12:27:59.744] [Worker-Main-5/WARN] [net.minecraft.client.resources.model.BlockStateModelLoader/]: Exception loading blockstate definition: 'jahdoo:blockstates/shopping_table.json' missing model for variant: 'jahdoo:shopping_table#facing=north,half=lower,level=10'
[27Mar2026 12:27:59.744] [Worker-Main-5/WARN] [net.minecraft.client.resources.model.BlockStateModelLoader/]: Exception loading blockstate definition: 'jahdoo:blockstates/shopping_table.json' missing model for variant: 'jahdoo:shopping_table#facing=up,half=lower,level=15'
[27Mar2026 12:27:59.745] [Worker-Main-5/WARN] [net.minecraft.client.resources.model.BlockStateModelLoader/]: Exception loading blockstate definition: 'jahdoo:blockstates/shopping_table.json' missing model for variant: 'jahdoo:shopping_table#facing=up,half=lower,level=6'
[27Mar2026 12:27:59.745] [Worker-Main-5/WARN] [net.minecraft.client.resources.model.BlockStateModelLoader/]: Exception loading blockstate definition: 'jahdoo:blockstates/shopping_table.json' missing model for variant: 'jahdoo:shopping_table#facing=up,half=lower,level=7'
[27Mar2026 12:27:59.745] [Worker-Main-5/WARN] [net.minecraft.client.resources.model.BlockStateModelLoader/]: Exception loading blockstate definition: 'jahdoo:blockstates/shopping_table.json' missing model for variant: 'jahdoo:shopping_table#facing=down,half=upper,level=10'
[27Mar2026 12:27:59.745] [Worker-Main-5/WARN] [net.minecraft.client.resources.model.BlockStateModelLoader/]: Exception loading blockstate definition: 'jahdoo:blockstates/shopping_table.json' missing model for variant: 'jahdoo:shopping_table#facing=down,half=upper,level=11'
[27Mar2026 12:27:59.745] [Worker-Main-5/WARN] [net.minecraft.client.resources.model.BlockStateModelLoader/]: Exception loading blockstate definition: 'jahdoo:blockstates/shopping_table.json' missing model for variant: 'jahdoo:shopping_table#facing=up,half=lower,level=5'
[27Mar2026 12:27:59.745] [Worker-Main-5/WARN] [net.minecraft.client.resources.model.BlockStateModelLoader/]: Exception loading blockstate definition: 'jahdoo:blockstates/shopping_table.json' missing model for variant: 'jahdoo:shopping_table#facing=down,half=upper,level=12'
[27Mar2026 12:27:59.745] [Worker-Main-5/WARN] [net.minecraft.client.resources.model.BlockStateModelLoader/]: Exception loading blockstate definition: 'jahdoo:blockstates/shopping_table.json' missing model for variant: 'jahdoo:shopping_table#facing=north,half=upper,level=10'
[27Mar2026 12:27:59.745] [Worker-Main-5/WARN] [net.minecraft.client.resources.model.BlockStateModelLoader/]: Exception loading blockstate definition: 'jahdoo:blockstates/shopping_table.json' missing model for variant: 'jahdoo:shopping_table#facing=down,half=upper,level=13'
[27Mar2026 12:27:59.745] [Worker-Main-5/WARN] [net.minecraft.client.resources.model.BlockStateModelLoader/]: Exception loading blockstate definition: 'jahdoo:blockstates/shopping_table.json' missing model for variant: 'jahdoo:shopping_table#facing=north,half=upper,level=11'
[27Mar2026 12:27:59.745] [Worker-Main-5/WARN] [net.minecraft.client.resources.model.BlockStateModelLoader/]: Exception loading blockstate definition: 'jahdoo:blockstates/shopping_table.json' missing model for variant: 'jahdoo:shopping_table#facing=down,half=upper,level=14'
[27Mar2026 12:27:59.745] [Worker-Main-5/WARN] [net.minecraft.client.resources.model.BlockStateModelLoader/]: Exception loading blockstate definition: 'jahdoo:blockstates/shopping_table.json' missing model for variant: 'jahdoo:shopping_table#facing=up,half=lower,level=8'
[27Mar2026 12:27:59.745] [Worker-Main-5/WARN] [net.minecraft.client.resources.model.BlockStateModelLoader/]: Exception loading blockstate definition: 'jahdoo:blockstates/shopping_table.json' missing model for variant: 'jahdoo:shopping_table#facing=down,half=upper,level=15'
[27Mar2026 12:27:59.745] [Worker-Main-5/WARN] [net.minecraft.client.resources.model.BlockStateModelLoader/]: Exception loading blockstate definition: 'jahdoo:blockstates/shopping_table.json' missing model for variant: 'jahdoo:shopping_table#facing=up,half=lower,level=9'
[27Mar2026 12:27:59.745] [Worker-Main-5/WARN] [net.minecraft.client.resources.model.BlockStateModelLoader/]: Exception loading blockstate definition: 'jahdoo:blockstates/shopping_table.json' missing model for variant: 'jahdoo:shopping_table#facing=west,half=lower,level=7'
[27Mar2026 12:27:59.745] [Worker-Main-5/WARN] [net.minecraft.client.resources.model.BlockStateModelLoader/]: Exception loading blockstate definition: 'jahdoo:blockstates/shopping_table.json' missing model for variant: 'jahdoo:shopping_table#facing=down,half=lower,level=13'
[27Mar2026 12:27:59.745] [Worker-Main-5/WARN] [net.minecraft.client.resources.model.BlockStateModelLoader/]: Exception loading blockstate definition: 'jahdoo:blockstates/shopping_table.json' missing model for variant: 'jahdoo:shopping_table#facing=west,half=lower,level=6'
[27Mar2026 12:27:59.745] [Worker-Main-5/WARN] [net.minecraft.client.resources.model.BlockStateModelLoader/]: Exception loading blockstate definition: 'jahdoo:blockstates/shopping_table.json' missing model for variant: 'jahdoo:shopping_table#facing=down,half=lower,level=12'
[27Mar2026 12:27:59.745] [Worker-Main-5/WARN] [net.minecraft.client.resources.model.BlockStateModelLoader/]: Exception loading blockstate definition: 'jahdoo:blockstates/shopping_table.json' missing model for variant: 'jahdoo:shopping_table#facing=west,half=lower,level=5'
[27Mar2026 12:27:59.745] [Worker-Main-5/WARN] [net.minecraft.client.resources.model.BlockStateModelLoader/]: Exception loading blockstate definition: 'jahdoo:blockstates/shopping_table.json' missing model for variant: 'jahdoo:shopping_table#facing=down,half=lower,level=15'
[27Mar2026 12:27:59.745] [Worker-Main-5/WARN] [net.minecraft.client.resources.model.BlockStateModelLoader/]: Exception loading blockstate definition: 'jahdoo:blockstates/shopping_table.json' missing model for variant: 'jahdoo:shopping_table#facing=down,half=lower,level=14'
[27Mar2026 12:27:59.745] [Worker-Main-5/WARN] [net.minecraft.client.resources.model.BlockStateModelLoader/]: Exception loading blockstate definition: 'jahdoo:blockstates/shopping_table.json' missing model for variant: 'jahdoo:shopping_table#facing=down,half=lower,level=11'
[27Mar2026 12:27:59.745] [Worker-Main-5/WARN] [net.minecraft.client.resources.model.BlockStateModelLoader/]: Exception loading blockstate definition: 'jahdoo:blockstates/shopping_table.json' missing model for variant: 'jahdoo:shopping_table#facing=down,half=lower,level=10'
[27Mar2026 12:27:59.745] [Worker-Main-5/WARN] [net.minecraft.client.resources.model.BlockStateModelLoader/]: Exception loading blockstate definition: 'jahdoo:blockstates/shopping_table.json' missing model for variant: 'jahdoo:shopping_table#facing=south,half=lower,level=9'
[27Mar2026 12:27:59.745] [Worker-Main-5/WARN] [net.minecraft.client.resources.model.BlockStateModelLoader/]: Exception loading blockstate definition: 'jahdoo:blockstates/shopping_table.json' missing model for variant: 'jahdoo:shopping_table#facing=south,half=lower,level=8'
[27Mar2026 12:27:59.746] [Worker-Main-5/WARN] [net.minecraft.client.resources.model.BlockStateModelLoader/]: Exception loading blockstate definition: 'jahdoo:blockstates/shopping_table.json' missing model for variant: 'jahdoo:shopping_table#facing=west,half=lower,level=9'
[27Mar2026 12:27:59.746] [Worker-Main-5/WARN] [net.minecraft.client.resources.model.BlockStateModelLoader/]: Exception loading blockstate definition: 'jahdoo:blockstates/shopping_table.json' missing model for variant: 'jahdoo:shopping_table#facing=west,half=lower,level=8'
[27Mar2026 12:27:59.746] [Worker-Main-5/WARN] [net.minecraft.client.resources.model.BlockStateModelLoader/]: Exception loading blockstate definition: 'jahdoo:blockstates/shopping_table.json' missing model for variant: 'jahdoo:shopping_table#facing=north,half=upper,level=14'
[27Mar2026 12:27:59.746] [Worker-Main-5/WARN] [net.minecraft.client.resources.model.BlockStateModelLoader/]: Exception loading blockstate definition: 'jahdoo:blockstates/shopping_table.json' missing model for variant: 'jahdoo:shopping_table#facing=north,half=upper,level=15'
[27Mar2026 12:27:59.746] [Worker-Main-5/WARN] [net.minecraft.client.resources.model.BlockStateModelLoader/]: Exception loading blockstate definition: 'jahdoo:blockstates/shopping_table.json' missing model for variant: 'jahdoo:shopping_table#facing=north,half=upper,level=12'
[27Mar2026 12:27:59.746] [Worker-Main-5/WARN] [net.minecraft.client.resources.model.BlockStateModelLoader/]: Exception loading blockstate definition: 'jahdoo:blockstates/shopping_table.json' missing model for variant: 'jahdoo:shopping_table#facing=north,half=upper,level=13'
[27Mar2026 12:27:59.746] [Worker-Main-5/WARN] [net.minecraft.client.resources.model.BlockStateModelLoader/]: Exception loading blockstate definition: 'jahdoo:blockstates/shopping_table.json' missing model for variant: 'jahdoo:shopping_table#facing=south,half=lower,level=7'
[27Mar2026 12:27:59.746] [Worker-Main-5/WARN] [net.minecraft.client.resources.model.BlockStateModelLoader/]: Exception loading blockstate definition: 'jahdoo:blockstates/shopping_table.json' missing model for variant: 'jahdoo:shopping_table#facing=south,half=lower,level=6'
[27Mar2026 12:27:59.746] [Worker-Main-5/WARN] [net.minecraft.client.resources.model.BlockStateModelLoader/]: Exception loading blockstate definition: 'jahdoo:blockstates/shopping_table.json' missing model for variant: 'jahdoo:shopping_table#facing=south,half=lower,level=5'
[27Mar2026 12:27:59.746] [Worker-Main-5/WARN] [net.minecraft.client.resources.model.BlockStateModelLoader/]: Exception loading blockstate definition: 'jahdoo:blockstates/shopping_table.json' missing model for variant: 'jahdoo:shopping_table#facing=north,half=lower,level=15'
[27Mar2026 12:27:59.746] [Worker-Main-5/WARN] [net.minecraft.client.resources.model.BlockStateModelLoader/]: Exception loading blockstate definition: 'jahdoo:blockstates/shopping_table.json' missing model for variant: 'jahdoo:shopping_table#facing=up,half=lower,level=10'
[27Mar2026 12:27:59.746] [Worker-Main-5/WARN] [net.minecraft.client.resources.model.BlockStateModelLoader/]: Exception loading blockstate definition: 'jahdoo:blockstates/shopping_table.json' missing model for variant: 'jahdoo:shopping_table#facing=north,half=lower,level=14'
[27Mar2026 12:27:59.746] [Worker-Main-5/WARN] [net.minecraft.client.resources.model.BlockStateModelLoader/]: Exception loading blockstate definition: 'jahdoo:blockstates/shopping_table.json' missing model for variant: 'jahdoo:shopping_table#facing=up,half=lower,level=11'
[27Mar2026 12:27:59.746] [Worker-Main-5/WARN] [net.minecraft.client.resources.model.BlockStateModelLoader/]: Exception loading blockstate definition: 'jahdoo:blockstates/shopping_table.json' missing model for variant: 'jahdoo:shopping_table#facing=north,half=lower,level=13'
[27Mar2026 12:27:59.746] [Worker-Main-5/WARN] [net.minecraft.client.resources.model.BlockStateModelLoader/]: Exception loading blockstate definition: 'jahdoo:blockstates/shopping_table.json' missing model for variant: 'jahdoo:shopping_table#facing=up,half=lower,level=12'
[27Mar2026 12:27:59.746] [Worker-Main-5/WARN] [net.minecraft.client.resources.model.BlockStateModelLoader/]: Exception loading blockstate definition: 'jahdoo:blockstates/shopping_table.json' missing model for variant: 'jahdoo:shopping_table#facing=north,half=lower,level=12'
[27Mar2026 12:27:59.746] [Worker-Main-5/WARN] [net.minecraft.client.resources.model.BlockStateModelLoader/]: Exception loading blockstate definition: 'jahdoo:blockstates/shopping_table.json' missing model for variant: 'jahdoo:shopping_table#facing=up,half=lower,level=13'
[27Mar2026 12:27:59.746] [Worker-Main-5/WARN] [net.minecraft.client.resources.model.BlockStateModelLoader/]: Exception loading blockstate definition: 'jahdoo:blockstates/shopping_table.json' missing model for variant: 'jahdoo:shopping_table#facing=north,half=lower,level=11'
[27Mar2026 12:27:59.746] [Worker-Main-5/WARN] [net.minecraft.client.resources.model.BlockStateModelLoader/]: Exception loading blockstate definition: 'jahdoo:blockstates/shopping_table.json' missing model for variant: 'jahdoo:shopping_table#facing=up,half=lower,level=14'
[27Mar2026 12:27:59.746] [Worker-Main-5/WARN] [net.minecraft.client.resources.model.BlockStateModelLoader/]: Exception loading blockstate definition: 'jahdoo:blockstates/shopping_table.json' missing model for variant: 'jahdoo:shopping_table#facing=east,half=upper,level=9'
[27Mar2026 12:27:59.746] [Worker-Main-5/WARN] [net.minecraft.client.resources.model.BlockStateModelLoader/]: Exception loading blockstate definition: 'jahdoo:blockstates/shopping_table.json' missing model for variant: 'jahdoo:shopping_table#facing=east,half=upper,level=8'
[27Mar2026 12:27:59.746] [Worker-Main-5/WARN] [net.minecraft.client.resources.model.BlockStateModelLoader/]: Exception loading blockstate definition: 'jahdoo:blockstates/shopping_table.json' missing model for variant: 'jahdoo:shopping_table#facing=east,half=upper,level=7'
[27Mar2026 12:27:59.746] [Worker-Main-5/WARN] [net.minecraft.client.resources.model.BlockStateModelLoader/]: Exception loading blockstate definition: 'jahdoo:blockstates/shopping_table.json' missing model for variant: 'jahdoo:shopping_table#facing=east,half=upper,level=6'
[27Mar2026 12:27:59.747] [Worker-Main-5/WARN] [net.minecraft.client.resources.model.BlockStateModelLoader/]: Exception loading blockstate definition: 'jahdoo:blockstates/shopping_table.json' missing model for variant: 'jahdoo:shopping_table#facing=east,half=upper,level=5'
[27Mar2026 12:27:59.747] [Worker-Main-5/WARN] [net.minecraft.client.resources.model.BlockStateModelLoader/]: Exception loading blockstate definition: 'jahdoo:blockstates/shopping_table.json' missing model for variant: 'jahdoo:shopping_table#facing=west,half=upper,level=9'
[27Mar2026 12:27:59.747] [Worker-Main-5/WARN] [net.minecraft.client.resources.model.BlockStateModelLoader/]: Exception loading blockstate definition: 'jahdoo:blockstates/shopping_table.json' missing model for variant: 'jahdoo:shopping_table#facing=west,half=upper,level=8'
[27Mar2026 12:27:59.747] [Worker-Main-5/WARN] [net.minecraft.client.resources.model.BlockStateModelLoader/]: Exception loading blockstate definition: 'jahdoo:blockstates/shopping_table.json' missing model for variant: 'jahdoo:shopping_table#facing=west,half=upper,level=7'
[27Mar2026 12:27:59.747] [Worker-Main-5/WARN] [net.minecraft.client.resources.model.BlockStateModelLoader/]: Exception loading blockstate definition: 'jahdoo:blockstates/shopping_table.json' missing model for variant: 'jahdoo:shopping_table#facing=down,half=upper,level=9'
[27Mar2026 12:27:59.747] [Worker-Main-5/WARN] [net.minecraft.client.resources.model.BlockStateModelLoader/]: Exception loading blockstate definition: 'jahdoo:blockstates/shopping_table.json' missing model for variant: 'jahdoo:shopping_table#facing=down,half=upper,level=8'
[27Mar2026 12:27:59.747] [Worker-Main-5/WARN] [net.minecraft.client.resources.model.BlockStateModelLoader/]: Exception loading blockstate definition: 'jahdoo:blockstates/shopping_table.json' missing model for variant: 'jahdoo:shopping_table#facing=down,half=upper,level=7'
[27Mar2026 12:27:59.747] [Worker-Main-5/WARN] [net.minecraft.client.resources.model.BlockStateModelLoader/]: Exception loading blockstate definition: 'jahdoo:blockstates/shopping_table.json' missing model for variant: 'jahdoo:shopping_table#facing=down,half=upper,level=6'
[27Mar2026 12:27:59.747] [Worker-Main-5/WARN] [net.minecraft.client.resources.model.BlockStateModelLoader/]: Exception loading blockstate definition: 'jahdoo:blockstates/shopping_table.json' missing model for variant: 'jahdoo:shopping_table#facing=down,half=upper,level=5'
[27Mar2026 12:27:59.747] [Worker-Main-5/WARN] [net.minecraft.client.resources.model.BlockStateModelLoader/]: Exception loading blockstate definition: 'jahdoo:blockstates/shopping_table.json' missing model for variant: 'jahdoo:shopping_table#facing=east,half=lower,level=12'
[27Mar2026 12:27:59.747] [Worker-Main-5/WARN] [net.minecraft.client.resources.model.BlockStateModelLoader/]: Exception loading blockstate definition: 'jahdoo:blockstates/shopping_table.json' missing model for variant: 'jahdoo:shopping_table#facing=east,half=lower,level=11'
[27Mar2026 12:27:59.747] [Worker-Main-5/WARN] [net.minecraft.client.resources.model.BlockStateModelLoader/]: Exception loading blockstate definition: 'jahdoo:blockstates/shopping_table.json' missing model for variant: 'jahdoo:shopping_table#facing=east,half=upper,level=14'
[27Mar2026 12:27:59.747] [Worker-Main-5/WARN] [net.minecraft.client.resources.model.BlockStateModelLoader/]: Exception loading blockstate definition: 'jahdoo:blockstates/shopping_table.json' missing model for variant: 'jahdoo:shopping_table#facing=east,half=lower,level=10'
[27Mar2026 12:27:59.747] [Worker-Main-5/WARN] [net.minecraft.client.resources.model.BlockStateModelLoader/]: Exception loading blockstate definition: 'jahdoo:blockstates/shopping_table.json' missing model for variant: 'jahdoo:shopping_table#facing=east,half=upper,level=15'
[27Mar2026 12:27:59.747] [Worker-Main-5/WARN] [net.minecraft.client.resources.model.BlockStateModelLoader/]: Exception loading blockstate definition: 'jahdoo:blockstates/shopping_table.json' missing model for variant: 'jahdoo:shopping_table#facing=north,half=lower,level=8'
[27Mar2026 12:27:59.747] [Worker-Main-5/WARN] [net.minecraft.client.resources.model.BlockStateModelLoader/]: Exception loading blockstate definition: 'jahdoo:blockstates/shopping_table.json' missing model for variant: 'jahdoo:shopping_table#facing=north,half=lower,level=9'
[27Mar2026 12:27:59.747] [Worker-Main-5/WARN] [net.minecraft.client.resources.model.BlockStateModelLoader/]: Exception loading blockstate definition: 'jahdoo:blockstates/shopping_table.json' missing model for variant: 'jahdoo:shopping_table#facing=north,half=lower,level=6'
[27Mar2026 12:27:59.747] [Worker-Main-5/WARN] [net.minecraft.client.resources.model.BlockStateModelLoader/]: Exception loading blockstate definition: 'jahdoo:blockstates/shopping_table.json' missing model for variant: 'jahdoo:shopping_table#facing=north,half=lower,level=7'
[27Mar2026 12:27:59.747] [Worker-Main-5/WARN] [net.minecraft.client.resources.model.BlockStateModelLoader/]: Exception loading blockstate definition: 'jahdoo:blockstates/shopping_table.json' missing model for variant: 'jahdoo:shopping_table#facing=north,half=lower,level=5'
[27Mar2026 12:27:59.747] [Worker-Main-5/WARN] [net.minecraft.client.resources.model.BlockStateModelLoader/]: Exception loading blockstate definition: 'jahdoo:blockstates/shopping_table.json' missing model for variant: 'jahdoo:shopping_table#facing=west,half=upper,level=6'
[27Mar2026 12:27:59.747] [Worker-Main-5/WARN] [net.minecraft.client.resources.model.BlockStateModelLoader/]: Exception loading blockstate definition: 'jahdoo:blockstates/shopping_table.json' missing model for variant: 'jahdoo:shopping_table#facing=west,half=upper,level=5'
[27Mar2026 12:27:59.747] [Worker-Main-5/WARN] [net.minecraft.client.resources.model.BlockStateModelLoader/]: Exception loading blockstate definition: 'jahdoo:blockstates/shopping_table.json' missing model for variant: 'jahdoo:shopping_table#facing=west,half=lower,level=10'
[27Mar2026 12:27:59.747] [Worker-Main-5/WARN] [net.minecraft.client.resources.model.BlockStateModelLoader/]: Exception loading blockstate definition: 'jahdoo:blockstates/shopping_table.json' missing model for variant: 'jahdoo:shopping_table#facing=south,half=upper,level=6'
[27Mar2026 12:27:59.748] [Worker-Main-5/WARN] [net.minecraft.client.resources.model.BlockStateModelLoader/]: Exception loading blockstate definition: 'jahdoo:blockstates/shopping_table.json' missing model for variant: 'jahdoo:shopping_table#facing=south,half=upper,level=5'
[27Mar2026 12:27:59.748] [Worker-Main-5/WARN] [net.minecraft.client.resources.model.BlockStateModelLoader/]: Exception loading blockstate definition: 'jahdoo:blockstates/shopping_table.json' missing model for variant: 'jahdoo:shopping_table#facing=west,half=lower,level=12'
[27Mar2026 12:27:59.748] [Worker-Main-5/WARN] [net.minecraft.client.resources.model.BlockStateModelLoader/]: Exception loading blockstate definition: 'jahdoo:blockstates/shopping_table.json' missing model for variant: 'jahdoo:shopping_table#facing=west,half=lower,level=11'
[27Mar2026 12:27:59.748] [Worker-Main-5/WARN] [net.minecraft.client.resources.model.BlockStateModelLoader/]: Exception loading blockstate definition: 'jahdoo:blockstates/shopping_table.json' missing model for variant: 'jahdoo:shopping_table#facing=west,half=lower,level=14'
[27Mar2026 12:27:59.748] [Worker-Main-5/WARN] [net.minecraft.client.resources.model.BlockStateModelLoader/]: Exception loading blockstate definition: 'jahdoo:blockstates/shopping_table.json' missing model for variant: 'jahdoo:shopping_table#facing=west,half=lower,level=13'
[27Mar2026 12:27:59.748] [Worker-Main-5/WARN] [net.minecraft.client.resources.model.BlockStateModelLoader/]: Exception loading blockstate definition: 'jahdoo:blockstates/shopping_table.json' missing model for variant: 'jahdoo:shopping_table#facing=south,half=upper,level=9'
[27Mar2026 12:27:59.748] [Worker-Main-5/WARN] [net.minecraft.client.resources.model.BlockStateModelLoader/]: Exception loading blockstate definition: 'jahdoo:blockstates/shopping_table.json' missing model for variant: 'jahdoo:shopping_table#facing=west,half=lower,level=15'
[27Mar2026 12:27:59.748] [Worker-Main-5/WARN] [net.minecraft.client.resources.model.BlockStateModelLoader/]: Exception loading blockstate definition: 'jahdoo:blockstates/shopping_table.json' missing model for variant: 'jahdoo:shopping_table#facing=south,half=upper,level=8'
[27Mar2026 12:27:59.748] [Worker-Main-5/WARN] [net.minecraft.client.resources.model.BlockStateModelLoader/]: Exception loading blockstate definition: 'jahdoo:blockstates/shopping_table.json' missing model for variant: 'jahdoo:shopping_table#facing=south,half=upper,level=7'
[27Mar2026 12:27:59.748] [Worker-Main-5/WARN] [net.minecraft.client.resources.model.BlockStateModelLoader/]: Exception loading blockstate definition: 'jahdoo:blockstates/shopping_table.json' missing model for variant: 'jahdoo:shopping_table#facing=east,half=lower,level=9'
[27Mar2026 12:27:59.748] [Worker-Main-5/WARN] [net.minecraft.client.resources.model.BlockStateModelLoader/]: Exception loading blockstate definition: 'jahdoo:blockstates/shopping_table.json' missing model for variant: 'jahdoo:shopping_table#facing=down,half=lower,level=6'
[27Mar2026 12:27:59.748] [Worker-Main-5/WARN] [net.minecraft.client.resources.model.BlockStateModelLoader/]: Exception loading blockstate definition: 'jahdoo:blockstates/shopping_table.json' missing model for variant: 'jahdoo:shopping_table#facing=east,half=lower,level=8'
[27Mar2026 12:27:59.748] [Worker-Main-5/WARN] [net.minecraft.client.resources.model.BlockStateModelLoader/]: Exception loading blockstate definition: 'jahdoo:blockstates/shopping_table.json' missing model for variant: 'jahdoo:shopping_table#facing=down,half=lower,level=5'
[27Mar2026 12:27:59.748] [Worker-Main-5/WARN] [net.minecraft.client.resources.model.BlockStateModelLoader/]: Exception loading blockstate definition: 'jahdoo:blockstates/shopping_table.json' missing model for variant: 'jahdoo:shopping_table#facing=east,half=lower,level=7'
[27Mar2026 12:27:59.748] [Worker-Main-5/WARN] [net.minecraft.client.resources.model.BlockStateModelLoader/]: Exception loading blockstate definition: 'jahdoo:blockstates/shopping_table.json' missing model for variant: 'jahdoo:shopping_table#facing=east,half=lower,level=6'
[27Mar2026 12:27:59.748] [Worker-Main-5/WARN] [net.minecraft.client.resources.model.BlockStateModelLoader/]: Exception loading blockstate definition: 'jahdoo:blockstates/shopping_table.json' missing model for variant: 'jahdoo:shopping_table#facing=down,half=lower,level=9'
[27Mar2026 12:27:59.748] [Worker-Main-5/WARN] [net.minecraft.client.resources.model.BlockStateModelLoader/]: Exception loading blockstate definition: 'jahdoo:blockstates/shopping_table.json' missing model for variant: 'jahdoo:shopping_table#facing=down,half=lower,level=8'
[27Mar2026 12:27:59.748] [Worker-Main-5/WARN] [net.minecraft.client.resources.model.BlockStateModelLoader/]: Exception loading blockstate definition: 'jahdoo:blockstates/shopping_table.json' missing model for variant: 'jahdoo:shopping_table#facing=down,half=lower,level=7'
[27Mar2026 12:27:59.748] [Worker-Main-5/WARN] [net.minecraft.client.resources.model.BlockStateModelLoader/]: Exception loading blockstate definition: 'jahdoo:blockstates/shopping_table.json' missing model for variant: 'jahdoo:shopping_table#facing=north,half=upper,level=9'
[27Mar2026 12:27:59.748] [Worker-Main-5/WARN] [net.minecraft.client.resources.model.BlockStateModelLoader/]: Exception loading blockstate definition: 'jahdoo:blockstates/shopping_table.json' missing model for variant: 'jahdoo:shopping_table#facing=west,half=upper,level=13'
[27Mar2026 12:27:59.748] [Worker-Main-5/WARN] [net.minecraft.client.resources.model.BlockStateModelLoader/]: Exception loading blockstate definition: 'jahdoo:blockstates/shopping_table.json' missing model for variant: 'jahdoo:shopping_table#facing=west,half=upper,level=12'
[27Mar2026 12:27:59.748] [Worker-Main-5/WARN] [net.minecraft.client.resources.model.BlockStateModelLoader/]: Exception loading blockstate definition: 'jahdoo:blockstates/shopping_table.json' missing model for variant: 'jahdoo:shopping_table#facing=north,half=upper,level=7'
[27Mar2026 12:27:59.748] [Worker-Main-5/WARN] [net.minecraft.client.resources.model.BlockStateModelLoader/]: Exception loading blockstate definition: 'jahdoo:blockstates/shopping_table.json' missing model for variant: 'jahdoo:shopping_table#facing=west,half=upper,level=15'
[27Mar2026 12:27:59.748] [Worker-Main-5/WARN] [net.minecraft.client.resources.model.BlockStateModelLoader/]: Exception loading blockstate definition: 'jahdoo:blockstates/shopping_table.json' missing model for variant: 'jahdoo:shopping_table#facing=north,half=upper,level=8'
[27Mar2026 12:27:59.748] [Worker-Main-5/WARN] [net.minecraft.client.resources.model.BlockStateModelLoader/]: Exception loading blockstate definition: 'jahdoo:blockstates/shopping_table.json' missing model for variant: 'jahdoo:shopping_table#facing=west,half=upper,level=14'
[27Mar2026 12:27:59.748] [Worker-Main-5/WARN] [net.minecraft.client.resources.model.BlockStateModelLoader/]: Exception loading blockstate definition: 'jahdoo:blockstates/shopping_table.json' missing model for variant: 'jahdoo:shopping_table#facing=north,half=upper,level=5'
[27Mar2026 12:27:59.748] [Worker-Main-5/WARN] [net.minecraft.client.resources.model.BlockStateModelLoader/]: Exception loading blockstate definition: 'jahdoo:blockstates/shopping_table.json' missing model for variant: 'jahdoo:shopping_table#facing=north,half=upper,level=6'
[27Mar2026 12:27:59.748] [Worker-Main-5/WARN] [net.minecraft.client.resources.model.BlockStateModelLoader/]: Exception loading blockstate definition: 'jahdoo:blockstates/shopping_table.json' missing model for variant: 'jahdoo:shopping_table#facing=south,half=lower,level=15'
[27Mar2026 12:27:59.748] [Worker-Main-5/WARN] [net.minecraft.client.resources.model.BlockStateModelLoader/]: Exception loading blockstate definition: 'jahdoo:blockstates/shopping_table.json' missing model for variant: 'jahdoo:shopping_table#facing=west,half=upper,level=11'
[27Mar2026 12:27:59.749] [Worker-Main-5/WARN] [net.minecraft.client.resources.model.BlockStateModelLoader/]: Exception loading blockstate definition: 'jahdoo:blockstates/shopping_table.json' missing model for variant: 'jahdoo:shopping_table#facing=west,half=upper,level=10'
[27Mar2026 12:27:59.749] [Worker-Main-5/WARN] [net.minecraft.client.resources.model.BlockStateModelLoader/]: Exception loading blockstate definition: 'jahdoo:blockstates/shopping_table.json' missing model for variant: 'jahdoo:shopping_table#facing=south,half=lower,level=12'
[27Mar2026 12:27:59.749] [Worker-Main-5/WARN] [net.minecraft.client.resources.model.BlockStateModelLoader/]: Exception loading blockstate definition: 'jahdoo:blockstates/shopping_table.json' missing model for variant: 'jahdoo:shopping_table#facing=south,half=lower,level=11'
[27Mar2026 12:27:59.749] [Worker-Main-5/WARN] [net.minecraft.client.resources.model.BlockStateModelLoader/]: Exception loading blockstate definition: 'jahdoo:blockstates/shopping_table.json' missing model for variant: 'jahdoo:shopping_table#facing=south,half=upper,level=11'
[27Mar2026 12:27:59.749] [Worker-Main-5/WARN] [net.minecraft.client.resources.model.BlockStateModelLoader/]: Exception loading blockstate definition: 'jahdoo:blockstates/shopping_table.json' missing model for variant: 'jahdoo:shopping_table#facing=south,half=lower,level=14'
[27Mar2026 12:27:59.749] [Worker-Main-5/WARN] [net.minecraft.client.resources.model.BlockStateModelLoader/]: Exception loading blockstate definition: 'jahdoo:blockstates/shopping_table.json' missing model for variant: 'jahdoo:shopping_table#facing=south,half=upper,level=10'
[27Mar2026 12:27:59.749] [Worker-Main-5/WARN] [net.minecraft.client.resources.model.BlockStateModelLoader/]: Exception loading blockstate definition: 'jahdoo:blockstates/shopping_table.json' missing model for variant: 'jahdoo:shopping_table#facing=south,half=lower,level=13'
[27Mar2026 12:27:59.749] [Worker-Main-5/WARN] [net.minecraft.client.resources.model.BlockStateModelLoader/]: Exception loading blockstate definition: 'jahdoo:blockstates/shopping_table.json' missing model for variant: 'jahdoo:shopping_table#facing=south,half=upper,level=13'
[27Mar2026 12:27:59.749] [Worker-Main-5/WARN] [net.minecraft.client.resources.model.BlockStateModelLoader/]: Exception loading blockstate definition: 'jahdoo:blockstates/shopping_table.json' missing model for variant: 'jahdoo:shopping_table#facing=up,half=upper,level=9'
[27Mar2026 12:27:59.749] [Worker-Main-5/WARN] [net.minecraft.client.resources.model.BlockStateModelLoader/]: Exception loading blockstate definition: 'jahdoo:blockstates/shopping_table.json' missing model for variant: 'jahdoo:shopping_table#facing=south,half=upper,level=12'
[27Mar2026 12:27:59.749] [Worker-Main-5/WARN] [net.minecraft.client.resources.model.BlockStateModelLoader/]: Exception loading blockstate definition: 'jahdoo:blockstates/shopping_table.json' missing model for variant: 'jahdoo:shopping_table#facing=south,half=upper,level=15'
[27Mar2026 12:27:59.749] [Worker-Main-5/WARN] [net.minecraft.client.resources.model.BlockStateModelLoader/]: Exception loading blockstate definition: 'jahdoo:blockstates/shopping_table.json' missing model for variant: 'jahdoo:shopping_table#facing=south,half=lower,level=10'
[27Mar2026 12:27:59.749] [Worker-Main-5/WARN] [net.minecraft.client.resources.model.BlockStateModelLoader/]: Exception loading blockstate definition: 'jahdoo:blockstates/shopping_table.json' missing model for variant: 'jahdoo:shopping_table#facing=up,half=upper,level=7'
[27Mar2026 12:27:59.749] [Worker-Main-5/WARN] [net.minecraft.client.resources.model.BlockStateModelLoader/]: Exception loading blockstate definition: 'jahdoo:blockstates/shopping_table.json' missing model for variant: 'jahdoo:shopping_table#facing=south,half=upper,level=14'
[27Mar2026 12:27:59.749] [Worker-Main-5/WARN] [net.minecraft.client.resources.model.BlockStateModelLoader/]: Exception loading blockstate definition: 'jahdoo:blockstates/shopping_table.json' missing model for variant: 'jahdoo:shopping_table#facing=up,half=upper,level=8'
[27Mar2026 12:27:59.749] [Worker-Main-5/WARN] [net.minecraft.client.resources.model.BlockStateModelLoader/]: Exception loading blockstate definition: 'jahdoo:blockstates/shopping_table.json' missing model for variant: 'jahdoo:shopping_table#facing=east,half=lower,level=5'
[27Mar2026 12:27:59.749] [Worker-Main-5/WARN] [net.minecraft.client.resources.model.BlockStateModelLoader/]: Exception loading blockstate definition: 'jahdoo:blockstates/shopping_table.json' missing model for variant: 'jahdoo:shopping_table#facing=up,half=upper,level=5'
[27Mar2026 12:27:59.749] [Worker-Main-5/WARN] [net.minecraft.client.resources.model.BlockStateModelLoader/]: Exception loading blockstate definition: 'jahdoo:blockstates/shopping_table.json' missing model for variant: 'jahdoo:shopping_table#facing=up,half=upper,level=6'
[27Mar2026 12:27:59.750] [Worker-Main-5/WARN] [net.minecraft.client.resources.model.BlockStateModelLoader/]: Exception loading blockstate definition: 'jahdoo:blockstates/rune_table.json' missing model for variant: 'jahdoo:rune_table#facing=up'
[27Mar2026 12:27:59.750] [Worker-Main-5/WARN] [net.minecraft.client.resources.model.BlockStateModelLoader/]: Exception loading blockstate definition: 'jahdoo:blockstates/rune_table.json' missing model for variant: 'jahdoo:rune_table#facing=down'
[27Mar2026 12:27:59.755] [Worker-Main-5/WARN] [net.minecraft.client.resources.model.ModelBakery/]: Unable to load model: 'jahdoo:item/trial_portal' referenced from: jahdoo:item/trial_portal: java.io.FileNotFoundException: jahdoo:models/item/trial_portal.json
[27Mar2026 12:27:59.757] [Worker-Main-5/WARN] [net.minecraft.client.resources.model.ModelBakery/]: Unable to load model: 'jahdoo:item/enchanted_block' referenced from: jahdoo:item/enchanted_block: java.io.FileNotFoundException: jahdoo:models/item/enchanted_block.json
[27Mar2026 12:28:00.285] [Worker-Main-5/WARN] [net.minecraft.client.resources.model.ModelManager/]: Missing textures in model jahdoo:wand_basic#inventory:
    minecraft:textures/atlas/blocks.png:minecraft:item/basic_wand_textured
[27Mar2026 12:28:00.371] [Worker-Main-5/INFO] [ShoulderSurfing/]: Registering plugin for Shoulder Surfing Reloaded (shouldersurfing)
[27Mar2026 12:28:00.744] [Render thread/ERROR] [net.minecraft.client.sounds.SoundManager/]: Missing subtitle translation{key='ministrosity_hurt.sub', args=[]} for sound event: cataclysm:ministrosity_hurt
[27Mar2026 12:28:00.744] [Render thread/ERROR] [net.minecraft.client.sounds.SoundManager/]: Missing subtitle translation{key='ignis_armor_break.sub', args=[]} for sound event: cataclysm:ignis_armor_break
[27Mar2026 12:28:00.744] [Render thread/ERROR] [net.minecraft.client.sounds.SoundManager/]: Missing subtitle translation{key='explosion.sub', args=[]} for sound event: cataclysm:explosion
[27Mar2026 12:28:00.744] [Render thread/ERROR] [net.minecraft.client.sounds.SoundManager/]: Missing subtitle translation{key='ministrosity_fill_bucket.sub', args=[]} for sound event: cataclysm:ministrosity_fill_bucket
[27Mar2026 12:28:00.744] [Render thread/ERROR] [net.minecraft.client.sounds.SoundManager/]: Missing subtitle translation{key='clawdian_hurt.sub', args=[]} for sound event: cataclysm:clawdian_hurt
[27Mar2026 12:28:00.744] [Render thread/ERROR] [net.minecraft.client.sounds.SoundManager/]: Missing subtitle translation{key='ignis_earthquake.sub', args=[]} for sound event: cataclysm:ignis_earthquake
[27Mar2026 12:28:00.744] [Render thread/ERROR] [net.minecraft.client.sounds.SoundManager/]: Missing subtitle translation{key='maledictus_death.sub', args=[]} for sound event: cataclysm:maledictus_death
[27Mar2026 12:28:00.744] [Render thread/ERROR] [net.minecraft.client.sounds.SoundManager/]: Missing subtitle translation{key='ignisimpact.sub', args=[]} for sound event: cataclysm:ignis_impact
[27Mar2026 12:28:00.745] [Render thread/ERROR] [net.minecraft.client.sounds.SoundManager/]: Missing subtitle translation{key='axeswingattack.sub', args=[]} for sound event: cataclysm:axe_swing
[27Mar2026 12:28:00.745] [Render thread/ERROR] [net.minecraft.client.sounds.SoundManager/]: Missing subtitle translation{key='clawdian_idle.sub', args=[]} for sound event: cataclysm:clawdian_idle
[27Mar2026 12:28:00.745] [Render thread/ERROR] [net.minecraft.client.sounds.SoundManager/]: Missing subtitle translation{key='clawdian_death.sub', args=[]} for sound event: cataclysm:clawdian_death
[27Mar2026 12:28:00.745] [Render thread/ERROR] [net.minecraft.client.sounds.SoundManager/]: Missing subtitle translation{key='maledictus_jump.sub', args=[]} for sound event: cataclysm:maledictus_jump
[27Mar2026 12:28:00.745] [Render thread/ERROR] [net.minecraft.client.sounds.SoundManager/]: Missing subtitle translation{key='abyss_blast_charge.sub', args=[]} for sound event: cataclysm:abyss_blast_only_charge
[27Mar2026 12:28:00.745] [Render thread/WARN] [net.minecraft.client.sounds.SoundEngine/]: Missing sound for event: minecraft:item.goat_horn.play
[27Mar2026 12:28:00.745] [Render thread/WARN] [net.minecraft.client.sounds.SoundEngine/]: Missing sound for event: minecraft:entity.goat.screaming.horn_break
[27Mar2026 12:28:00.746] [Render thread/WARN] [net.minecraft.client.sounds.SoundEngine/]: Missing sound for event: cataclysm:ignisshieldbreak
[27Mar2026 12:28:00.746] [Render thread/WARN] [net.minecraft.client.sounds.SoundEngine/]: Missing sound for event: cataclysm:lacerton_ambient
[27Mar2026 12:28:00.746] [Render thread/WARN] [net.minecraft.client.sounds.SoundEngine/]: Missing sound for event: cataclysm:lacerton_hurt
[27Mar2026 12:28:00.746] [Render thread/WARN] [net.minecraft.client.sounds.SoundEngine/]: Missing sound for event: cataclysm:lacerton_death
[27Mar2026 12:28:00.812] [Render thread/INFO] [com.mojang.blaze3d.audio.Library/]: OpenAL initialized on device OpenAL Soft on Realtek Digital Output (Realtek(R) Audio)
[27Mar2026 12:28:00.814] [Render thread/INFO] [net.minecraft.client.sounds.SoundEngine/SOUNDS]: Sound engine started
[27Mar2026 12:28:00.943] [Render thread/INFO] [net.minecraft.client.renderer.texture.TextureAtlas/]: Created: 2048x2048x4 minecraft:textures/atlas/blocks.png-atlas
[27Mar2026 12:28:00.969] [Render thread/INFO] [net.minecraft.client.renderer.texture.TextureAtlas/]: Created: 256x256x4 minecraft:textures/atlas/signs.png-atlas
[27Mar2026 12:28:00.970] [Render thread/INFO] [net.minecraft.client.renderer.texture.TextureAtlas/]: Created: 512x512x4 minecraft:textures/atlas/shield_patterns.png-atlas
[27Mar2026 12:28:00.970] [Render thread/INFO] [net.minecraft.client.renderer.texture.TextureAtlas/]: Created: 512x512x4 minecraft:textures/atlas/banner_patterns.png-atlas
[27Mar2026 12:28:00.970] [Render thread/INFO] [net.minecraft.client.renderer.texture.TextureAtlas/]: Created: 2048x1024x4 minecraft:textures/atlas/armor_trims.png-atlas
[27Mar2026 12:28:00.973] [Render thread/INFO] [net.minecraft.client.renderer.texture.TextureAtlas/]: Created: 128x64x4 minecraft:textures/atlas/decorated_pot.png-atlas
[27Mar2026 12:28:00.974] [Render thread/INFO] [net.minecraft.client.renderer.texture.TextureAtlas/]: Created: 256x256x4 minecraft:textures/atlas/chest.png-atlas
[27Mar2026 12:28:00.974] [Render thread/INFO] [net.minecraft.client.renderer.texture.TextureAtlas/]: Created: 512x256x4 minecraft:textures/atlas/beds.png-atlas
[27Mar2026 12:28:00.974] [Render thread/INFO] [net.minecraft.client.renderer.texture.TextureAtlas/]: Created: 512x256x4 minecraft:textures/atlas/shulker_boxes.png-atlas
[27Mar2026 12:28:01.201] [Render thread/INFO] [net.minecraft.client.renderer.texture.TextureAtlas/]: Created: 1024x1024x0 minecraft:textures/atlas/particles.png-atlas
[27Mar2026 12:28:01.204] [Render thread/INFO] [net.minecraft.client.renderer.texture.TextureAtlas/]: Created: 512x256x0 minecraft:textures/atlas/paintings.png-atlas
[27Mar2026 12:28:01.204] [Render thread/INFO] [net.minecraft.client.renderer.texture.TextureAtlas/]: Created: 256x128x0 minecraft:textures/atlas/mob_effects.png-atlas
[27Mar2026 12:28:01.204] [Render thread/INFO] [net.minecraft.client.renderer.texture.TextureAtlas/]: Created: 256x256x0 minecraft:textures/atlas/map_decorations.png-atlas
[27Mar2026 12:28:01.204] [Render thread/INFO] [net.minecraft.client.renderer.texture.TextureAtlas/]: Created: 1024x512x0 minecraft:textures/atlas/gui.png-atlas
[27Mar2026 12:28:01.344] [Render thread/WARN] [net.minecraft.client.renderer.ShaderInstance/]: Shader rendertype_entity_translucent_emissive could not find sampler named Sampler2 in the specified shader program.
[27Mar2026 12:28:01.752] [Render thread/WARN] [dev.kosmx.playerAnim.minecraftApi.PlayerAnimationRegistry/]: [WARNING FOR MOD DEVS] Animation player_animation/cast.json is in wrong directory: "player_animation", please place it in "player_animations".
[27Mar2026 12:28:01.759] [Render thread/WARN] [dev.kosmx.playerAnim.minecraftApi.PlayerAnimationRegistry/]: [WARNING FOR MOD DEVS] Animation player_animation/down_swipe_cast.json is in wrong directory: "player_animation", please place it in "player_animations".
[27Mar2026 12:28:01.760] [Render thread/WARN] [dev.kosmx.playerAnim.minecraftApi.PlayerAnimationRegistry/]: [WARNING FOR MOD DEVS] Animation player_animation/floating.json is in wrong directory: "player_animation", please place it in "player_animations".
[27Mar2026 12:28:01.762] [Render thread/WARN] [dev.kosmx.playerAnim.minecraftApi.PlayerAnimationRegistry/]: [WARNING FOR MOD DEVS] Animation player_animation/idle_wand.json is in wrong directory: "player_animation", please place it in "player_animations".
[27Mar2026 12:28:01.762] [Render thread/WARN] [dev.kosmx.playerAnim.minecraftApi.PlayerAnimationRegistry/]: [WARNING FOR MOD DEVS] Animation player_animation/swipe_cast.json is in wrong directory: "player_animation", please place it in "player_animations".
[27Mar2026 12:28:01.764] [Render thread/ERROR] [dev.kosmx.playerAnim.minecraftApi.codec.AnimationCodecs/]: Unknown error when trying to apply emotecraft
java.lang.IndexOutOfBoundsException: Index 0 out of bounds for length 0
	at java.base/jdk.internal.util.Preconditions.outOfBounds(Preconditions.java:100) ~[?:?]
	at java.base/jdk.internal.util.Preconditions.outOfBoundsCheckIndex(Preconditions.java:106) ~[?:?]
	at java.base/jdk.internal.util.Preconditions.checkIndex(Preconditions.java:302) ~[?:?]
	at java.base/java.util.Objects.checkIndex(Objects.java:385) ~[?:?]
	at java.base/java.util.ArrayList.get(ArrayList.java:427) ~[?:?]
	at MC-BOOTSTRAP/com.google.gson@2.10.1/com.google.gson.JsonArray.get(JsonArray.java:228) ~[gson-2.10.1.jar%23110!/:?]
	at TRANSFORMER/playeranimator@2.0.1+1.21.1/dev.kosmx.playerAnim.core.data.gson.GeckoLibSerializer.readDataAtTick(GeckoLibSerializer.java:218) ~[player-animation-lib-forge-2.0.1+1.21.1.jar%23215!/:?]
	at TRANSFORMER/playeranimator@2.0.1+1.21.1/dev.kosmx.playerAnim.core.data.gson.GeckoLibSerializer.lambda$readBone$2(GeckoLibSerializer.java:160) ~[player-animation-lib-forge-2.0.1+1.21.1.jar%23215!/:?]
	at java.base/java.lang.Iterable.forEach(Iterable.java:75) ~[?:?]
	at TRANSFORMER/playeranimator@2.0.1+1.21.1/dev.kosmx.playerAnim.core.data.gson.GeckoLibSerializer.readBone(GeckoLibSerializer.java:150) ~[player-animation-lib-forge-2.0.1+1.21.1.jar%23215!/:?]
	at TRANSFORMER/playeranimator@2.0.1+1.21.1/dev.kosmx.playerAnim.core.data.gson.GeckoLibSerializer.keyframeSerializer(GeckoLibSerializer.java:104) ~[player-animation-lib-forge-2.0.1+1.21.1.jar%23215!/:?]
	at TRANSFORMER/playeranimator@2.0.1+1.21.1/dev.kosmx.playerAnim.core.data.gson.GeckoLibSerializer.lambda$readAnimations$0(GeckoLibSerializer.java:84) ~[player-animation-lib-forge-2.0.1+1.21.1.jar%23215!/:?]
	at java.base/java.lang.Iterable.forEach(Iterable.java:75) ~[?:?]
	at TRANSFORMER/playeranimator@2.0.1+1.21.1/dev.kosmx.playerAnim.core.data.gson.GeckoLibSerializer.readAnimations(GeckoLibSerializer.java:65) ~[player-animation-lib-forge-2.0.1+1.21.1.jar%23215!/:?]
	at TRANSFORMER/playeranimator@2.0.1+1.21.1/dev.kosmx.playerAnim.core.data.gson.GeckoLibSerializer.deserialize(GeckoLibSerializer.java:57) ~[player-animation-lib-forge-2.0.1+1.21.1.jar%23215!/:?]
	at TRANSFORMER/playeranimator@2.0.1+1.21.1/dev.kosmx.playerAnim.core.data.gson.AnimationJson.deserialize(AnimationJson.java:53) ~[player-animation-lib-forge-2.0.1+1.21.1.jar%23215!/:?]
	at TRANSFORMER/playeranimator@2.0.1+1.21.1/dev.kosmx.playerAnim.core.data.gson.AnimationJson.deserialize(AnimationJson.java:16) ~[player-animation-lib-forge-2.0.1+1.21.1.jar%23215!/:?]
	at MC-BOOTSTRAP/com.google.gson@2.10.1/com.google.gson.internal.bind.TreeTypeAdapter.read(TreeTypeAdapter.java:76) ~[gson-2.10.1.jar%23110!/:?]
	at MC-BOOTSTRAP/com.google.gson@2.10.1/com.google.gson.Gson.fromJson(Gson.java:1227) ~[gson-2.10.1.jar%23110!/:?]
	at MC-BOOTSTRAP/com.google.gson@2.10.1/com.google.gson.Gson.fromJson(Gson.java:1137) ~[gson-2.10.1.jar%23110!/:?]
	at MC-BOOTSTRAP/com.google.gson@2.10.1/com.google.gson.Gson.fromJson(Gson.java:1107) ~[gson-2.10.1.jar%23110!/:?]
	at TRANSFORMER/playeranimator@2.0.1+1.21.1/dev.kosmx.playerAnim.minecraftApi.codec.AbstractGsonCodec.decode(AbstractGsonCodec.java:25) ~[player-animation-lib-forge-2.0.1+1.21.1.jar%23215!/:?]
	at TRANSFORMER/playeranimator@2.0.1+1.21.1/dev.kosmx.playerAnim.minecraftApi.codec.AnimationCodecs.deserialize(AnimationCodecs.java:76) ~[player-animation-lib-forge-2.0.1+1.21.1.jar%23215!/:?]
	at TRANSFORMER/playeranimator@2.0.1+1.21.1/dev.kosmx.playerAnim.minecraftApi.PlayerAnimationRegistry.resourceLoaderCallback(PlayerAnimationRegistry.java:123) ~[player-animation-lib-forge-2.0.1+1.21.1.jar%23215!/:?]
	at TRANSFORMER/minecraft@1.21.1/net.minecraft.server.packs.resources.ResourceManagerReloadListener.lambda$reload$0(ResourceManagerReloadListener.java:21) ~[neoforge-21.1.219-minecraft-merged.jar%23194!/:?]
	at java.base/java.util.concurrent.CompletableFuture$UniRun.tryFire$$$capture(CompletableFuture.java:787) ~[?:?]
	at java.base/java.util.concurrent.CompletableFuture$UniRun.tryFire(CompletableFuture.java) ~[?:?]
	at java.base/java.util.concurrent.CompletableFuture$Completion.run(CompletableFuture.java:482) ~[?:?]
	at TRANSFORMER/minecraft@1.21.1/net.minecraft.server.packs.resources.SimpleReloadInstance.lambda$new$3(SimpleReloadInstance.java:86) ~[neoforge-21.1.219-minecraft-merged.jar%23194!/:?]
	at TRANSFORMER/minecraft@1.21.1/net.minecraft.util.thread.BlockableEventLoop.doRunTask(BlockableEventLoop.java:151) ~[neoforge-21.1.219-minecraft-merged.jar%23194!/:?]
	at TRANSFORMER/minecraft@1.21.1/net.minecraft.util.thread.ReentrantBlockableEventLoop.doRunTask(ReentrantBlockableEventLoop.java:24) ~[neoforge-21.1.219-minecraft-merged.jar%23194!/:?]
	at TRANSFORMER/minecraft@1.21.1/net.minecraft.util.thread.BlockableEventLoop.pollTask(BlockableEventLoop.java:122) ~[neoforge-21.1.219-minecraft-merged.jar%23194!/:?]
	at TRANSFORMER/minecraft@1.21.1/net.minecraft.util.thread.BlockableEventLoop.runAllTasks(BlockableEventLoop.java:111) ~[neoforge-21.1.219-minecraft-merged.jar%23194!/:?]
	at TRANSFORMER/minecraft@1.21.1/net.minecraft.client.Minecraft.runTick(Minecraft.java:1161) ~[neoforge-21.1.219-minecraft-merged.jar%23194!/:?]
	at TRANSFORMER/minecraft@1.21.1/net.minecraft.client.Minecraft.run(Minecraft.java:813) ~[neoforge-21.1.219-minecraft-merged.jar%23194!/:?]
	at TRANSFORMER/minecraft@1.21.1/net.minecraft.client.main.Main.main(Main.java:230) ~[neoforge-21.1.219-minecraft-merged.jar%23194!/:?]
	at java.base/jdk.internal.reflect.DirectMethodHandleAccessor.invoke(DirectMethodHandleAccessor.java:103) ~[?:?]
	at java.base/java.lang.reflect.Method.invoke(Method.java:580) ~[?:?]
	at MC-BOOTSTRAP/fml_loader@4.0.42/net.neoforged.fml.loading.targets.CommonLaunchHandler.runTarget(CommonLaunchHandler.java:136) ~[loader-4.0.42.jar%23146!/:4.0]
	at MC-BOOTSTRAP/fml_loader@4.0.42/net.neoforged.fml.loading.targets.CommonLaunchHandler.clientService(CommonLaunchHandler.java:124) ~[loader-4.0.42.jar%23146!/:4.0]
	at MC-BOOTSTRAP/fml_loader@4.0.42/net.neoforged.fml.loading.targets.NeoForgeClientDevLaunchHandler.runService(NeoForgeClientDevLaunchHandler.java:23) ~[loader-4.0.42.jar%23146!/:4.0]
	at MC-BOOTSTRAP/fml_loader@4.0.42/net.neoforged.fml.loading.targets.CommonLaunchHandler.lambda$launchService$4(CommonLaunchHandler.java:118) ~[loader-4.0.42.jar%23146!/:4.0]
	at MC-BOOTSTRAP/cpw.mods.modlauncher@11.0.5/cpw.mods.modlauncher.LaunchServiceHandlerDecorator.launch(LaunchServiceHandlerDecorator.java:30) [modlauncher-11.0.5.jar%23128!/:?]
	at MC-BOOTSTRAP/cpw.mods.modlauncher@11.0.5/cpw.mods.modlauncher.LaunchServiceHandler.launch(LaunchServiceHandler.java:53) [modlauncher-11.0.5.jar%23128!/:?]
	at MC-BOOTSTRAP/cpw.mods.modlauncher@11.0.5/cpw.mods.modlauncher.LaunchServiceHandler.launch(LaunchServiceHandler.java:71) [modlauncher-11.0.5.jar%23128!/:?]
	at MC-BOOTSTRAP/cpw.mods.modlauncher@11.0.5/cpw.mods.modlauncher.Launcher.run(Launcher.java:103) [modlauncher-11.0.5.jar%23128!/:?]
	at MC-BOOTSTRAP/cpw.mods.modlauncher@11.0.5/cpw.mods.modlauncher.Launcher.main(Launcher.java:74) [modlauncher-11.0.5.jar%23128!/:?]
	at MC-BOOTSTRAP/cpw.mods.modlauncher@11.0.5/cpw.mods.modlauncher.BootstrapLaunchConsumer.accept(BootstrapLaunchConsumer.java:26) [modlauncher-11.0.5.jar%23128!/:?]
	at MC-BOOTSTRAP/cpw.mods.modlauncher@11.0.5/cpw.mods.modlauncher.BootstrapLaunchConsumer.accept(BootstrapLaunchConsumer.java:23) [modlauncher-11.0.5.jar%23128!/:?]
	at cpw.mods.bootstraplauncher@2.0.2/cpw.mods.bootstraplauncher.BootstrapLauncher.run(BootstrapLauncher.java:210) [bootstraplauncher-2.0.2.jar:?]
	at cpw.mods.bootstraplauncher@2.0.2/cpw.mods.bootstraplauncher.BootstrapLauncher.main(BootstrapLauncher.java:69) [bootstraplauncher-2.0.2.jar:?]
	at java.base/jdk.internal.reflect.DirectMethodHandleAccessor.invoke(DirectMethodHandleAccessor.java:103) ~[?:?]
	at java.base/java.lang.reflect.Method.invoke(Method.java:580) ~[?:?]
	at DevLaunch@1.0.1/net.neoforged.devlaunch.Main.main(Main.java:55) [DevLaunch-1.0.1.jar:?]
[27Mar2026 12:28:01.766] [Render thread/ERROR] [dev.kosmx.playerAnim.minecraftApi.codec.AnimationCodecs/]: Unknown error when trying to apply gecko_legacy
java.lang.IndexOutOfBoundsException: Index 0 out of bounds for length 0
	at java.base/jdk.internal.util.Preconditions.outOfBounds(Preconditions.java:100) ~[?:?]
	at java.base/jdk.internal.util.Preconditions.outOfBoundsCheckIndex(Preconditions.java:106) ~[?:?]
	at java.base/jdk.internal.util.Preconditions.checkIndex(Preconditions.java:302) ~[?:?]
	at java.base/java.util.Objects.checkIndex(Objects.java:385) ~[?:?]
	at java.base/java.util.ArrayList.get(ArrayList.java:427) ~[?:?]
	at MC-BOOTSTRAP/com.google.gson@2.10.1/com.google.gson.JsonArray.get(JsonArray.java:228) ~[gson-2.10.1.jar%23110!/:?]
	at TRANSFORMER/playeranimator@2.0.1+1.21.1/dev.kosmx.playerAnim.core.data.gson.GeckoLibSerializer.readDataAtTick(GeckoLibSerializer.java:218) ~[player-animation-lib-forge-2.0.1+1.21.1.jar%23215!/:?]
	at TRANSFORMER/playeranimator@2.0.1+1.21.1/dev.kosmx.playerAnim.core.data.gson.GeckoLibSerializer.lambda$readBone$2(GeckoLibSerializer.java:160) ~[player-animation-lib-forge-2.0.1+1.21.1.jar%23215!/:?]
	at java.base/java.lang.Iterable.forEach(Iterable.java:75) ~[?:?]
	at TRANSFORMER/playeranimator@2.0.1+1.21.1/dev.kosmx.playerAnim.core.data.gson.GeckoLibSerializer.readBone(GeckoLibSerializer.java:150) ~[player-animation-lib-forge-2.0.1+1.21.1.jar%23215!/:?]
	at TRANSFORMER/playeranimator@2.0.1+1.21.1/dev.kosmx.playerAnim.core.data.gson.GeckoLibSerializer.keyframeSerializer(GeckoLibSerializer.java:104) ~[player-animation-lib-forge-2.0.1+1.21.1.jar%23215!/:?]
	at TRANSFORMER/playeranimator@2.0.1+1.21.1/dev.kosmx.playerAnim.core.data.gson.GeckoLibSerializer.lambda$readAnimations$0(GeckoLibSerializer.java:84) ~[player-animation-lib-forge-2.0.1+1.21.1.jar%23215!/:?]
	at java.base/java.lang.Iterable.forEach(Iterable.java:75) ~[?:?]
	at TRANSFORMER/playeranimator@2.0.1+1.21.1/dev.kosmx.playerAnim.core.data.gson.GeckoLibSerializer.readAnimations(GeckoLibSerializer.java:65) ~[player-animation-lib-forge-2.0.1+1.21.1.jar%23215!/:?]
	at TRANSFORMER/playeranimator@2.0.1+1.21.1/dev.kosmx.playerAnim.core.data.gson.GeckoLibSerializer.deserialize(GeckoLibSerializer.java:57) ~[player-animation-lib-forge-2.0.1+1.21.1.jar%23215!/:?]
	at TRANSFORMER/playeranimator@2.0.1+1.21.1/dev.kosmx.playerAnim.core.data.gson.GeckoLibSerializer.deserialize(GeckoLibSerializer.java:52) ~[player-animation-lib-forge-2.0.1+1.21.1.jar%23215!/:?]
	at TRANSFORMER/playeranimator@2.0.1+1.21.1/dev.kosmx.playerAnim.core.data.gson.GeckoLibSerializer.deserialize(GeckoLibSerializer.java:23) ~[player-animation-lib-forge-2.0.1+1.21.1.jar%23215!/:?]
	at MC-BOOTSTRAP/com.google.gson@2.10.1/com.google.gson.internal.bind.TreeTypeAdapter.read(TreeTypeAdapter.java:76) ~[gson-2.10.1.jar%23110!/:?]
	at MC-BOOTSTRAP/com.google.gson@2.10.1/com.google.gson.Gson.fromJson(Gson.java:1227) ~[gson-2.10.1.jar%23110!/:?]
	at MC-BOOTSTRAP/com.google.gson@2.10.1/com.google.gson.Gson.fromJson(Gson.java:1137) ~[gson-2.10.1.jar%23110!/:?]
	at MC-BOOTSTRAP/com.google.gson@2.10.1/com.google.gson.Gson.fromJson(Gson.java:1107) ~[gson-2.10.1.jar%23110!/:?]
	at TRANSFORMER/playeranimator@2.0.1+1.21.1/dev.kosmx.playerAnim.minecraftApi.codec.AbstractGsonCodec.decode(AbstractGsonCodec.java:25) ~[player-animation-lib-forge-2.0.1+1.21.1.jar%23215!/:?]
	at TRANSFORMER/playeranimator@2.0.1+1.21.1/dev.kosmx.playerAnim.minecraftApi.codec.AnimationCodecs.deserialize(AnimationCodecs.java:76) ~[player-animation-lib-forge-2.0.1+1.21.1.jar%23215!/:?]
	at TRANSFORMER/playeranimator@2.0.1+1.21.1/dev.kosmx.playerAnim.minecraftApi.PlayerAnimationRegistry.resourceLoaderCallback(PlayerAnimationRegistry.java:123) ~[player-animation-lib-forge-2.0.1+1.21.1.jar%23215!/:?]
	at TRANSFORMER/minecraft@1.21.1/net.minecraft.server.packs.resources.ResourceManagerReloadListener.lambda$reload$0(ResourceManagerReloadListener.java:21) ~[neoforge-21.1.219-minecraft-merged.jar%23194!/:?]
	at java.base/java.util.concurrent.CompletableFuture$UniRun.tryFire$$$capture(CompletableFuture.java:787) ~[?:?]
	at java.base/java.util.concurrent.CompletableFuture$UniRun.tryFire(CompletableFuture.java) ~[?:?]
	at java.base/java.util.concurrent.CompletableFuture$Completion.run(CompletableFuture.java:482) ~[?:?]
	at TRANSFORMER/minecraft@1.21.1/net.minecraft.server.packs.resources.SimpleReloadInstance.lambda$new$3(SimpleReloadInstance.java:86) ~[neoforge-21.1.219-minecraft-merged.jar%23194!/:?]
	at TRANSFORMER/minecraft@1.21.1/net.minecraft.util.thread.BlockableEventLoop.doRunTask(BlockableEventLoop.java:151) ~[neoforge-21.1.219-minecraft-merged.jar%23194!/:?]
	at TRANSFORMER/minecraft@1.21.1/net.minecraft.util.thread.ReentrantBlockableEventLoop.doRunTask(ReentrantBlockableEventLoop.java:24) ~[neoforge-21.1.219-minecraft-merged.jar%23194!/:?]
	at TRANSFORMER/minecraft@1.21.1/net.minecraft.util.thread.BlockableEventLoop.pollTask(BlockableEventLoop.java:122) ~[neoforge-21.1.219-minecraft-merged.jar%23194!/:?]
	at TRANSFORMER/minecraft@1.21.1/net.minecraft.util.thread.BlockableEventLoop.runAllTasks(BlockableEventLoop.java:111) ~[neoforge-21.1.219-minecraft-merged.jar%23194!/:?]
	at TRANSFORMER/minecraft@1.21.1/net.minecraft.client.Minecraft.runTick(Minecraft.java:1161) ~[neoforge-21.1.219-minecraft-merged.jar%23194!/:?]
	at TRANSFORMER/minecraft@1.21.1/net.minecraft.client.Minecraft.run(Minecraft.java:813) ~[neoforge-21.1.219-minecraft-merged.jar%23194!/:?]
	at TRANSFORMER/minecraft@1.21.1/net.minecraft.client.main.Main.main(Main.java:230) ~[neoforge-21.1.219-minecraft-merged.jar%23194!/:?]
	at java.base/jdk.internal.reflect.DirectMethodHandleAccessor.invoke(DirectMethodHandleAccessor.java:103) ~[?:?]
	at java.base/java.lang.reflect.Method.invoke(Method.java:580) ~[?:?]
	at MC-BOOTSTRAP/fml_loader@4.0.42/net.neoforged.fml.loading.targets.CommonLaunchHandler.runTarget(CommonLaunchHandler.java:136) ~[loader-4.0.42.jar%23146!/:4.0]
	at MC-BOOTSTRAP/fml_loader@4.0.42/net.neoforged.fml.loading.targets.CommonLaunchHandler.clientService(CommonLaunchHandler.java:124) ~[loader-4.0.42.jar%23146!/:4.0]
	at MC-BOOTSTRAP/fml_loader@4.0.42/net.neoforged.fml.loading.targets.NeoForgeClientDevLaunchHandler.runService(NeoForgeClientDevLaunchHandler.java:23) ~[loader-4.0.42.jar%23146!/:4.0]
	at MC-BOOTSTRAP/fml_loader@4.0.42/net.neoforged.fml.loading.targets.CommonLaunchHandler.lambda$launchService$4(CommonLaunchHandler.java:118) ~[loader-4.0.42.jar%23146!/:4.0]
	at MC-BOOTSTRAP/cpw.mods.modlauncher@11.0.5/cpw.mods.modlauncher.LaunchServiceHandlerDecorator.launch(LaunchServiceHandlerDecorator.java:30) [modlauncher-11.0.5.jar%23128!/:?]
	at MC-BOOTSTRAP/cpw.mods.modlauncher@11.0.5/cpw.mods.modlauncher.LaunchServiceHandler.launch(LaunchServiceHandler.java:53) [modlauncher-11.0.5.jar%23128!/:?]
	at MC-BOOTSTRAP/cpw.mods.modlauncher@11.0.5/cpw.mods.modlauncher.LaunchServiceHandler.launch(LaunchServiceHandler.java:71) [modlauncher-11.0.5.jar%23128!/:?]
	at MC-BOOTSTRAP/cpw.mods.modlauncher@11.0.5/cpw.mods.modlauncher.Launcher.run(Launcher.java:103) [modlauncher-11.0.5.jar%23128!/:?]
	at MC-BOOTSTRAP/cpw.mods.modlauncher@11.0.5/cpw.mods.modlauncher.Launcher.main(Launcher.java:74) [modlauncher-11.0.5.jar%23128!/:?]
	at MC-BOOTSTRAP/cpw.mods.modlauncher@11.0.5/cpw.mods.modlauncher.BootstrapLaunchConsumer.accept(BootstrapLaunchConsumer.java:26) [modlauncher-11.0.5.jar%23128!/:?]
	at MC-BOOTSTRAP/cpw.mods.modlauncher@11.0.5/cpw.mods.modlauncher.BootstrapLaunchConsumer.accept(BootstrapLaunchConsumer.java:23) [modlauncher-11.0.5.jar%23128!/:?]
	at cpw.mods.bootstraplauncher@2.0.2/cpw.mods.bootstraplauncher.BootstrapLauncher.run(BootstrapLauncher.java:210) [bootstraplauncher-2.0.2.jar:?]
	at cpw.mods.bootstraplauncher@2.0.2/cpw.mods.bootstraplauncher.BootstrapLauncher.main(BootstrapLauncher.java:69) [bootstraplauncher-2.0.2.jar:?]
	at java.base/jdk.internal.reflect.DirectMethodHandleAccessor.invoke(DirectMethodHandleAccessor.java:103) ~[?:?]
	at java.base/java.lang.reflect.Method.invoke(Method.java:580) ~[?:?]
	at DevLaunch@1.0.1/net.neoforged.devlaunch.Main.main(Main.java:55) [DevLaunch-1.0.1.jar:?]
[27Mar2026 12:28:01.767] [Render thread/WARN] [dev.kosmx.playerAnim.minecraftApi.PlayerAnimationRegistry/]: [WARNING FOR MOD DEVS] Animation player_animation/up_swipe_cast.json is in wrong directory: "player_animation", please place it in "player_animations".
[27Mar2026 12:28:01.767] [Render thread/ERROR] [dev.kosmx.playerAnim.minecraftApi.codec.AnimationCodecs/]: Unknown error when trying to apply emotecraft
java.lang.IndexOutOfBoundsException: Index 0 out of bounds for length 0
	at java.base/jdk.internal.util.Preconditions.outOfBounds(Preconditions.java:100) ~[?:?]
	at java.base/jdk.internal.util.Preconditions.outOfBoundsCheckIndex(Preconditions.java:106) ~[?:?]
	at java.base/jdk.internal.util.Preconditions.checkIndex(Preconditions.java:302) ~[?:?]
	at java.base/java.util.Objects.checkIndex(Objects.java:385) ~[?:?]
	at java.base/java.util.ArrayList.get(ArrayList.java:427) ~[?:?]
	at MC-BOOTSTRAP/com.google.gson@2.10.1/com.google.gson.JsonArray.get(JsonArray.java:228) ~[gson-2.10.1.jar%23110!/:?]
	at TRANSFORMER/playeranimator@2.0.1+1.21.1/dev.kosmx.playerAnim.core.data.gson.GeckoLibSerializer.readDataAtTick(GeckoLibSerializer.java:218) ~[player-animation-lib-forge-2.0.1+1.21.1.jar%23215!/:?]
	at TRANSFORMER/playeranimator@2.0.1+1.21.1/dev.kosmx.playerAnim.core.data.gson.GeckoLibSerializer.lambda$readBone$2(GeckoLibSerializer.java:160) ~[player-animation-lib-forge-2.0.1+1.21.1.jar%23215!/:?]
	at java.base/java.lang.Iterable.forEach(Iterable.java:75) ~[?:?]
	at TRANSFORMER/playeranimator@2.0.1+1.21.1/dev.kosmx.playerAnim.core.data.gson.GeckoLibSerializer.readBone(GeckoLibSerializer.java:150) ~[player-animation-lib-forge-2.0.1+1.21.1.jar%23215!/:?]
	at TRANSFORMER/playeranimator@2.0.1+1.21.1/dev.kosmx.playerAnim.core.data.gson.GeckoLibSerializer.keyframeSerializer(GeckoLibSerializer.java:104) ~[player-animation-lib-forge-2.0.1+1.21.1.jar%23215!/:?]
	at TRANSFORMER/playeranimator@2.0.1+1.21.1/dev.kosmx.playerAnim.core.data.gson.GeckoLibSerializer.lambda$readAnimations$0(GeckoLibSerializer.java:84) ~[player-animation-lib-forge-2.0.1+1.21.1.jar%23215!/:?]
	at java.base/java.lang.Iterable.forEach(Iterable.java:75) ~[?:?]
	at TRANSFORMER/playeranimator@2.0.1+1.21.1/dev.kosmx.playerAnim.core.data.gson.GeckoLibSerializer.readAnimations(GeckoLibSerializer.java:65) ~[player-animation-lib-forge-2.0.1+1.21.1.jar%23215!/:?]
	at TRANSFORMER/playeranimator@2.0.1+1.21.1/dev.kosmx.playerAnim.core.data.gson.GeckoLibSerializer.deserialize(GeckoLibSerializer.java:57) ~[player-animation-lib-forge-2.0.1+1.21.1.jar%23215!/:?]
	at TRANSFORMER/playeranimator@2.0.1+1.21.1/dev.kosmx.playerAnim.core.data.gson.AnimationJson.deserialize(AnimationJson.java:53) ~[player-animation-lib-forge-2.0.1+1.21.1.jar%23215!/:?]
	at TRANSFORMER/playeranimator@2.0.1+1.21.1/dev.kosmx.playerAnim.core.data.gson.AnimationJson.deserialize(AnimationJson.java:16) ~[player-animation-lib-forge-2.0.1+1.21.1.jar%23215!/:?]
	at MC-BOOTSTRAP/com.google.gson@2.10.1/com.google.gson.internal.bind.TreeTypeAdapter.read(TreeTypeAdapter.java:76) ~[gson-2.10.1.jar%23110!/:?]
	at MC-BOOTSTRAP/com.google.gson@2.10.1/com.google.gson.Gson.fromJson(Gson.java:1227) ~[gson-2.10.1.jar%23110!/:?]
	at MC-BOOTSTRAP/com.google.gson@2.10.1/com.google.gson.Gson.fromJson(Gson.java:1137) ~[gson-2.10.1.jar%23110!/:?]
	at MC-BOOTSTRAP/com.google.gson@2.10.1/com.google.gson.Gson.fromJson(Gson.java:1107) ~[gson-2.10.1.jar%23110!/:?]
	at TRANSFORMER/playeranimator@2.0.1+1.21.1/dev.kosmx.playerAnim.minecraftApi.codec.AbstractGsonCodec.decode(AbstractGsonCodec.java:25) ~[player-animation-lib-forge-2.0.1+1.21.1.jar%23215!/:?]
	at TRANSFORMER/playeranimator@2.0.1+1.21.1/dev.kosmx.playerAnim.minecraftApi.codec.AnimationCodecs.deserialize(AnimationCodecs.java:76) ~[player-animation-lib-forge-2.0.1+1.21.1.jar%23215!/:?]
	at TRANSFORMER/playeranimator@2.0.1+1.21.1/dev.kosmx.playerAnim.minecraftApi.PlayerAnimationRegistry.resourceLoaderCallback(PlayerAnimationRegistry.java:123) ~[player-animation-lib-forge-2.0.1+1.21.1.jar%23215!/:?]
	at TRANSFORMER/minecraft@1.21.1/net.minecraft.server.packs.resources.ResourceManagerReloadListener.lambda$reload$0(ResourceManagerReloadListener.java:21) ~[neoforge-21.1.219-minecraft-merged.jar%23194!/:?]
	at java.base/java.util.concurrent.CompletableFuture$UniRun.tryFire$$$capture(CompletableFuture.java:787) ~[?:?]
	at java.base/java.util.concurrent.CompletableFuture$UniRun.tryFire(CompletableFuture.java) ~[?:?]
	at java.base/java.util.concurrent.CompletableFuture$Completion.run(CompletableFuture.java:482) ~[?:?]
	at TRANSFORMER/minecraft@1.21.1/net.minecraft.server.packs.resources.SimpleReloadInstance.lambda$new$3(SimpleReloadInstance.java:86) ~[neoforge-21.1.219-minecraft-merged.jar%23194!/:?]
	at TRANSFORMER/minecraft@1.21.1/net.minecraft.util.thread.BlockableEventLoop.doRunTask(BlockableEventLoop.java:151) ~[neoforge-21.1.219-minecraft-merged.jar%23194!/:?]
	at TRANSFORMER/minecraft@1.21.1/net.minecraft.util.thread.ReentrantBlockableEventLoop.doRunTask(ReentrantBlockableEventLoop.java:24) ~[neoforge-21.1.219-minecraft-merged.jar%23194!/:?]
	at TRANSFORMER/minecraft@1.21.1/net.minecraft.util.thread.BlockableEventLoop.pollTask(BlockableEventLoop.java:122) ~[neoforge-21.1.219-minecraft-merged.jar%23194!/:?]
	at TRANSFORMER/minecraft@1.21.1/net.minecraft.util.thread.BlockableEventLoop.runAllTasks(BlockableEventLoop.java:111) ~[neoforge-21.1.219-minecraft-merged.jar%23194!/:?]
	at TRANSFORMER/minecraft@1.21.1/net.minecraft.client.Minecraft.runTick(Minecraft.java:1161) ~[neoforge-21.1.219-minecraft-merged.jar%23194!/:?]
	at TRANSFORMER/minecraft@1.21.1/net.minecraft.client.Minecraft.run(Minecraft.java:813) ~[neoforge-21.1.219-minecraft-merged.jar%23194!/:?]
	at TRANSFORMER/minecraft@1.21.1/net.minecraft.client.main.Main.main(Main.java:230) ~[neoforge-21.1.219-minecraft-merged.jar%23194!/:?]
	at java.base/jdk.internal.reflect.DirectMethodHandleAccessor.invoke(DirectMethodHandleAccessor.java:103) ~[?:?]
	at java.base/java.lang.reflect.Method.invoke(Method.java:580) ~[?:?]
	at MC-BOOTSTRAP/fml_loader@4.0.42/net.neoforged.fml.loading.targets.CommonLaunchHandler.runTarget(CommonLaunchHandler.java:136) ~[loader-4.0.42.jar%23146!/:4.0]
	at MC-BOOTSTRAP/fml_loader@4.0.42/net.neoforged.fml.loading.targets.CommonLaunchHandler.clientService(CommonLaunchHandler.java:124) ~[loader-4.0.42.jar%23146!/:4.0]
	at MC-BOOTSTRAP/fml_loader@4.0.42/net.neoforged.fml.loading.targets.NeoForgeClientDevLaunchHandler.runService(NeoForgeClientDevLaunchHandler.java:23) ~[loader-4.0.42.jar%23146!/:4.0]
	at MC-BOOTSTRAP/fml_loader@4.0.42/net.neoforged.fml.loading.targets.CommonLaunchHandler.lambda$launchService$4(CommonLaunchHandler.java:118) ~[loader-4.0.42.jar%23146!/:4.0]
	at MC-BOOTSTRAP/cpw.mods.modlauncher@11.0.5/cpw.mods.modlauncher.LaunchServiceHandlerDecorator.launch(LaunchServiceHandlerDecorator.java:30) [modlauncher-11.0.5.jar%23128!/:?]
	at MC-BOOTSTRAP/cpw.mods.modlauncher@11.0.5/cpw.mods.modlauncher.LaunchServiceHandler.launch(LaunchServiceHandler.java:53) [modlauncher-11.0.5.jar%23128!/:?]
	at MC-BOOTSTRAP/cpw.mods.modlauncher@11.0.5/cpw.mods.modlauncher.LaunchServiceHandler.launch(LaunchServiceHandler.java:71) [modlauncher-11.0.5.jar%23128!/:?]
	at MC-BOOTSTRAP/cpw.mods.modlauncher@11.0.5/cpw.mods.modlauncher.Launcher.run(Launcher.java:103) [modlauncher-11.0.5.jar%23128!/:?]
	at MC-BOOTSTRAP/cpw.mods.modlauncher@11.0.5/cpw.mods.modlauncher.Launcher.main(Launcher.java:74) [modlauncher-11.0.5.jar%23128!/:?]
	at MC-BOOTSTRAP/cpw.mods.modlauncher@11.0.5/cpw.mods.modlauncher.BootstrapLaunchConsumer.accept(BootstrapLaunchConsumer.java:26) [modlauncher-11.0.5.jar%23128!/:?]
	at MC-BOOTSTRAP/cpw.mods.modlauncher@11.0.5/cpw.mods.modlauncher.BootstrapLaunchConsumer.accept(BootstrapLaunchConsumer.java:23) [modlauncher-11.0.5.jar%23128!/:?]
	at cpw.mods.bootstraplauncher@2.0.2/cpw.mods.bootstraplauncher.BootstrapLauncher.run(BootstrapLauncher.java:210) [bootstraplauncher-2.0.2.jar:?]
	at cpw.mods.bootstraplauncher@2.0.2/cpw.mods.bootstraplauncher.BootstrapLauncher.main(BootstrapLauncher.java:69) [bootstraplauncher-2.0.2.jar:?]
	at java.base/jdk.internal.reflect.DirectMethodHandleAccessor.invoke(DirectMethodHandleAccessor.java:103) ~[?:?]
	at java.base/java.lang.reflect.Method.invoke(Method.java:580) ~[?:?]
	at DevLaunch@1.0.1/net.neoforged.devlaunch.Main.main(Main.java:55) [DevLaunch-1.0.1.jar:?]
[27Mar2026 12:28:01.769] [Render thread/ERROR] [dev.kosmx.playerAnim.minecraftApi.codec.AnimationCodecs/]: Unknown error when trying to apply gecko_legacy
java.lang.IndexOutOfBoundsException: Index 0 out of bounds for length 0
	at java.base/jdk.internal.util.Preconditions.outOfBounds(Preconditions.java:100) ~[?:?]
	at java.base/jdk.internal.util.Preconditions.outOfBoundsCheckIndex(Preconditions.java:106) ~[?:?]
	at java.base/jdk.internal.util.Preconditions.checkIndex(Preconditions.java:302) ~[?:?]
	at java.base/java.util.Objects.checkIndex(Objects.java:385) ~[?:?]
	at java.base/java.util.ArrayList.get(ArrayList.java:427) ~[?:?]
	at MC-BOOTSTRAP/com.google.gson@2.10.1/com.google.gson.JsonArray.get(JsonArray.java:228) ~[gson-2.10.1.jar%23110!/:?]
	at TRANSFORMER/playeranimator@2.0.1+1.21.1/dev.kosmx.playerAnim.core.data.gson.GeckoLibSerializer.readDataAtTick(GeckoLibSerializer.java:218) ~[player-animation-lib-forge-2.0.1+1.21.1.jar%23215!/:?]
	at TRANSFORMER/playeranimator@2.0.1+1.21.1/dev.kosmx.playerAnim.core.data.gson.GeckoLibSerializer.lambda$readBone$2(GeckoLibSerializer.java:160) ~[player-animation-lib-forge-2.0.1+1.21.1.jar%23215!/:?]
	at java.base/java.lang.Iterable.forEach(Iterable.java:75) ~[?:?]
	at TRANSFORMER/playeranimator@2.0.1+1.21.1/dev.kosmx.playerAnim.core.data.gson.GeckoLibSerializer.readBone(GeckoLibSerializer.java:150) ~[player-animation-lib-forge-2.0.1+1.21.1.jar%23215!/:?]
	at TRANSFORMER/playeranimator@2.0.1+1.21.1/dev.kosmx.playerAnim.core.data.gson.GeckoLibSerializer.keyframeSerializer(GeckoLibSerializer.java:104) ~[player-animation-lib-forge-2.0.1+1.21.1.jar%23215!/:?]
	at TRANSFORMER/playeranimator@2.0.1+1.21.1/dev.kosmx.playerAnim.core.data.gson.GeckoLibSerializer.lambda$readAnimations$0(GeckoLibSerializer.java:84) ~[player-animation-lib-forge-2.0.1+1.21.1.jar%23215!/:?]
	at java.base/java.lang.Iterable.forEach(Iterable.java:75) ~[?:?]
	at TRANSFORMER/playeranimator@2.0.1+1.21.1/dev.kosmx.playerAnim.core.data.gson.GeckoLibSerializer.readAnimations(GeckoLibSerializer.java:65) ~[player-animation-lib-forge-2.0.1+1.21.1.jar%23215!/:?]
	at TRANSFORMER/playeranimator@2.0.1+1.21.1/dev.kosmx.playerAnim.core.data.gson.GeckoLibSerializer.deserialize(GeckoLibSerializer.java:57) ~[player-animation-lib-forge-2.0.1+1.21.1.jar%23215!/:?]
	at TRANSFORMER/playeranimator@2.0.1+1.21.1/dev.kosmx.playerAnim.core.data.gson.GeckoLibSerializer.deserialize(GeckoLibSerializer.java:52) ~[player-animation-lib-forge-2.0.1+1.21.1.jar%23215!/:?]
	at TRANSFORMER/playeranimator@2.0.1+1.21.1/dev.kosmx.playerAnim.core.data.gson.GeckoLibSerializer.deserialize(GeckoLibSerializer.java:23) ~[player-animation-lib-forge-2.0.1+1.21.1.jar%23215!/:?]
	at MC-BOOTSTRAP/com.google.gson@2.10.1/com.google.gson.internal.bind.TreeTypeAdapter.read(TreeTypeAdapter.java:76) ~[gson-2.10.1.jar%23110!/:?]
	at MC-BOOTSTRAP/com.google.gson@2.10.1/com.google.gson.Gson.fromJson(Gson.java:1227) ~[gson-2.10.1.jar%23110!/:?]
	at MC-BOOTSTRAP/com.google.gson@2.10.1/com.google.gson.Gson.fromJson(Gson.java:1137) ~[gson-2.10.1.jar%23110!/:?]
	at MC-BOOTSTRAP/com.google.gson@2.10.1/com.google.gson.Gson.fromJson(Gson.java:1107) ~[gson-2.10.1.jar%23110!/:?]
	at TRANSFORMER/playeranimator@2.0.1+1.21.1/dev.kosmx.playerAnim.minecraftApi.codec.AbstractGsonCodec.decode(AbstractGsonCodec.java:25) ~[player-animation-lib-forge-2.0.1+1.21.1.jar%23215!/:?]
	at TRANSFORMER/playeranimator@2.0.1+1.21.1/dev.kosmx.playerAnim.minecraftApi.codec.AnimationCodecs.deserialize(AnimationCodecs.java:76) ~[player-animation-lib-forge-2.0.1+1.21.1.jar%23215!/:?]
	at TRANSFORMER/playeranimator@2.0.1+1.21.1/dev.kosmx.playerAnim.minecraftApi.PlayerAnimationRegistry.resourceLoaderCallback(PlayerAnimationRegistry.java:123) ~[player-animation-lib-forge-2.0.1+1.21.1.jar%23215!/:?]
	at TRANSFORMER/minecraft@1.21.1/net.minecraft.server.packs.resources.ResourceManagerReloadListener.lambda$reload$0(ResourceManagerReloadListener.java:21) ~[neoforge-21.1.219-minecraft-merged.jar%23194!/:?]
	at java.base/java.util.concurrent.CompletableFuture$UniRun.tryFire$$$capture(CompletableFuture.java:787) ~[?:?]
	at java.base/java.util.concurrent.CompletableFuture$UniRun.tryFire(CompletableFuture.java) ~[?:?]
	at java.base/java.util.concurrent.CompletableFuture$Completion.run(CompletableFuture.java:482) ~[?:?]
	at TRANSFORMER/minecraft@1.21.1/net.minecraft.server.packs.resources.SimpleReloadInstance.lambda$new$3(SimpleReloadInstance.java:86) ~[neoforge-21.1.219-minecraft-merged.jar%23194!/:?]
	at TRANSFORMER/minecraft@1.21.1/net.minecraft.util.thread.BlockableEventLoop.doRunTask(BlockableEventLoop.java:151) ~[neoforge-21.1.219-minecraft-merged.jar%23194!/:?]
	at TRANSFORMER/minecraft@1.21.1/net.minecraft.util.thread.ReentrantBlockableEventLoop.doRunTask(ReentrantBlockableEventLoop.java:24) ~[neoforge-21.1.219-minecraft-merged.jar%23194!/:?]
	at TRANSFORMER/minecraft@1.21.1/net.minecraft.util.thread.BlockableEventLoop.pollTask(BlockableEventLoop.java:122) ~[neoforge-21.1.219-minecraft-merged.jar%23194!/:?]
	at TRANSFORMER/minecraft@1.21.1/net.minecraft.util.thread.BlockableEventLoop.runAllTasks(BlockableEventLoop.java:111) ~[neoforge-21.1.219-minecraft-merged.jar%23194!/:?]
	at TRANSFORMER/minecraft@1.21.1/net.minecraft.client.Minecraft.runTick(Minecraft.java:1161) ~[neoforge-21.1.219-minecraft-merged.jar%23194!/:?]
	at TRANSFORMER/minecraft@1.21.1/net.minecraft.client.Minecraft.run(Minecraft.java:813) ~[neoforge-21.1.219-minecraft-merged.jar%23194!/:?]
	at TRANSFORMER/minecraft@1.21.1/net.minecraft.client.main.Main.main(Main.java:230) ~[neoforge-21.1.219-minecraft-merged.jar%23194!/:?]
	at java.base/jdk.internal.reflect.DirectMethodHandleAccessor.invoke(DirectMethodHandleAccessor.java:103) ~[?:?]
	at java.base/java.lang.reflect.Method.invoke(Method.java:580) ~[?:?]
	at MC-BOOTSTRAP/fml_loader@4.0.42/net.neoforged.fml.loading.targets.CommonLaunchHandler.runTarget(CommonLaunchHandler.java:136) ~[loader-4.0.42.jar%23146!/:4.0]
	at MC-BOOTSTRAP/fml_loader@4.0.42/net.neoforged.fml.loading.targets.CommonLaunchHandler.clientService(CommonLaunchHandler.java:124) ~[loader-4.0.42.jar%23146!/:4.0]
	at MC-BOOTSTRAP/fml_loader@4.0.42/net.neoforged.fml.loading.targets.NeoForgeClientDevLaunchHandler.runService(NeoForgeClientDevLaunchHandler.java:23) ~[loader-4.0.42.jar%23146!/:4.0]
	at MC-BOOTSTRAP/fml_loader@4.0.42/net.neoforged.fml.loading.targets.CommonLaunchHandler.lambda$launchService$4(CommonLaunchHandler.java:118) ~[loader-4.0.42.jar%23146!/:4.0]
	at MC-BOOTSTRAP/cpw.mods.modlauncher@11.0.5/cpw.mods.modlauncher.LaunchServiceHandlerDecorator.launch(LaunchServiceHandlerDecorator.java:30) [modlauncher-11.0.5.jar%23128!/:?]
	at MC-BOOTSTRAP/cpw.mods.modlauncher@11.0.5/cpw.mods.modlauncher.LaunchServiceHandler.launch(LaunchServiceHandler.java:53) [modlauncher-11.0.5.jar%23128!/:?]
	at MC-BOOTSTRAP/cpw.mods.modlauncher@11.0.5/cpw.mods.modlauncher.LaunchServiceHandler.launch(LaunchServiceHandler.java:71) [modlauncher-11.0.5.jar%23128!/:?]
	at MC-BOOTSTRAP/cpw.mods.modlauncher@11.0.5/cpw.mods.modlauncher.Launcher.run(Launcher.java:103) [modlauncher-11.0.5.jar%23128!/:?]
	at MC-BOOTSTRAP/cpw.mods.modlauncher@11.0.5/cpw.mods.modlauncher.Launcher.main(Launcher.java:74) [modlauncher-11.0.5.jar%23128!/:?]
	at MC-BOOTSTRAP/cpw.mods.modlauncher@11.0.5/cpw.mods.modlauncher.BootstrapLaunchConsumer.accept(BootstrapLaunchConsumer.java:26) [modlauncher-11.0.5.jar%23128!/:?]
	at MC-BOOTSTRAP/cpw.mods.modlauncher@11.0.5/cpw.mods.modlauncher.BootstrapLaunchConsumer.accept(BootstrapLaunchConsumer.java:23) [modlauncher-11.0.5.jar%23128!/:?]
	at cpw.mods.bootstraplauncher@2.0.2/cpw.mods.bootstraplauncher.BootstrapLauncher.run(BootstrapLauncher.java:210) [bootstraplauncher-2.0.2.jar:?]
	at cpw.mods.bootstraplauncher@2.0.2/cpw.mods.bootstraplauncher.BootstrapLauncher.main(BootstrapLauncher.java:69) [bootstraplauncher-2.0.2.jar:?]
	at java.base/jdk.internal.reflect.DirectMethodHandleAccessor.invoke(DirectMethodHandleAccessor.java:103) ~[?:?]
	at java.base/java.lang.reflect.Method.invoke(Method.java:580) ~[?:?]
	at DevLaunch@1.0.1/net.neoforged.devlaunch.Main.main(Main.java:55) [DevLaunch-1.0.1.jar:?]
[27Mar2026 12:28:01.770] [Render thread/WARN] [dev.kosmx.playerAnim.minecraftApi.PlayerAnimationRegistry/]: [WARNING FOR MOD DEVS] Animation player_animation/waving.json is in wrong directory: "player_animation", please place it in "player_animations".
[27Mar2026 12:28:01.774] [Render thread/INFO] [net.neoforged.neoforge.client.entity.animation.json.AnimationLoader/]: Loaded 0 entity animations
[27Mar2026 12:28:01.813] [Render thread/INFO] [Iris/]: Creating pipeline for dimension minecraft:overworld
[27Mar2026 12:28:06.732] [Render thread/ERROR] [net.minecraft.world.item.crafting.RecipeManager/]: Parsing error loading recipe create:mixing/astrinium_ingot
com.google.gson.JsonParseException: Unknown registry key in ResourceKey[minecraft:root / minecraft:recipe_serializer]: create:mixing
	at MC-BOOTSTRAP/datafixerupper@8.0.16/com.mojang.serialization.DataResult$Error.getOrThrow(DataResult.java:287) ~[datafixerupper-8.0.16.jar%23121!/:?]
	at TRANSFORMER/minecraft@1.21.1/net.minecraft.world.item.crafting.RecipeManager.apply(RecipeManager.java:60) ~[neoforge-21.1.219-minecraft-merged.jar%23194!/:?]
	at TRANSFORMER/minecraft@1.21.1/net.minecraft.world.item.crafting.RecipeManager.apply(RecipeManager.java:36) ~[neoforge-21.1.219-minecraft-merged.jar%23194!/:?]
	at TRANSFORMER/minecraft@1.21.1/net.minecraft.server.packs.resources.SimplePreparableReloadListener.lambda$reload$1(SimplePreparableReloadListener.java:19) ~[neoforge-21.1.219-minecraft-merged.jar%23194!/:?]
	at java.base/java.util.concurrent.CompletableFuture$UniAccept.tryFire$$$capture(CompletableFuture.java:718) ~[?:?]
	at java.base/java.util.concurrent.CompletableFuture$UniAccept.tryFire(CompletableFuture.java) ~[?:?]
	at java.base/java.util.concurrent.CompletableFuture$Completion.run(CompletableFuture.java:482) ~[?:?]
	at TRANSFORMER/minecraft@1.21.1/net.minecraft.server.packs.resources.SimpleReloadInstance.lambda$new$3(SimpleReloadInstance.java:86) ~[neoforge-21.1.219-minecraft-merged.jar%23194!/:?]
	at TRANSFORMER/minecraft@1.21.1/net.minecraft.util.thread.BlockableEventLoop.doRunTask(BlockableEventLoop.java:151) ~[neoforge-21.1.219-minecraft-merged.jar%23194!/:?]
	at TRANSFORMER/minecraft@1.21.1/net.minecraft.util.thread.ReentrantBlockableEventLoop.doRunTask(ReentrantBlockableEventLoop.java:24) ~[neoforge-21.1.219-minecraft-merged.jar%23194!/:?]
	at TRANSFORMER/minecraft@1.21.1/net.minecraft.util.thread.BlockableEventLoop.pollTask(BlockableEventLoop.java:122) ~[neoforge-21.1.219-minecraft-merged.jar%23194!/:?]
	at TRANSFORMER/minecraft@1.21.1/net.minecraft.util.thread.BlockableEventLoop.managedBlock(BlockableEventLoop.java:135) ~[neoforge-21.1.219-minecraft-merged.jar%23194!/:?]
	at TRANSFORMER/minecraft@1.21.1/net.minecraft.client.gui.screens.worldselection.WorldOpenFlows.loadWorldDataBlocking(WorldOpenFlows.java:201) ~[neoforge-21.1.219-minecraft-merged.jar%23194!/:?]
	at TRANSFORMER/minecraft@1.21.1/net.minecraft.client.gui.screens.worldselection.WorldOpenFlows.loadWorldStem(WorldOpenFlows.java:142) ~[neoforge-21.1.219-minecraft-merged.jar%23194!/:?]
	at TRANSFORMER/minecraft@1.21.1/net.minecraft.client.gui.screens.worldselection.WorldOpenFlows.openWorldLoadLevelStem(WorldOpenFlows.java:346) ~[neoforge-21.1.219-minecraft-merged.jar%23194!/:?]
	at TRANSFORMER/minecraft@1.21.1/net.minecraft.client.gui.screens.worldselection.WorldOpenFlows.openWorldCheckVersionCompatibility(WorldOpenFlows.java:335) ~[neoforge-21.1.219-minecraft-merged.jar%23194!/:?]
	at TRANSFORMER/minecraft@1.21.1/net.minecraft.client.gui.screens.worldselection.WorldOpenFlows.openWorldLoadLevelData(WorldOpenFlows.java:297) ~[neoforge-21.1.219-minecraft-merged.jar%23194!/:?]
	at TRANSFORMER/minecraft@1.21.1/net.minecraft.client.gui.screens.worldselection.WorldOpenFlows.openWorld(WorldOpenFlows.java:261) ~[neoforge-21.1.219-minecraft-merged.jar%23194!/:?]
	at TRANSFORMER/minecraft@1.21.1/net.minecraft.client.gui.screens.worldselection.WorldSelectionList$WorldListEntry.joinWorld(WorldSelectionList.java:516) ~[neoforge-21.1.219-minecraft-merged.jar%23194!/:?]
	at TRANSFORMER/minecraft@1.21.1/net.minecraft.client.gui.screens.worldselection.WorldSelectionList$WorldListEntry.mouseClicked(WorldSelectionList.java:499) ~[neoforge-21.1.219-minecraft-merged.jar%23194!/:?]
	at TRANSFORMER/minecraft@1.21.1/net.minecraft.client.gui.components.AbstractSelectionList.mouseClicked(AbstractSelectionList.java:303) ~[neoforge-21.1.219-minecraft-merged.jar%23194!/:?]
	at TRANSFORMER/minecraft@1.21.1/net.minecraft.client.gui.components.events.ContainerEventHandler.mouseClicked(ContainerEventHandler.java:52) ~[neoforge-21.1.219-minecraft-merged.jar%23194!/:?]
	at TRANSFORMER/minecraft@1.21.1/net.minecraft.client.MouseHandler.lambda$onPress$0(MouseHandler.java:103) ~[neoforge-21.1.219-minecraft-merged.jar%23194!/:?]
	at TRANSFORMER/minecraft@1.21.1/net.minecraft.client.gui.screens.Screen.wrapScreenError(Screen.java:471) ~[neoforge-21.1.219-minecraft-merged.jar%23194!/:?]
	at TRANSFORMER/minecraft@1.21.1/net.minecraft.client.MouseHandler.onPress(MouseHandler.java:100) ~[neoforge-21.1.219-minecraft-merged.jar%23194!/:?]
	at TRANSFORMER/minecraft@1.21.1/net.minecraft.client.MouseHandler.lambda$setup$4(MouseHandler.java:212) ~[neoforge-21.1.219-minecraft-merged.jar%23194!/:?]
	at TRANSFORMER/minecraft@1.21.1/net.minecraft.util.thread.BlockableEventLoop.execute(BlockableEventLoop.java:98) ~[neoforge-21.1.219-minecraft-merged.jar%23194!/:?]
	at TRANSFORMER/minecraft@1.21.1/net.minecraft.client.MouseHandler.lambda$setup$5(MouseHandler.java:212) ~[neoforge-21.1.219-minecraft-merged.jar%23194!/:?]
	at MC-BOOTSTRAP/org.lwjgl.glfw@3.3.3+5/org.lwjgl.glfw.GLFWMouseButtonCallbackI.callback(GLFWMouseButtonCallbackI.java:43) ~[lwjgl-glfw-3.3.3.jar%23172!/:build 5]
	at MC-BOOTSTRAP/org.lwjgl@3.3.3+5/org.lwjgl.system.JNI.invokeV(Native Method) ~[lwjgl-3.3.3.jar%23183!/:build 5]
	at MC-BOOTSTRAP/org.lwjgl.glfw@3.3.3+5/org.lwjgl.glfw.GLFW.glfwWaitEventsTimeout(GLFW.java:3509) ~[lwjgl-glfw-3.3.3.jar%23172!/:build 5]
	at TRANSFORMER/minecraft@1.21.1/com.mojang.blaze3d.systems.RenderSystem.limitDisplayFPS(RenderSystem.java:162) ~[neoforge-21.1.219-minecraft-merged.jar%23194!/:?]
	at TRANSFORMER/minecraft@1.21.1/net.minecraft.client.Minecraft.runTick(Minecraft.java:1226) ~[neoforge-21.1.219-minecraft-merged.jar%23194!/:?]
	at TRANSFORMER/minecraft@1.21.1/net.minecraft.client.Minecraft.run(Minecraft.java:813) ~[neoforge-21.1.219-minecraft-merged.jar%23194!/:?]
	at TRANSFORMER/minecraft@1.21.1/net.minecraft.client.main.Main.main(Main.java:230) ~[neoforge-21.1.219-minecraft-merged.jar%23194!/:?]
	at java.base/jdk.internal.reflect.DirectMethodHandleAccessor.invoke(DirectMethodHandleAccessor.java:103) ~[?:?]
	at java.base/java.lang.reflect.Method.invoke(Method.java:580) ~[?:?]
	at MC-BOOTSTRAP/fml_loader@4.0.42/net.neoforged.fml.loading.targets.CommonLaunchHandler.runTarget(CommonLaunchHandler.java:136) ~[loader-4.0.42.jar%23146!/:4.0]
	at MC-BOOTSTRAP/fml_loader@4.0.42/net.neoforged.fml.loading.targets.CommonLaunchHandler.clientService(CommonLaunchHandler.java:124) ~[loader-4.0.42.jar%23146!/:4.0]
	at MC-BOOTSTRAP/fml_loader@4.0.42/net.neoforged.fml.loading.targets.NeoForgeClientDevLaunchHandler.runService(NeoForgeClientDevLaunchHandler.java:23) ~[loader-4.0.42.jar%23146!/:4.0]
	at MC-BOOTSTRAP/fml_loader@4.0.42/net.neoforged.fml.loading.targets.CommonLaunchHandler.lambda$launchService$4(CommonLaunchHandler.java:118) ~[loader-4.0.42.jar%23146!/:4.0]
	at MC-BOOTSTRAP/cpw.mods.modlauncher@11.0.5/cpw.mods.modlauncher.LaunchServiceHandlerDecorator.launch(LaunchServiceHandlerDecorator.java:30) [modlauncher-11.0.5.jar%23128!/:?]
	at MC-BOOTSTRAP/cpw.mods.modlauncher@11.0.5/cpw.mods.modlauncher.LaunchServiceHandler.launch(LaunchServiceHandler.java:53) [modlauncher-11.0.5.jar%23128!/:?]
	at MC-BOOTSTRAP/cpw.mods.modlauncher@11.0.5/cpw.mods.modlauncher.LaunchServiceHandler.launch(LaunchServiceHandler.java:71) [modlauncher-11.0.5.jar%23128!/:?]
	at MC-BOOTSTRAP/cpw.mods.modlauncher@11.0.5/cpw.mods.modlauncher.Launcher.run(Launcher.java:103) [modlauncher-11.0.5.jar%23128!/:?]
	at MC-BOOTSTRAP/cpw.mods.modlauncher@11.0.5/cpw.mods.modlauncher.Launcher.main(Launcher.java:74) [modlauncher-11.0.5.jar%23128!/:?]
	at MC-BOOTSTRAP/cpw.mods.modlauncher@11.0.5/cpw.mods.modlauncher.BootstrapLaunchConsumer.accept(BootstrapLaunchConsumer.java:26) [modlauncher-11.0.5.jar%23128!/:?]
	at MC-BOOTSTRAP/cpw.mods.modlauncher@11.0.5/cpw.mods.modlauncher.BootstrapLaunchConsumer.accept(BootstrapLaunchConsumer.java:23) [modlauncher-11.0.5.jar%23128!/:?]
	at cpw.mods.bootstraplauncher@2.0.2/cpw.mods.bootstraplauncher.BootstrapLauncher.run(BootstrapLauncher.java:210) [bootstraplauncher-2.0.2.jar:?]
	at cpw.mods.bootstraplauncher@2.0.2/cpw.mods.bootstraplauncher.BootstrapLauncher.main(BootstrapLauncher.java:69) [bootstraplauncher-2.0.2.jar:?]
	at java.base/jdk.internal.reflect.DirectMethodHandleAccessor.invoke(DirectMethodHandleAccessor.java:103) ~[?:?]
	at java.base/java.lang.reflect.Method.invoke(Method.java:580) ~[?:?]
	at DevLaunch@1.0.1/net.neoforged.devlaunch.Main.main(Main.java:55) [DevLaunch-1.0.1.jar:?]
[27Mar2026 12:28:06.733] [Render thread/ERROR] [net.minecraft.world.item.crafting.RecipeManager/]: Parsing error loading recipe create:mixing/augment_hyper_core
com.google.gson.JsonParseException: Unknown registry key in ResourceKey[minecraft:root / minecraft:recipe_serializer]: create:mixing
	at MC-BOOTSTRAP/datafixerupper@8.0.16/com.mojang.serialization.DataResult$Error.getOrThrow(DataResult.java:287) ~[datafixerupper-8.0.16.jar%23121!/:?]
	at TRANSFORMER/minecraft@1.21.1/net.minecraft.world.item.crafting.RecipeManager.apply(RecipeManager.java:60) ~[neoforge-21.1.219-minecraft-merged.jar%23194!/:?]
	at TRANSFORMER/minecraft@1.21.1/net.minecraft.world.item.crafting.RecipeManager.apply(RecipeManager.java:36) ~[neoforge-21.1.219-minecraft-merged.jar%23194!/:?]
	at TRANSFORMER/minecraft@1.21.1/net.minecraft.server.packs.resources.SimplePreparableReloadListener.lambda$reload$1(SimplePreparableReloadListener.java:19) ~[neoforge-21.1.219-minecraft-merged.jar%23194!/:?]
	at java.base/java.util.concurrent.CompletableFuture$UniAccept.tryFire$$$capture(CompletableFuture.java:718) ~[?:?]
	at java.base/java.util.concurrent.CompletableFuture$UniAccept.tryFire(CompletableFuture.java) ~[?:?]
	at java.base/java.util.concurrent.CompletableFuture$Completion.run(CompletableFuture.java:482) ~[?:?]
	at TRANSFORMER/minecraft@1.21.1/net.minecraft.server.packs.resources.SimpleReloadInstance.lambda$new$3(SimpleReloadInstance.java:86) ~[neoforge-21.1.219-minecraft-merged.jar%23194!/:?]
	at TRANSFORMER/minecraft@1.21.1/net.minecraft.util.thread.BlockableEventLoop.doRunTask(BlockableEventLoop.java:151) ~[neoforge-21.1.219-minecraft-merged.jar%23194!/:?]
	at TRANSFORMER/minecraft@1.21.1/net.minecraft.util.thread.ReentrantBlockableEventLoop.doRunTask(ReentrantBlockableEventLoop.java:24) ~[neoforge-21.1.219-minecraft-merged.jar%23194!/:?]
	at TRANSFORMER/minecraft@1.21.1/net.minecraft.util.thread.BlockableEventLoop.pollTask(BlockableEventLoop.java:122) ~[neoforge-21.1.219-minecraft-merged.jar%23194!/:?]
	at TRANSFORMER/minecraft@1.21.1/net.minecraft.util.thread.BlockableEventLoop.managedBlock(BlockableEventLoop.java:135) ~[neoforge-21.1.219-minecraft-merged.jar%23194!/:?]
	at TRANSFORMER/minecraft@1.21.1/net.minecraft.client.gui.screens.worldselection.WorldOpenFlows.loadWorldDataBlocking(WorldOpenFlows.java:201) ~[neoforge-21.1.219-minecraft-merged.jar%23194!/:?]
	at TRANSFORMER/minecraft@1.21.1/net.minecraft.client.gui.screens.worldselection.WorldOpenFlows.loadWorldStem(WorldOpenFlows.java:142) ~[neoforge-21.1.219-minecraft-merged.jar%23194!/:?]
	at TRANSFORMER/minecraft@1.21.1/net.minecraft.client.gui.screens.worldselection.WorldOpenFlows.openWorldLoadLevelStem(WorldOpenFlows.java:346) ~[neoforge-21.1.219-minecraft-merged.jar%23194!/:?]
	at TRANSFORMER/minecraft@1.21.1/net.minecraft.client.gui.screens.worldselection.WorldOpenFlows.openWorldCheckVersionCompatibility(WorldOpenFlows.java:335) ~[neoforge-21.1.219-minecraft-merged.jar%23194!/:?]
	at TRANSFORMER/minecraft@1.21.1/net.minecraft.client.gui.screens.worldselection.WorldOpenFlows.openWorldLoadLevelData(WorldOpenFlows.java:297) ~[neoforge-21.1.219-minecraft-merged.jar%23194!/:?]
	at TRANSFORMER/minecraft@1.21.1/net.minecraft.client.gui.screens.worldselection.WorldOpenFlows.openWorld(WorldOpenFlows.java:261) ~[neoforge-21.1.219-minecraft-merged.jar%23194!/:?]
	at TRANSFORMER/minecraft@1.21.1/net.minecraft.client.gui.screens.worldselection.WorldSelectionList$WorldListEntry.joinWorld(WorldSelectionList.java:516) ~[neoforge-21.1.219-minecraft-merged.jar%23194!/:?]
	at TRANSFORMER/minecraft@1.21.1/net.minecraft.client.gui.screens.worldselection.WorldSelectionList$WorldListEntry.mouseClicked(WorldSelectionList.java:499) ~[neoforge-21.1.219-minecraft-merged.jar%23194!/:?]
	at TRANSFORMER/minecraft@1.21.1/net.minecraft.client.gui.components.AbstractSelectionList.mouseClicked(AbstractSelectionList.java:303) ~[neoforge-21.1.219-minecraft-merged.jar%23194!/:?]
	at TRANSFORMER/minecraft@1.21.1/net.minecraft.client.gui.components.events.ContainerEventHandler.mouseClicked(ContainerEventHandler.java:52) ~[neoforge-21.1.219-minecraft-merged.jar%23194!/:?]
	at TRANSFORMER/minecraft@1.21.1/net.minecraft.client.MouseHandler.lambda$onPress$0(MouseHandler.java:103) ~[neoforge-21.1.219-minecraft-merged.jar%23194!/:?]
	at TRANSFORMER/minecraft@1.21.1/net.minecraft.client.gui.screens.Screen.wrapScreenError(Screen.java:471) ~[neoforge-21.1.219-minecraft-merged.jar%23194!/:?]
	at TRANSFORMER/minecraft@1.21.1/net.minecraft.client.MouseHandler.onPress(MouseHandler.java:100) ~[neoforge-21.1.219-minecraft-merged.jar%23194!/:?]
	at TRANSFORMER/minecraft@1.21.1/net.minecraft.client.MouseHandler.lambda$setup$4(MouseHandler.java:212) ~[neoforge-21.1.219-minecraft-merged.jar%23194!/:?]
	at TRANSFORMER/minecraft@1.21.1/net.minecraft.util.thread.BlockableEventLoop.execute(BlockableEventLoop.java:98) ~[neoforge-21.1.219-minecraft-merged.jar%23194!/:?]
	at TRANSFORMER/minecraft@1.21.1/net.minecraft.client.MouseHandler.lambda$setup$5(MouseHandler.java:212) ~[neoforge-21.1.219-minecraft-merged.jar%23194!/:?]
	at MC-BOOTSTRAP/org.lwjgl.glfw@3.3.3+5/org.lwjgl.glfw.GLFWMouseButtonCallbackI.callback(GLFWMouseButtonCallbackI.java:43) ~[lwjgl-glfw-3.3.3.jar%23172!/:build 5]
	at MC-BOOTSTRAP/org.lwjgl@3.3.3+5/org.lwjgl.system.JNI.invokeV(Native Method) ~[lwjgl-3.3.3.jar%23183!/:build 5]
	at MC-BOOTSTRAP/org.lwjgl.glfw@3.3.3+5/org.lwjgl.glfw.GLFW.glfwWaitEventsTimeout(GLFW.java:3509) ~[lwjgl-glfw-3.3.3.jar%23172!/:build 5]
	at TRANSFORMER/minecraft@1.21.1/com.mojang.blaze3d.systems.RenderSystem.limitDisplayFPS(RenderSystem.java:162) ~[neoforge-21.1.219-minecraft-merged.jar%23194!/:?]
	at TRANSFORMER/minecraft@1.21.1/net.minecraft.client.Minecraft.runTick(Minecraft.java:1226) ~[neoforge-21.1.219-minecraft-merged.jar%23194!/:?]
	at TRANSFORMER/minecraft@1.21.1/net.minecraft.client.Minecraft.run(Minecraft.java:813) ~[neoforge-21.1.219-minecraft-merged.jar%23194!/:?]
	at TRANSFORMER/minecraft@1.21.1/net.minecraft.client.main.Main.main(Main.java:230) ~[neoforge-21.1.219-minecraft-merged.jar%23194!/:?]
	at java.base/jdk.internal.reflect.DirectMethodHandleAccessor.invoke(DirectMethodHandleAccessor.java:103) ~[?:?]
	at java.base/java.lang.reflect.Method.invoke(Method.java:580) ~[?:?]
	at MC-BOOTSTRAP/fml_loader@4.0.42/net.neoforged.fml.loading.targets.CommonLaunchHandler.runTarget(CommonLaunchHandler.java:136) ~[loader-4.0.42.jar%23146!/:4.0]
	at MC-BOOTSTRAP/fml_loader@4.0.42/net.neoforged.fml.loading.targets.CommonLaunchHandler.clientService(CommonLaunchHandler.java:124) ~[loader-4.0.42.jar%23146!/:4.0]
	at MC-BOOTSTRAP/fml_loader@4.0.42/net.neoforged.fml.loading.targets.NeoForgeClientDevLaunchHandler.runService(NeoForgeClientDevLaunchHandler.java:23) ~[loader-4.0.42.jar%23146!/:4.0]
	at MC-BOOTSTRAP/fml_loader@4.0.42/net.neoforged.fml.loading.targets.CommonLaunchHandler.lambda$launchService$4(CommonLaunchHandler.java:118) ~[loader-4.0.42.jar%23146!/:4.0]
	at MC-BOOTSTRAP/cpw.mods.modlauncher@11.0.5/cpw.mods.modlauncher.LaunchServiceHandlerDecorator.launch(LaunchServiceHandlerDecorator.java:30) [modlauncher-11.0.5.jar%23128!/:?]
	at MC-BOOTSTRAP/cpw.mods.modlauncher@11.0.5/cpw.mods.modlauncher.LaunchServiceHandler.launch(LaunchServiceHandler.java:53) [modlauncher-11.0.5.jar%23128!/:?]
	at MC-BOOTSTRAP/cpw.mods.modlauncher@11.0.5/cpw.mods.modlauncher.LaunchServiceHandler.launch(LaunchServiceHandler.java:71) [modlauncher-11.0.5.jar%23128!/:?]
	at MC-BOOTSTRAP/cpw.mods.modlauncher@11.0.5/cpw.mods.modlauncher.Launcher.run(Launcher.java:103) [modlauncher-11.0.5.jar%23128!/:?]
	at MC-BOOTSTRAP/cpw.mods.modlauncher@11.0.5/cpw.mods.modlauncher.Launcher.main(Launcher.java:74) [modlauncher-11.0.5.jar%23128!/:?]
	at MC-BOOTSTRAP/cpw.mods.modlauncher@11.0.5/cpw.mods.modlauncher.BootstrapLaunchConsumer.accept(BootstrapLaunchConsumer.java:26) [modlauncher-11.0.5.jar%23128!/:?]
	at MC-BOOTSTRAP/cpw.mods.modlauncher@11.0.5/cpw.mods.modlauncher.BootstrapLaunchConsumer.accept(BootstrapLaunchConsumer.java:23) [modlauncher-11.0.5.jar%23128!/:?]
	at cpw.mods.bootstraplauncher@2.0.2/cpw.mods.bootstraplauncher.BootstrapLauncher.run(BootstrapLauncher.java:210) [bootstraplauncher-2.0.2.jar:?]
	at cpw.mods.bootstraplauncher@2.0.2/cpw.mods.bootstraplauncher.BootstrapLauncher.main(BootstrapLauncher.java:69) [bootstraplauncher-2.0.2.jar:?]
	at java.base/jdk.internal.reflect.DirectMethodHandleAccessor.invoke(DirectMethodHandleAccessor.java:103) ~[?:?]
	at java.base/java.lang.reflect.Method.invoke(Method.java:580) ~[?:?]
	at DevLaunch@1.0.1/net.neoforged.devlaunch.Main.main(Main.java:55) [DevLaunch-1.0.1.jar:?]
[27Mar2026 12:28:06.741] [Render thread/ERROR] [net.minecraft.world.item.crafting.RecipeManager/]: Parsing error loading recipe create:compacting/divinity_paxel
com.google.gson.JsonParseException: Unknown registry key in ResourceKey[minecraft:root / minecraft:recipe_serializer]: create:compacting
	at MC-BOOTSTRAP/datafixerupper@8.0.16/com.mojang.serialization.DataResult$Error.getOrThrow(DataResult.java:287) ~[datafixerupper-8.0.16.jar%23121!/:?]
	at TRANSFORMER/minecraft@1.21.1/net.minecraft.world.item.crafting.RecipeManager.apply(RecipeManager.java:60) ~[neoforge-21.1.219-minecraft-merged.jar%23194!/:?]
	at TRANSFORMER/minecraft@1.21.1/net.minecraft.world.item.crafting.RecipeManager.apply(RecipeManager.java:36) ~[neoforge-21.1.219-minecraft-merged.jar%23194!/:?]
	at TRANSFORMER/minecraft@1.21.1/net.minecraft.server.packs.resources.SimplePreparableReloadListener.lambda$reload$1(SimplePreparableReloadListener.java:19) ~[neoforge-21.1.219-minecraft-merged.jar%23194!/:?]
	at java.base/java.util.concurrent.CompletableFuture$UniAccept.tryFire$$$capture(CompletableFuture.java:718) ~[?:?]
	at java.base/java.util.concurrent.CompletableFuture$UniAccept.tryFire(CompletableFuture.java) ~[?:?]
	at java.base/java.util.concurrent.CompletableFuture$Completion.run(CompletableFuture.java:482) ~[?:?]
	at TRANSFORMER/minecraft@1.21.1/net.minecraft.server.packs.resources.SimpleReloadInstance.lambda$new$3(SimpleReloadInstance.java:86) ~[neoforge-21.1.219-minecraft-merged.jar%23194!/:?]
	at TRANSFORMER/minecraft@1.21.1/net.minecraft.util.thread.BlockableEventLoop.doRunTask(BlockableEventLoop.java:151) ~[neoforge-21.1.219-minecraft-merged.jar%23194!/:?]
	at TRANSFORMER/minecraft@1.21.1/net.minecraft.util.thread.ReentrantBlockableEventLoop.doRunTask(ReentrantBlockableEventLoop.java:24) ~[neoforge-21.1.219-minecraft-merged.jar%23194!/:?]
	at TRANSFORMER/minecraft@1.21.1/net.minecraft.util.thread.BlockableEventLoop.pollTask(BlockableEventLoop.java:122) ~[neoforge-21.1.219-minecraft-merged.jar%23194!/:?]
	at TRANSFORMER/minecraft@1.21.1/net.minecraft.util.thread.BlockableEventLoop.managedBlock(BlockableEventLoop.java:135) ~[neoforge-21.1.219-minecraft-merged.jar%23194!/:?]
	at TRANSFORMER/minecraft@1.21.1/net.minecraft.client.gui.screens.worldselection.WorldOpenFlows.loadWorldDataBlocking(WorldOpenFlows.java:201) ~[neoforge-21.1.219-minecraft-merged.jar%23194!/:?]
	at TRANSFORMER/minecraft@1.21.1/net.minecraft.client.gui.screens.worldselection.WorldOpenFlows.loadWorldStem(WorldOpenFlows.java:142) ~[neoforge-21.1.219-minecraft-merged.jar%23194!/:?]
	at TRANSFORMER/minecraft@1.21.1/net.minecraft.client.gui.screens.worldselection.WorldOpenFlows.openWorldLoadLevelStem(WorldOpenFlows.java:346) ~[neoforge-21.1.219-minecraft-merged.jar%23194!/:?]
	at TRANSFORMER/minecraft@1.21.1/net.minecraft.client.gui.screens.worldselection.WorldOpenFlows.openWorldCheckVersionCompatibility(WorldOpenFlows.java:335) ~[neoforge-21.1.219-minecraft-merged.jar%23194!/:?]
	at TRANSFORMER/minecraft@1.21.1/net.minecraft.client.gui.screens.worldselection.WorldOpenFlows.openWorldLoadLevelData(WorldOpenFlows.java:297) ~[neoforge-21.1.219-minecraft-merged.jar%23194!/:?]
	at TRANSFORMER/minecraft@1.21.1/net.minecraft.client.gui.screens.worldselection.WorldOpenFlows.openWorld(WorldOpenFlows.java:261) ~[neoforge-21.1.219-minecraft-merged.jar%23194!/:?]
	at TRANSFORMER/minecraft@1.21.1/net.minecraft.client.gui.screens.worldselection.WorldSelectionList$WorldListEntry.joinWorld(WorldSelectionList.java:516) ~[neoforge-21.1.219-minecraft-merged.jar%23194!/:?]
	at TRANSFORMER/minecraft@1.21.1/net.minecraft.client.gui.screens.worldselection.WorldSelectionList$WorldListEntry.mouseClicked(WorldSelectionList.java:499) ~[neoforge-21.1.219-minecraft-merged.jar%23194!/:?]
	at TRANSFORMER/minecraft@1.21.1/net.minecraft.client.gui.components.AbstractSelectionList.mouseClicked(AbstractSelectionList.java:303) ~[neoforge-21.1.219-minecraft-merged.jar%23194!/:?]
	at TRANSFORMER/minecraft@1.21.1/net.minecraft.client.gui.components.events.ContainerEventHandler.mouseClicked(ContainerEventHandler.java:52) ~[neoforge-21.1.219-minecraft-merged.jar%23194!/:?]
	at TRANSFORMER/minecraft@1.21.1/net.minecraft.client.MouseHandler.lambda$onPress$0(MouseHandler.java:103) ~[neoforge-21.1.219-minecraft-merged.jar%23194!/:?]
	at TRANSFORMER/minecraft@1.21.1/net.minecraft.client.gui.screens.Screen.wrapScreenError(Screen.java:471) ~[neoforge-21.1.219-minecraft-merged.jar%23194!/:?]
	at TRANSFORMER/minecraft@1.21.1/net.minecraft.client.MouseHandler.onPress(MouseHandler.java:100) ~[neoforge-21.1.219-minecraft-merged.jar%23194!/:?]
	at TRANSFORMER/minecraft@1.21.1/net.minecraft.client.MouseHandler.lambda$setup$4(MouseHandler.java:212) ~[neoforge-21.1.219-minecraft-merged.jar%23194!/:?]
	at TRANSFORMER/minecraft@1.21.1/net.minecraft.util.thread.BlockableEventLoop.execute(BlockableEventLoop.java:98) ~[neoforge-21.1.219-minecraft-merged.jar%23194!/:?]
	at TRANSFORMER/minecraft@1.21.1/net.minecraft.client.MouseHandler.lambda$setup$5(MouseHandler.java:212) ~[neoforge-21.1.219-minecraft-merged.jar%23194!/:?]
	at MC-BOOTSTRAP/org.lwjgl.glfw@3.3.3+5/org.lwjgl.glfw.GLFWMouseButtonCallbackI.callback(GLFWMouseButtonCallbackI.java:43) ~[lwjgl-glfw-3.3.3.jar%23172!/:build 5]
	at MC-BOOTSTRAP/org.lwjgl@3.3.3+5/org.lwjgl.system.JNI.invokeV(Native Method) ~[lwjgl-3.3.3.jar%23183!/:build 5]
	at MC-BOOTSTRAP/org.lwjgl.glfw@3.3.3+5/org.lwjgl.glfw.GLFW.glfwWaitEventsTimeout(GLFW.java:3509) ~[lwjgl-glfw-3.3.3.jar%23172!/:build 5]
	at TRANSFORMER/minecraft@1.21.1/com.mojang.blaze3d.systems.RenderSystem.limitDisplayFPS(RenderSystem.java:162) ~[neoforge-21.1.219-minecraft-merged.jar%23194!/:?]
	at TRANSFORMER/minecraft@1.21.1/net.minecraft.client.Minecraft.runTick(Minecraft.java:1226) ~[neoforge-21.1.219-minecraft-merged.jar%23194!/:?]
	at TRANSFORMER/minecraft@1.21.1/net.minecraft.client.Minecraft.run(Minecraft.java:813) ~[neoforge-21.1.219-minecraft-merged.jar%23194!/:?]
	at TRANSFORMER/minecraft@1.21.1/net.minecraft.client.main.Main.main(Main.java:230) ~[neoforge-21.1.219-minecraft-merged.jar%23194!/:?]
	at java.base/jdk.internal.reflect.DirectMethodHandleAccessor.invoke(DirectMethodHandleAccessor.java:103) ~[?:?]
	at java.base/java.lang.reflect.Method.invoke(Method.java:580) ~[?:?]
	at MC-BOOTSTRAP/fml_loader@4.0.42/net.neoforged.fml.loading.targets.CommonLaunchHandler.runTarget(CommonLaunchHandler.java:136) ~[loader-4.0.42.jar%23146!/:4.0]
	at MC-BOOTSTRAP/fml_loader@4.0.42/net.neoforged.fml.loading.targets.CommonLaunchHandler.clientService(CommonLaunchHandler.java:124) ~[loader-4.0.42.jar%23146!/:4.0]
	at MC-BOOTSTRAP/fml_loader@4.0.42/net.neoforged.fml.loading.targets.NeoForgeClientDevLaunchHandler.runService(NeoForgeClientDevLaunchHandler.java:23) ~[loader-4.0.42.jar%23146!/:4.0]
	at MC-BOOTSTRAP/fml_loader@4.0.42/net.neoforged.fml.loading.targets.CommonLaunchHandler.lambda$launchService$4(CommonLaunchHandler.java:118) ~[loader-4.0.42.jar%23146!/:4.0]
	at MC-BOOTSTRAP/cpw.mods.modlauncher@11.0.5/cpw.mods.modlauncher.LaunchServiceHandlerDecorator.launch(LaunchServiceHandlerDecorator.java:30) [modlauncher-11.0.5.jar%23128!/:?]
	at MC-BOOTSTRAP/cpw.mods.modlauncher@11.0.5/cpw.mods.modlauncher.LaunchServiceHandler.launch(LaunchServiceHandler.java:53) [modlauncher-11.0.5.jar%23128!/:?]
	at MC-BOOTSTRAP/cpw.mods.modlauncher@11.0.5/cpw.mods.modlauncher.LaunchServiceHandler.launch(LaunchServiceHandler.java:71) [modlauncher-11.0.5.jar%23128!/:?]
	at MC-BOOTSTRAP/cpw.mods.modlauncher@11.0.5/cpw.mods.modlauncher.Launcher.run(Launcher.java:103) [modlauncher-11.0.5.jar%23128!/:?]
	at MC-BOOTSTRAP/cpw.mods.modlauncher@11.0.5/cpw.mods.modlauncher.Launcher.main(Launcher.java:74) [modlauncher-11.0.5.jar%23128!/:?]
	at MC-BOOTSTRAP/cpw.mods.modlauncher@11.0.5/cpw.mods.modlauncher.BootstrapLaunchConsumer.accept(BootstrapLaunchConsumer.java:26) [modlauncher-11.0.5.jar%23128!/:?]
	at MC-BOOTSTRAP/cpw.mods.modlauncher@11.0.5/cpw.mods.modlauncher.BootstrapLaunchConsumer.accept(BootstrapLaunchConsumer.java:23) [modlauncher-11.0.5.jar%23128!/:?]
	at cpw.mods.bootstraplauncher@2.0.2/cpw.mods.bootstraplauncher.BootstrapLauncher.run(BootstrapLauncher.java:210) [bootstraplauncher-2.0.2.jar:?]
	at cpw.mods.bootstraplauncher@2.0.2/cpw.mods.bootstraplauncher.BootstrapLauncher.main(BootstrapLauncher.java:69) [bootstraplauncher-2.0.2.jar:?]
	at java.base/jdk.internal.reflect.DirectMethodHandleAccessor.invoke(DirectMethodHandleAccessor.java:103) ~[?:?]
	at java.base/java.lang.reflect.Method.invoke(Method.java:580) ~[?:?]
	at DevLaunch@1.0.1/net.neoforged.devlaunch.Main.main(Main.java:55) [DevLaunch-1.0.1.jar:?]
[27Mar2026 12:28:06.761] [Render thread/ERROR] [net.minecraft.world.item.crafting.RecipeManager/]: Parsing error loading recipe create:sequenced_assembly/mystical_augmenter
com.google.gson.JsonParseException: Unknown registry key in ResourceKey[minecraft:root / minecraft:recipe_serializer]: create:sequenced_assembly
	at MC-BOOTSTRAP/datafixerupper@8.0.16/com.mojang.serialization.DataResult$Error.getOrThrow(DataResult.java:287) ~[datafixerupper-8.0.16.jar%23121!/:?]
	at TRANSFORMER/minecraft@1.21.1/net.minecraft.world.item.crafting.RecipeManager.apply(RecipeManager.java:60) ~[neoforge-21.1.219-minecraft-merged.jar%23194!/:?]
	at TRANSFORMER/minecraft@1.21.1/net.minecraft.world.item.crafting.RecipeManager.apply(RecipeManager.java:36) ~[neoforge-21.1.219-minecraft-merged.jar%23194!/:?]
	at TRANSFORMER/minecraft@1.21.1/net.minecraft.server.packs.resources.SimplePreparableReloadListener.lambda$reload$1(SimplePreparableReloadListener.java:19) ~[neoforge-21.1.219-minecraft-merged.jar%23194!/:?]
	at java.base/java.util.concurrent.CompletableFuture$UniAccept.tryFire$$$capture(CompletableFuture.java:718) ~[?:?]
	at java.base/java.util.concurrent.CompletableFuture$UniAccept.tryFire(CompletableFuture.java) ~[?:?]
	at java.base/java.util.concurrent.CompletableFuture$Completion.run(CompletableFuture.java:482) ~[?:?]
	at TRANSFORMER/minecraft@1.21.1/net.minecraft.server.packs.resources.SimpleReloadInstance.lambda$new$3(SimpleReloadInstance.java:86) ~[neoforge-21.1.219-minecraft-merged.jar%23194!/:?]
	at TRANSFORMER/minecraft@1.21.1/net.minecraft.util.thread.BlockableEventLoop.doRunTask(BlockableEventLoop.java:151) ~[neoforge-21.1.219-minecraft-merged.jar%23194!/:?]
	at TRANSFORMER/minecraft@1.21.1/net.minecraft.util.thread.ReentrantBlockableEventLoop.doRunTask(ReentrantBlockableEventLoop.java:24) ~[neoforge-21.1.219-minecraft-merged.jar%23194!/:?]
	at TRANSFORMER/minecraft@1.21.1/net.minecraft.util.thread.BlockableEventLoop.pollTask(BlockableEventLoop.java:122) ~[neoforge-21.1.219-minecraft-merged.jar%23194!/:?]
	at TRANSFORMER/minecraft@1.21.1/net.minecraft.util.thread.BlockableEventLoop.managedBlock(BlockableEventLoop.java:135) ~[neoforge-21.1.219-minecraft-merged.jar%23194!/:?]
	at TRANSFORMER/minecraft@1.21.1/net.minecraft.client.gui.screens.worldselection.WorldOpenFlows.loadWorldDataBlocking(WorldOpenFlows.java:201) ~[neoforge-21.1.219-minecraft-merged.jar%23194!/:?]
	at TRANSFORMER/minecraft@1.21.1/net.minecraft.client.gui.screens.worldselection.WorldOpenFlows.loadWorldStem(WorldOpenFlows.java:142) ~[neoforge-21.1.219-minecraft-merged.jar%23194!/:?]
	at TRANSFORMER/minecraft@1.21.1/net.minecraft.client.gui.screens.worldselection.WorldOpenFlows.openWorldLoadLevelStem(WorldOpenFlows.java:346) ~[neoforge-21.1.219-minecraft-merged.jar%23194!/:?]
	at TRANSFORMER/minecraft@1.21.1/net.minecraft.client.gui.screens.worldselection.WorldOpenFlows.openWorldCheckVersionCompatibility(WorldOpenFlows.java:335) ~[neoforge-21.1.219-minecraft-merged.jar%23194!/:?]
	at TRANSFORMER/minecraft@1.21.1/net.minecraft.client.gui.screens.worldselection.WorldOpenFlows.openWorldLoadLevelData(WorldOpenFlows.java:297) ~[neoforge-21.1.219-minecraft-merged.jar%23194!/:?]
	at TRANSFORMER/minecraft@1.21.1/net.minecraft.client.gui.screens.worldselection.WorldOpenFlows.openWorld(WorldOpenFlows.java:261) ~[neoforge-21.1.219-minecraft-merged.jar%23194!/:?]
	at TRANSFORMER/minecraft@1.21.1/net.minecraft.client.gui.screens.worldselection.WorldSelectionList$WorldListEntry.joinWorld(WorldSelectionList.java:516) ~[neoforge-21.1.219-minecraft-merged.jar%23194!/:?]
	at TRANSFORMER/minecraft@1.21.1/net.minecraft.client.gui.screens.worldselection.WorldSelectionList$WorldListEntry.mouseClicked(WorldSelectionList.java:499) ~[neoforge-21.1.219-minecraft-merged.jar%23194!/:?]
	at TRANSFORMER/minecraft@1.21.1/net.minecraft.client.gui.components.AbstractSelectionList.mouseClicked(AbstractSelectionList.java:303) ~[neoforge-21.1.219-minecraft-merged.jar%23194!/:?]
	at TRANSFORMER/minecraft@1.21.1/net.minecraft.client.gui.components.events.ContainerEventHandler.mouseClicked(ContainerEventHandler.java:52) ~[neoforge-21.1.219-minecraft-merged.jar%23194!/:?]
	at TRANSFORMER/minecraft@1.21.1/net.minecraft.client.MouseHandler.lambda$onPress$0(MouseHandler.java:103) ~[neoforge-21.1.219-minecraft-merged.jar%23194!/:?]
	at TRANSFORMER/minecraft@1.21.1/net.minecraft.client.gui.screens.Screen.wrapScreenError(Screen.java:471) ~[neoforge-21.1.219-minecraft-merged.jar%23194!/:?]
	at TRANSFORMER/minecraft@1.21.1/net.minecraft.client.MouseHandler.onPress(MouseHandler.java:100) ~[neoforge-21.1.219-minecraft-merged.jar%23194!/:?]
	at TRANSFORMER/minecraft@1.21.1/net.minecraft.client.MouseHandler.lambda$setup$4(MouseHandler.java:212) ~[neoforge-21.1.219-minecraft-merged.jar%23194!/:?]
	at TRANSFORMER/minecraft@1.21.1/net.minecraft.util.thread.BlockableEventLoop.execute(BlockableEventLoop.java:98) ~[neoforge-21.1.219-minecraft-merged.jar%23194!/:?]
	at TRANSFORMER/minecraft@1.21.1/net.minecraft.client.MouseHandler.lambda$setup$5(MouseHandler.java:212) ~[neoforge-21.1.219-minecraft-merged.jar%23194!/:?]
	at MC-BOOTSTRAP/org.lwjgl.glfw@3.3.3+5/org.lwjgl.glfw.GLFWMouseButtonCallbackI.callback(GLFWMouseButtonCallbackI.java:43) ~[lwjgl-glfw-3.3.3.jar%23172!/:build 5]
	at MC-BOOTSTRAP/org.lwjgl@3.3.3+5/org.lwjgl.system.JNI.invokeV(Native Method) ~[lwjgl-3.3.3.jar%23183!/:build 5]
	at MC-BOOTSTRAP/org.lwjgl.glfw@3.3.3+5/org.lwjgl.glfw.GLFW.glfwWaitEventsTimeout(GLFW.java:3509) ~[lwjgl-glfw-3.3.3.jar%23172!/:build 5]
	at TRANSFORMER/minecraft@1.21.1/com.mojang.blaze3d.systems.RenderSystem.limitDisplayFPS(RenderSystem.java:162) ~[neoforge-21.1.219-minecraft-merged.jar%23194!/:?]
	at TRANSFORMER/minecraft@1.21.1/net.minecraft.client.Minecraft.runTick(Minecraft.java:1226) ~[neoforge-21.1.219-minecraft-merged.jar%23194!/:?]
	at TRANSFORMER/minecraft@1.21.1/net.minecraft.client.Minecraft.run(Minecraft.java:813) ~[neoforge-21.1.219-minecraft-merged.jar%23194!/:?]
	at TRANSFORMER/minecraft@1.21.1/net.minecraft.client.main.Main.main(Main.java:230) ~[neoforge-21.1.219-minecraft-merged.jar%23194!/:?]
	at java.base/jdk.internal.reflect.DirectMethodHandleAccessor.invoke(DirectMethodHandleAccessor.java:103) ~[?:?]
	at java.base/java.lang.reflect.Method.invoke(Method.java:580) ~[?:?]
	at MC-BOOTSTRAP/fml_loader@4.0.42/net.neoforged.fml.loading.targets.CommonLaunchHandler.runTarget(CommonLaunchHandler.java:136) ~[loader-4.0.42.jar%23146!/:4.0]
	at MC-BOOTSTRAP/fml_loader@4.0.42/net.neoforged.fml.loading.targets.CommonLaunchHandler.clientService(CommonLaunchHandler.java:124) ~[loader-4.0.42.jar%23146!/:4.0]
	at MC-BOOTSTRAP/fml_loader@4.0.42/net.neoforged.fml.loading.targets.NeoForgeClientDevLaunchHandler.runService(NeoForgeClientDevLaunchHandler.java:23) ~[loader-4.0.42.jar%23146!/:4.0]
	at MC-BOOTSTRAP/fml_loader@4.0.42/net.neoforged.fml.loading.targets.CommonLaunchHandler.lambda$launchService$4(CommonLaunchHandler.java:118) ~[loader-4.0.42.jar%23146!/:4.0]
	at MC-BOOTSTRAP/cpw.mods.modlauncher@11.0.5/cpw.mods.modlauncher.LaunchServiceHandlerDecorator.launch(LaunchServiceHandlerDecorator.java:30) [modlauncher-11.0.5.jar%23128!/:?]
	at MC-BOOTSTRAP/cpw.mods.modlauncher@11.0.5/cpw.mods.modlauncher.LaunchServiceHandler.launch(LaunchServiceHandler.java:53) [modlauncher-11.0.5.jar%23128!/:?]
	at MC-BOOTSTRAP/cpw.mods.modlauncher@11.0.5/cpw.mods.modlauncher.LaunchServiceHandler.launch(LaunchServiceHandler.java:71) [modlauncher-11.0.5.jar%23128!/:?]
	at MC-BOOTSTRAP/cpw.mods.modlauncher@11.0.5/cpw.mods.modlauncher.Launcher.run(Launcher.java:103) [modlauncher-11.0.5.jar%23128!/:?]
	at MC-BOOTSTRAP/cpw.mods.modlauncher@11.0.5/cpw.mods.modlauncher.Launcher.main(Launcher.java:74) [modlauncher-11.0.5.jar%23128!/:?]
	at MC-BOOTSTRAP/cpw.mods.modlauncher@11.0.5/cpw.mods.modlauncher.BootstrapLaunchConsumer.accept(BootstrapLaunchConsumer.java:26) [modlauncher-11.0.5.jar%23128!/:?]
	at MC-BOOTSTRAP/cpw.mods.modlauncher@11.0.5/cpw.mods.modlauncher.BootstrapLaunchConsumer.accept(BootstrapLaunchConsumer.java:23) [modlauncher-11.0.5.jar%23128!/:?]
	at cpw.mods.bootstraplauncher@2.0.2/cpw.mods.bootstraplauncher.BootstrapLauncher.run(BootstrapLauncher.java:210) [bootstraplauncher-2.0.2.jar:?]
	at cpw.mods.bootstraplauncher@2.0.2/cpw.mods.bootstraplauncher.BootstrapLauncher.main(BootstrapLauncher.java:69) [bootstraplauncher-2.0.2.jar:?]
	at java.base/jdk.internal.reflect.DirectMethodHandleAccessor.invoke(DirectMethodHandleAccessor.java:103) ~[?:?]
	at java.base/java.lang.reflect.Method.invoke(Method.java:580) ~[?:?]
	at DevLaunch@1.0.1/net.neoforged.devlaunch.Main.main(Main.java:55) [DevLaunch-1.0.1.jar:?]
[27Mar2026 12:28:06.767] [Render thread/ERROR] [net.minecraft.world.item.crafting.RecipeManager/]: Parsing error loading recipe create:mixing/advanced_augment_core
com.google.gson.JsonParseException: Unknown registry key in ResourceKey[minecraft:root / minecraft:recipe_serializer]: create:mixing
	at MC-BOOTSTRAP/datafixerupper@8.0.16/com.mojang.serialization.DataResult$Error.getOrThrow(DataResult.java:287) ~[datafixerupper-8.0.16.jar%23121!/:?]
	at TRANSFORMER/minecraft@1.21.1/net.minecraft.world.item.crafting.RecipeManager.apply(RecipeManager.java:60) ~[neoforge-21.1.219-minecraft-merged.jar%23194!/:?]
	at TRANSFORMER/minecraft@1.21.1/net.minecraft.world.item.crafting.RecipeManager.apply(RecipeManager.java:36) ~[neoforge-21.1.219-minecraft-merged.jar%23194!/:?]
	at TRANSFORMER/minecraft@1.21.1/net.minecraft.server.packs.resources.SimplePreparableReloadListener.lambda$reload$1(SimplePreparableReloadListener.java:19) ~[neoforge-21.1.219-minecraft-merged.jar%23194!/:?]
	at java.base/java.util.concurrent.CompletableFuture$UniAccept.tryFire$$$capture(CompletableFuture.java:718) ~[?:?]
	at java.base/java.util.concurrent.CompletableFuture$UniAccept.tryFire(CompletableFuture.java) ~[?:?]
	at java.base/java.util.concurrent.CompletableFuture$Completion.run(CompletableFuture.java:482) ~[?:?]
	at TRANSFORMER/minecraft@1.21.1/net.minecraft.server.packs.resources.SimpleReloadInstance.lambda$new$3(SimpleReloadInstance.java:86) ~[neoforge-21.1.219-minecraft-merged.jar%23194!/:?]
	at TRANSFORMER/minecraft@1.21.1/net.minecraft.util.thread.BlockableEventLoop.doRunTask(BlockableEventLoop.java:151) ~[neoforge-21.1.219-minecraft-merged.jar%23194!/:?]
	at TRANSFORMER/minecraft@1.21.1/net.minecraft.util.thread.ReentrantBlockableEventLoop.doRunTask(ReentrantBlockableEventLoop.java:24) ~[neoforge-21.1.219-minecraft-merged.jar%23194!/:?]
	at TRANSFORMER/minecraft@1.21.1/net.minecraft.util.thread.BlockableEventLoop.pollTask(BlockableEventLoop.java:122) ~[neoforge-21.1.219-minecraft-merged.jar%23194!/:?]
	at TRANSFORMER/minecraft@1.21.1/net.minecraft.util.thread.BlockableEventLoop.managedBlock(BlockableEventLoop.java:135) ~[neoforge-21.1.219-minecraft-merged.jar%23194!/:?]
	at TRANSFORMER/minecraft@1.21.1/net.minecraft.client.gui.screens.worldselection.WorldOpenFlows.loadWorldDataBlocking(WorldOpenFlows.java:201) ~[neoforge-21.1.219-minecraft-merged.jar%23194!/:?]
	at TRANSFORMER/minecraft@1.21.1/net.minecraft.client.gui.screens.worldselection.WorldOpenFlows.loadWorldStem(WorldOpenFlows.java:142) ~[neoforge-21.1.219-minecraft-merged.jar%23194!/:?]
	at TRANSFORMER/minecraft@1.21.1/net.minecraft.client.gui.screens.worldselection.WorldOpenFlows.openWorldLoadLevelStem(WorldOpenFlows.java:346) ~[neoforge-21.1.219-minecraft-merged.jar%23194!/:?]
	at TRANSFORMER/minecraft@1.21.1/net.minecraft.client.gui.screens.worldselection.WorldOpenFlows.openWorldCheckVersionCompatibility(WorldOpenFlows.java:335) ~[neoforge-21.1.219-minecraft-merged.jar%23194!/:?]
	at TRANSFORMER/minecraft@1.21.1/net.minecraft.client.gui.screens.worldselection.WorldOpenFlows.openWorldLoadLevelData(WorldOpenFlows.java:297) ~[neoforge-21.1.219-minecraft-merged.jar%23194!/:?]
	at TRANSFORMER/minecraft@1.21.1/net.minecraft.client.gui.screens.worldselection.WorldOpenFlows.openWorld(WorldOpenFlows.java:261) ~[neoforge-21.1.219-minecraft-merged.jar%23194!/:?]
	at TRANSFORMER/minecraft@1.21.1/net.minecraft.client.gui.screens.worldselection.WorldSelectionList$WorldListEntry.joinWorld(WorldSelectionList.java:516) ~[neoforge-21.1.219-minecraft-merged.jar%23194!/:?]
	at TRANSFORMER/minecraft@1.21.1/net.minecraft.client.gui.screens.worldselection.WorldSelectionList$WorldListEntry.mouseClicked(WorldSelectionList.java:499) ~[neoforge-21.1.219-minecraft-merged.jar%23194!/:?]
	at TRANSFORMER/minecraft@1.21.1/net.minecraft.client.gui.components.AbstractSelectionList.mouseClicked(AbstractSelectionList.java:303) ~[neoforge-21.1.219-minecraft-merged.jar%23194!/:?]
	at TRANSFORMER/minecraft@1.21.1/net.minecraft.client.gui.components.events.ContainerEventHandler.mouseClicked(ContainerEventHandler.java:52) ~[neoforge-21.1.219-minecraft-merged.jar%23194!/:?]
	at TRANSFORMER/minecraft@1.21.1/net.minecraft.client.MouseHandler.lambda$onPress$0(MouseHandler.java:103) ~[neoforge-21.1.219-minecraft-merged.jar%23194!/:?]
	at TRANSFORMER/minecraft@1.21.1/net.minecraft.client.gui.screens.Screen.wrapScreenError(Screen.java:471) ~[neoforge-21.1.219-minecraft-merged.jar%23194!/:?]
	at TRANSFORMER/minecraft@1.21.1/net.minecraft.client.MouseHandler.onPress(MouseHandler.java:100) ~[neoforge-21.1.219-minecraft-merged.jar%23194!/:?]
	at TRANSFORMER/minecraft@1.21.1/net.minecraft.client.MouseHandler.lambda$setup$4(MouseHandler.java:212) ~[neoforge-21.1.219-minecraft-merged.jar%23194!/:?]
	at TRANSFORMER/minecraft@1.21.1/net.minecraft.util.thread.BlockableEventLoop.execute(BlockableEventLoop.java:98) ~[neoforge-21.1.219-minecraft-merged.jar%23194!/:?]
	at TRANSFORMER/minecraft@1.21.1/net.minecraft.client.MouseHandler.lambda$setup$5(MouseHandler.java:212) ~[neoforge-21.1.219-minecraft-merged.jar%23194!/:?]
	at MC-BOOTSTRAP/org.lwjgl.glfw@3.3.3+5/org.lwjgl.glfw.GLFWMouseButtonCallbackI.callback(GLFWMouseButtonCallbackI.java:43) ~[lwjgl-glfw-3.3.3.jar%23172!/:build 5]
	at MC-BOOTSTRAP/org.lwjgl@3.3.3+5/org.lwjgl.system.JNI.invokeV(Native Method) ~[lwjgl-3.3.3.jar%23183!/:build 5]
	at MC-BOOTSTRAP/org.lwjgl.glfw@3.3.3+5/org.lwjgl.glfw.GLFW.glfwWaitEventsTimeout(GLFW.java:3509) ~[lwjgl-glfw-3.3.3.jar%23172!/:build 5]
	at TRANSFORMER/minecraft@1.21.1/com.mojang.blaze3d.systems.RenderSystem.limitDisplayFPS(RenderSystem.java:162) ~[neoforge-21.1.219-minecraft-merged.jar%23194!/:?]
	at TRANSFORMER/minecraft@1.21.1/net.minecraft.client.Minecraft.runTick(Minecraft.java:1226) ~[neoforge-21.1.219-minecraft-merged.jar%23194!/:?]
	at TRANSFORMER/minecraft@1.21.1/net.minecraft.client.Minecraft.run(Minecraft.java:813) ~[neoforge-21.1.219-minecraft-merged.jar%23194!/:?]
	at TRANSFORMER/minecraft@1.21.1/net.minecraft.client.main.Main.main(Main.java:230) ~[neoforge-21.1.219-minecraft-merged.jar%23194!/:?]
	at java.base/jdk.internal.reflect.DirectMethodHandleAccessor.invoke(DirectMethodHandleAccessor.java:103) ~[?:?]
	at java.base/java.lang.reflect.Method.invoke(Method.java:580) ~[?:?]
	at MC-BOOTSTRAP/fml_loader@4.0.42/net.neoforged.fml.loading.targets.CommonLaunchHandler.runTarget(CommonLaunchHandler.java:136) ~[loader-4.0.42.jar%23146!/:4.0]
	at MC-BOOTSTRAP/fml_loader@4.0.42/net.neoforged.fml.loading.targets.CommonLaunchHandler.clientService(CommonLaunchHandler.java:124) ~[loader-4.0.42.jar%23146!/:4.0]
	at MC-BOOTSTRAP/fml_loader@4.0.42/net.neoforged.fml.loading.targets.NeoForgeClientDevLaunchHandler.runService(NeoForgeClientDevLaunchHandler.java:23) ~[loader-4.0.42.jar%23146!/:4.0]
	at MC-BOOTSTRAP/fml_loader@4.0.42/net.neoforged.fml.loading.targets.CommonLaunchHandler.lambda$launchService$4(CommonLaunchHandler.java:118) ~[loader-4.0.42.jar%23146!/:4.0]
	at MC-BOOTSTRAP/cpw.mods.modlauncher@11.0.5/cpw.mods.modlauncher.LaunchServiceHandlerDecorator.launch(LaunchServiceHandlerDecorator.java:30) [modlauncher-11.0.5.jar%23128!/:?]
	at MC-BOOTSTRAP/cpw.mods.modlauncher@11.0.5/cpw.mods.modlauncher.LaunchServiceHandler.launch(LaunchServiceHandler.java:53) [modlauncher-11.0.5.jar%23128!/:?]
	at MC-BOOTSTRAP/cpw.mods.modlauncher@11.0.5/cpw.mods.modlauncher.LaunchServiceHandler.launch(LaunchServiceHandler.java:71) [modlauncher-11.0.5.jar%23128!/:?]
	at MC-BOOTSTRAP/cpw.mods.modlauncher@11.0.5/cpw.mods.modlauncher.Launcher.run(Launcher.java:103) [modlauncher-11.0.5.jar%23128!/:?]
	at MC-BOOTSTRAP/cpw.mods.modlauncher@11.0.5/cpw.mods.modlauncher.Launcher.main(Launcher.java:74) [modlauncher-11.0.5.jar%23128!/:?]
	at MC-BOOTSTRAP/cpw.mods.modlauncher@11.0.5/cpw.mods.modlauncher.BootstrapLaunchConsumer.accept(BootstrapLaunchConsumer.java:26) [modlauncher-11.0.5.jar%23128!/:?]
	at MC-BOOTSTRAP/cpw.mods.modlauncher@11.0.5/cpw.mods.modlauncher.BootstrapLaunchConsumer.accept(BootstrapLaunchConsumer.java:23) [modlauncher-11.0.5.jar%23128!/:?]
	at cpw.mods.bootstraplauncher@2.0.2/cpw.mods.bootstraplauncher.BootstrapLauncher.run(BootstrapLauncher.java:210) [bootstraplauncher-2.0.2.jar:?]
	at cpw.mods.bootstraplauncher@2.0.2/cpw.mods.bootstraplauncher.BootstrapLauncher.main(BootstrapLauncher.java:69) [bootstraplauncher-2.0.2.jar:?]
	at java.base/jdk.internal.reflect.DirectMethodHandleAccessor.invoke(DirectMethodHandleAccessor.java:103) ~[?:?]
	at java.base/java.lang.reflect.Method.invoke(Method.java:580) ~[?:?]
	at DevLaunch@1.0.1/net.neoforged.devlaunch.Main.main(Main.java:55) [DevLaunch-1.0.1.jar:?]
[27Mar2026 12:28:06.781] [Render thread/ERROR] [net.minecraft.world.item.crafting.RecipeManager/]: Parsing error loading recipe create:compacting/bazaar_key
com.google.gson.JsonParseException: Unknown registry key in ResourceKey[minecraft:root / minecraft:recipe_serializer]: create:compacting
	at MC-BOOTSTRAP/datafixerupper@8.0.16/com.mojang.serialization.DataResult$Error.getOrThrow(DataResult.java:287) ~[datafixerupper-8.0.16.jar%23121!/:?]
	at TRANSFORMER/minecraft@1.21.1/net.minecraft.world.item.crafting.RecipeManager.apply(RecipeManager.java:60) ~[neoforge-21.1.219-minecraft-merged.jar%23194!/:?]
	at TRANSFORMER/minecraft@1.21.1/net.minecraft.world.item.crafting.RecipeManager.apply(RecipeManager.java:36) ~[neoforge-21.1.219-minecraft-merged.jar%23194!/:?]
	at TRANSFORMER/minecraft@1.21.1/net.minecraft.server.packs.resources.SimplePreparableReloadListener.lambda$reload$1(SimplePreparableReloadListener.java:19) ~[neoforge-21.1.219-minecraft-merged.jar%23194!/:?]
	at java.base/java.util.concurrent.CompletableFuture$UniAccept.tryFire$$$capture(CompletableFuture.java:718) ~[?:?]
	at java.base/java.util.concurrent.CompletableFuture$UniAccept.tryFire(CompletableFuture.java) ~[?:?]
	at java.base/java.util.concurrent.CompletableFuture$Completion.run(CompletableFuture.java:482) ~[?:?]
	at TRANSFORMER/minecraft@1.21.1/net.minecraft.server.packs.resources.SimpleReloadInstance.lambda$new$3(SimpleReloadInstance.java:86) ~[neoforge-21.1.219-minecraft-merged.jar%23194!/:?]
	at TRANSFORMER/minecraft@1.21.1/net.minecraft.util.thread.BlockableEventLoop.doRunTask(BlockableEventLoop.java:151) ~[neoforge-21.1.219-minecraft-merged.jar%23194!/:?]
	at TRANSFORMER/minecraft@1.21.1/net.minecraft.util.thread.ReentrantBlockableEventLoop.doRunTask(ReentrantBlockableEventLoop.java:24) ~[neoforge-21.1.219-minecraft-merged.jar%23194!/:?]
	at TRANSFORMER/minecraft@1.21.1/net.minecraft.util.thread.BlockableEventLoop.pollTask(BlockableEventLoop.java:122) ~[neoforge-21.1.219-minecraft-merged.jar%23194!/:?]
	at TRANSFORMER/minecraft@1.21.1/net.minecraft.util.thread.BlockableEventLoop.managedBlock(BlockableEventLoop.java:135) ~[neoforge-21.1.219-minecraft-merged.jar%23194!/:?]
	at TRANSFORMER/minecraft@1.21.1/net.minecraft.client.gui.screens.worldselection.WorldOpenFlows.loadWorldDataBlocking(WorldOpenFlows.java:201) ~[neoforge-21.1.219-minecraft-merged.jar%23194!/:?]
	at TRANSFORMER/minecraft@1.21.1/net.minecraft.client.gui.screens.worldselection.WorldOpenFlows.loadWorldStem(WorldOpenFlows.java:142) ~[neoforge-21.1.219-minecraft-merged.jar%23194!/:?]
	at TRANSFORMER/minecraft@1.21.1/net.minecraft.client.gui.screens.worldselection.WorldOpenFlows.openWorldLoadLevelStem(WorldOpenFlows.java:346) ~[neoforge-21.1.219-minecraft-merged.jar%23194!/:?]
	at TRANSFORMER/minecraft@1.21.1/net.minecraft.client.gui.screens.worldselection.WorldOpenFlows.openWorldCheckVersionCompatibility(WorldOpenFlows.java:335) ~[neoforge-21.1.219-minecraft-merged.jar%23194!/:?]
	at TRANSFORMER/minecraft@1.21.1/net.minecraft.client.gui.screens.worldselection.WorldOpenFlows.openWorldLoadLevelData(WorldOpenFlows.java:297) ~[neoforge-21.1.219-minecraft-merged.jar%23194!/:?]
	at TRANSFORMER/minecraft@1.21.1/net.minecraft.client.gui.screens.worldselection.WorldOpenFlows.openWorld(WorldOpenFlows.java:261) ~[neoforge-21.1.219-minecraft-merged.jar%23194!/:?]
	at TRANSFORMER/minecraft@1.21.1/net.minecraft.client.gui.screens.worldselection.WorldSelectionList$WorldListEntry.joinWorld(WorldSelectionList.java:516) ~[neoforge-21.1.219-minecraft-merged.jar%23194!/:?]
	at TRANSFORMER/minecraft@1.21.1/net.minecraft.client.gui.screens.worldselection.WorldSelectionList$WorldListEntry.mouseClicked(WorldSelectionList.java:499) ~[neoforge-21.1.219-minecraft-merged.jar%23194!/:?]
	at TRANSFORMER/minecraft@1.21.1/net.minecraft.client.gui.components.AbstractSelectionList.mouseClicked(AbstractSelectionList.java:303) ~[neoforge-21.1.219-minecraft-merged.jar%23194!/:?]
	at TRANSFORMER/minecraft@1.21.1/net.minecraft.client.gui.components.events.ContainerEventHandler.mouseClicked(ContainerEventHandler.java:52) ~[neoforge-21.1.219-minecraft-merged.jar%23194!/:?]
	at TRANSFORMER/minecraft@1.21.1/net.minecraft.client.MouseHandler.lambda$onPress$0(MouseHandler.java:103) ~[neoforge-21.1.219-minecraft-merged.jar%23194!/:?]
	at TRANSFORMER/minecraft@1.21.1/net.minecraft.client.gui.screens.Screen.wrapScreenError(Screen.java:471) ~[neoforge-21.1.219-minecraft-merged.jar%23194!/:?]
	at TRANSFORMER/minecraft@1.21.1/net.minecraft.client.MouseHandler.onPress(MouseHandler.java:100) ~[neoforge-21.1.219-minecraft-merged.jar%23194!/:?]
	at TRANSFORMER/minecraft@1.21.1/net.minecraft.client.MouseHandler.lambda$setup$4(MouseHandler.java:212) ~[neoforge-21.1.219-minecraft-merged.jar%23194!/:?]
	at TRANSFORMER/minecraft@1.21.1/net.minecraft.util.thread.BlockableEventLoop.execute(BlockableEventLoop.java:98) ~[neoforge-21.1.219-minecraft-merged.jar%23194!/:?]
	at TRANSFORMER/minecraft@1.21.1/net.minecraft.client.MouseHandler.lambda$setup$5(MouseHandler.java:212) ~[neoforge-21.1.219-minecraft-merged.jar%23194!/:?]
	at MC-BOOTSTRAP/org.lwjgl.glfw@3.3.3+5/org.lwjgl.glfw.GLFWMouseButtonCallbackI.callback(GLFWMouseButtonCallbackI.java:43) ~[lwjgl-glfw-3.3.3.jar%23172!/:build 5]
	at MC-BOOTSTRAP/org.lwjgl@3.3.3+5/org.lwjgl.system.JNI.invokeV(Native Method) ~[lwjgl-3.3.3.jar%23183!/:build 5]
	at MC-BOOTSTRAP/org.lwjgl.glfw@3.3.3+5/org.lwjgl.glfw.GLFW.glfwWaitEventsTimeout(GLFW.java:3509) ~[lwjgl-glfw-3.3.3.jar%23172!/:build 5]
	at TRANSFORMER/minecraft@1.21.1/com.mojang.blaze3d.systems.RenderSystem.limitDisplayFPS(RenderSystem.java:162) ~[neoforge-21.1.219-minecraft-merged.jar%23194!/:?]
	at TRANSFORMER/minecraft@1.21.1/net.minecraft.client.Minecraft.runTick(Minecraft.java:1226) ~[neoforge-21.1.219-minecraft-merged.jar%23194!/:?]
	at TRANSFORMER/minecraft@1.21.1/net.minecraft.client.Minecraft.run(Minecraft.java:813) ~[neoforge-21.1.219-minecraft-merged.jar%23194!/:?]
	at TRANSFORMER/minecraft@1.21.1/net.minecraft.client.main.Main.main(Main.java:230) ~[neoforge-21.1.219-minecraft-merged.jar%23194!/:?]
	at java.base/jdk.internal.reflect.DirectMethodHandleAccessor.invoke(DirectMethodHandleAccessor.java:103) ~[?:?]
	at java.base/java.lang.reflect.Method.invoke(Method.java:580) ~[?:?]
	at MC-BOOTSTRAP/fml_loader@4.0.42/net.neoforged.fml.loading.targets.CommonLaunchHandler.runTarget(CommonLaunchHandler.java:136) ~[loader-4.0.42.jar%23146!/:4.0]
	at MC-BOOTSTRAP/fml_loader@4.0.42/net.neoforged.fml.loading.targets.CommonLaunchHandler.clientService(CommonLaunchHandler.java:124) ~[loader-4.0.42.jar%23146!/:4.0]
	at MC-BOOTSTRAP/fml_loader@4.0.42/net.neoforged.fml.loading.targets.NeoForgeClientDevLaunchHandler.runService(NeoForgeClientDevLaunchHandler.java:23) ~[loader-4.0.42.jar%23146!/:4.0]
	at MC-BOOTSTRAP/fml_loader@4.0.42/net.neoforged.fml.loading.targets.CommonLaunchHandler.lambda$launchService$4(CommonLaunchHandler.java:118) ~[loader-4.0.42.jar%23146!/:4.0]
	at MC-BOOTSTRAP/cpw.mods.modlauncher@11.0.5/cpw.mods.modlauncher.LaunchServiceHandlerDecorator.launch(LaunchServiceHandlerDecorator.java:30) [modlauncher-11.0.5.jar%23128!/:?]
	at MC-BOOTSTRAP/cpw.mods.modlauncher@11.0.5/cpw.mods.modlauncher.LaunchServiceHandler.launch(LaunchServiceHandler.java:53) [modlauncher-11.0.5.jar%23128!/:?]
	at MC-BOOTSTRAP/cpw.mods.modlauncher@11.0.5/cpw.mods.modlauncher.LaunchServiceHandler.launch(LaunchServiceHandler.java:71) [modlauncher-11.0.5.jar%23128!/:?]
	at MC-BOOTSTRAP/cpw.mods.modlauncher@11.0.5/cpw.mods.modlauncher.Launcher.run(Launcher.java:103) [modlauncher-11.0.5.jar%23128!/:?]
	at MC-BOOTSTRAP/cpw.mods.modlauncher@11.0.5/cpw.mods.modlauncher.Launcher.main(Launcher.java:74) [modlauncher-11.0.5.jar%23128!/:?]
	at MC-BOOTSTRAP/cpw.mods.modlauncher@11.0.5/cpw.mods.modlauncher.BootstrapLaunchConsumer.accept(BootstrapLaunchConsumer.java:26) [modlauncher-11.0.5.jar%23128!/:?]
	at MC-BOOTSTRAP/cpw.mods.modlauncher@11.0.5/cpw.mods.modlauncher.BootstrapLaunchConsumer.accept(BootstrapLaunchConsumer.java:23) [modlauncher-11.0.5.jar%23128!/:?]
	at cpw.mods.bootstraplauncher@2.0.2/cpw.mods.bootstraplauncher.BootstrapLauncher.run(BootstrapLauncher.java:210) [bootstraplauncher-2.0.2.jar:?]
	at cpw.mods.bootstraplauncher@2.0.2/cpw.mods.bootstraplauncher.BootstrapLauncher.main(BootstrapLauncher.java:69) [bootstraplauncher-2.0.2.jar:?]
	at java.base/jdk.internal.reflect.DirectMethodHandleAccessor.invoke(DirectMethodHandleAccessor.java:103) ~[?:?]
	at java.base/java.lang.reflect.Method.invoke(Method.java:580) ~[?:?]
	at DevLaunch@1.0.1/net.neoforged.devlaunch.Main.main(Main.java:55) [DevLaunch-1.0.1.jar:?]
[27Mar2026 12:28:06.783] [Render thread/ERROR] [net.minecraft.world.item.crafting.RecipeManager/]: Parsing error loading recipe create:compacting/sanctuary_key
com.google.gson.JsonParseException: Unknown registry key in ResourceKey[minecraft:root / minecraft:recipe_serializer]: create:compacting
	at MC-BOOTSTRAP/datafixerupper@8.0.16/com.mojang.serialization.DataResult$Error.getOrThrow(DataResult.java:287) ~[datafixerupper-8.0.16.jar%23121!/:?]
	at TRANSFORMER/minecraft@1.21.1/net.minecraft.world.item.crafting.RecipeManager.apply(RecipeManager.java:60) ~[neoforge-21.1.219-minecraft-merged.jar%23194!/:?]
	at TRANSFORMER/minecraft@1.21.1/net.minecraft.world.item.crafting.RecipeManager.apply(RecipeManager.java:36) ~[neoforge-21.1.219-minecraft-merged.jar%23194!/:?]
	at TRANSFORMER/minecraft@1.21.1/net.minecraft.server.packs.resources.SimplePreparableReloadListener.lambda$reload$1(SimplePreparableReloadListener.java:19) ~[neoforge-21.1.219-minecraft-merged.jar%23194!/:?]
	at java.base/java.util.concurrent.CompletableFuture$UniAccept.tryFire$$$capture(CompletableFuture.java:718) ~[?:?]
	at java.base/java.util.concurrent.CompletableFuture$UniAccept.tryFire(CompletableFuture.java) ~[?:?]
	at java.base/java.util.concurrent.CompletableFuture$Completion.run(CompletableFuture.java:482) ~[?:?]
	at TRANSFORMER/minecraft@1.21.1/net.minecraft.server.packs.resources.SimpleReloadInstance.lambda$new$3(SimpleReloadInstance.java:86) ~[neoforge-21.1.219-minecraft-merged.jar%23194!/:?]
	at TRANSFORMER/minecraft@1.21.1/net.minecraft.util.thread.BlockableEventLoop.doRunTask(BlockableEventLoop.java:151) ~[neoforge-21.1.219-minecraft-merged.jar%23194!/:?]
	at TRANSFORMER/minecraft@1.21.1/net.minecraft.util.thread.ReentrantBlockableEventLoop.doRunTask(ReentrantBlockableEventLoop.java:24) ~[neoforge-21.1.219-minecraft-merged.jar%23194!/:?]
	at TRANSFORMER/minecraft@1.21.1/net.minecraft.util.thread.BlockableEventLoop.pollTask(BlockableEventLoop.java:122) ~[neoforge-21.1.219-minecraft-merged.jar%23194!/:?]
	at TRANSFORMER/minecraft@1.21.1/net.minecraft.util.thread.BlockableEventLoop.managedBlock(BlockableEventLoop.java:135) ~[neoforge-21.1.219-minecraft-merged.jar%23194!/:?]
	at TRANSFORMER/minecraft@1.21.1/net.minecraft.client.gui.screens.worldselection.WorldOpenFlows.loadWorldDataBlocking(WorldOpenFlows.java:201) ~[neoforge-21.1.219-minecraft-merged.jar%23194!/:?]
	at TRANSFORMER/minecraft@1.21.1/net.minecraft.client.gui.screens.worldselection.WorldOpenFlows.loadWorldStem(WorldOpenFlows.java:142) ~[neoforge-21.1.219-minecraft-merged.jar%23194!/:?]
	at TRANSFORMER/minecraft@1.21.1/net.minecraft.client.gui.screens.worldselection.WorldOpenFlows.openWorldLoadLevelStem(WorldOpenFlows.java:346) ~[neoforge-21.1.219-minecraft-merged.jar%23194!/:?]
	at TRANSFORMER/minecraft@1.21.1/net.minecraft.client.gui.screens.worldselection.WorldOpenFlows.openWorldCheckVersionCompatibility(WorldOpenFlows.java:335) ~[neoforge-21.1.219-minecraft-merged.jar%23194!/:?]
	at TRANSFORMER/minecraft@1.21.1/net.minecraft.client.gui.screens.worldselection.WorldOpenFlows.openWorldLoadLevelData(WorldOpenFlows.java:297) ~[neoforge-21.1.219-minecraft-merged.jar%23194!/:?]
	at TRANSFORMER/minecraft@1.21.1/net.minecraft.client.gui.screens.worldselection.WorldOpenFlows.openWorld(WorldOpenFlows.java:261) ~[neoforge-21.1.219-minecraft-merged.jar%23194!/:?]
	at TRANSFORMER/minecraft@1.21.1/net.minecraft.client.gui.screens.worldselection.WorldSelectionList$WorldListEntry.joinWorld(WorldSelectionList.java:516) ~[neoforge-21.1.219-minecraft-merged.jar%23194!/:?]
	at TRANSFORMER/minecraft@1.21.1/net.minecraft.client.gui.screens.worldselection.WorldSelectionList$WorldListEntry.mouseClicked(WorldSelectionList.java:499) ~[neoforge-21.1.219-minecraft-merged.jar%23194!/:?]
	at TRANSFORMER/minecraft@1.21.1/net.minecraft.client.gui.components.AbstractSelectionList.mouseClicked(AbstractSelectionList.java:303) ~[neoforge-21.1.219-minecraft-merged.jar%23194!/:?]
	at TRANSFORMER/minecraft@1.21.1/net.minecraft.client.gui.components.events.ContainerEventHandler.mouseClicked(ContainerEventHandler.java:52) ~[neoforge-21.1.219-minecraft-merged.jar%23194!/:?]
	at TRANSFORMER/minecraft@1.21.1/net.minecraft.client.MouseHandler.lambda$onPress$0(MouseHandler.java:103) ~[neoforge-21.1.219-minecraft-merged.jar%23194!/:?]
	at TRANSFORMER/minecraft@1.21.1/net.minecraft.client.gui.screens.Screen.wrapScreenError(Screen.java:471) ~[neoforge-21.1.219-minecraft-merged.jar%23194!/:?]
	at TRANSFORMER/minecraft@1.21.1/net.minecraft.client.MouseHandler.onPress(MouseHandler.java:100) ~[neoforge-21.1.219-minecraft-merged.jar%23194!/:?]
	at TRANSFORMER/minecraft@1.21.1/net.minecraft.client.MouseHandler.lambda$setup$4(MouseHandler.java:212) ~[neoforge-21.1.219-minecraft-merged.jar%23194!/:?]
	at TRANSFORMER/minecraft@1.21.1/net.minecraft.util.thread.BlockableEventLoop.execute(BlockableEventLoop.java:98) ~[neoforge-21.1.219-minecraft-merged.jar%23194!/:?]
	at TRANSFORMER/minecraft@1.21.1/net.minecraft.client.MouseHandler.lambda$setup$5(MouseHandler.java:212) ~[neoforge-21.1.219-minecraft-merged.jar%23194!/:?]
	at MC-BOOTSTRAP/org.lwjgl.glfw@3.3.3+5/org.lwjgl.glfw.GLFWMouseButtonCallbackI.callback(GLFWMouseButtonCallbackI.java:43) ~[lwjgl-glfw-3.3.3.jar%23172!/:build 5]
	at MC-BOOTSTRAP/org.lwjgl@3.3.3+5/org.lwjgl.system.JNI.invokeV(Native Method) ~[lwjgl-3.3.3.jar%23183!/:build 5]
	at MC-BOOTSTRAP/org.lwjgl.glfw@3.3.3+5/org.lwjgl.glfw.GLFW.glfwWaitEventsTimeout(GLFW.java:3509) ~[lwjgl-glfw-3.3.3.jar%23172!/:build 5]
	at TRANSFORMER/minecraft@1.21.1/com.mojang.blaze3d.systems.RenderSystem.limitDisplayFPS(RenderSystem.java:162) ~[neoforge-21.1.219-minecraft-merged.jar%23194!/:?]
	at TRANSFORMER/minecraft@1.21.1/net.minecraft.client.Minecraft.runTick(Minecraft.java:1226) ~[neoforge-21.1.219-minecraft-merged.jar%23194!/:?]
	at TRANSFORMER/minecraft@1.21.1/net.minecraft.client.Minecraft.run(Minecraft.java:813) ~[neoforge-21.1.219-minecraft-merged.jar%23194!/:?]
	at TRANSFORMER/minecraft@1.21.1/net.minecraft.client.main.Main.main(Main.java:230) ~[neoforge-21.1.219-minecraft-merged.jar%23194!/:?]
	at java.base/jdk.internal.reflect.DirectMethodHandleAccessor.invoke(DirectMethodHandleAccessor.java:103) ~[?:?]
	at java.base/java.lang.reflect.Method.invoke(Method.java:580) ~[?:?]
	at MC-BOOTSTRAP/fml_loader@4.0.42/net.neoforged.fml.loading.targets.CommonLaunchHandler.runTarget(CommonLaunchHandler.java:136) ~[loader-4.0.42.jar%23146!/:4.0]
	at MC-BOOTSTRAP/fml_loader@4.0.42/net.neoforged.fml.loading.targets.CommonLaunchHandler.clientService(CommonLaunchHandler.java:124) ~[loader-4.0.42.jar%23146!/:4.0]
	at MC-BOOTSTRAP/fml_loader@4.0.42/net.neoforged.fml.loading.targets.NeoForgeClientDevLaunchHandler.runService(NeoForgeClientDevLaunchHandler.java:23) ~[loader-4.0.42.jar%23146!/:4.0]
	at MC-BOOTSTRAP/fml_loader@4.0.42/net.neoforged.fml.loading.targets.CommonLaunchHandler.lambda$launchService$4(CommonLaunchHandler.java:118) ~[loader-4.0.42.jar%23146!/:4.0]
	at MC-BOOTSTRAP/cpw.mods.modlauncher@11.0.5/cpw.mods.modlauncher.LaunchServiceHandlerDecorator.launch(LaunchServiceHandlerDecorator.java:30) [modlauncher-11.0.5.jar%23128!/:?]
	at MC-BOOTSTRAP/cpw.mods.modlauncher@11.0.5/cpw.mods.modlauncher.LaunchServiceHandler.launch(LaunchServiceHandler.java:53) [modlauncher-11.0.5.jar%23128!/:?]
	at MC-BOOTSTRAP/cpw.mods.modlauncher@11.0.5/cpw.mods.modlauncher.LaunchServiceHandler.launch(LaunchServiceHandler.java:71) [modlauncher-11.0.5.jar%23128!/:?]
	at MC-BOOTSTRAP/cpw.mods.modlauncher@11.0.5/cpw.mods.modlauncher.Launcher.run(Launcher.java:103) [modlauncher-11.0.5.jar%23128!/:?]
	at MC-BOOTSTRAP/cpw.mods.modlauncher@11.0.5/cpw.mods.modlauncher.Launcher.main(Launcher.java:74) [modlauncher-11.0.5.jar%23128!/:?]
	at MC-BOOTSTRAP/cpw.mods.modlauncher@11.0.5/cpw.mods.modlauncher.BootstrapLaunchConsumer.accept(BootstrapLaunchConsumer.java:26) [modlauncher-11.0.5.jar%23128!/:?]
	at MC-BOOTSTRAP/cpw.mods.modlauncher@11.0.5/cpw.mods.modlauncher.BootstrapLaunchConsumer.accept(BootstrapLaunchConsumer.java:23) [modlauncher-11.0.5.jar%23128!/:?]
	at cpw.mods.bootstraplauncher@2.0.2/cpw.mods.bootstraplauncher.BootstrapLauncher.run(BootstrapLauncher.java:210) [bootstraplauncher-2.0.2.jar:?]
	at cpw.mods.bootstraplauncher@2.0.2/cpw.mods.bootstraplauncher.BootstrapLauncher.main(BootstrapLauncher.java:69) [bootstraplauncher-2.0.2.jar:?]
	at java.base/jdk.internal.reflect.DirectMethodHandleAccessor.invoke(DirectMethodHandleAccessor.java:103) ~[?:?]
	at java.base/java.lang.reflect.Method.invoke(Method.java:580) ~[?:?]
	at DevLaunch@1.0.1/net.neoforged.devlaunch.Main.main(Main.java:55) [DevLaunch-1.0.1.jar:?]
[27Mar2026 12:28:06.789] [Render thread/ERROR] [net.minecraft.world.item.crafting.RecipeManager/]: Parsing error loading recipe create:mixing/augment_core
com.google.gson.JsonParseException: Unknown registry key in ResourceKey[minecraft:root / minecraft:recipe_serializer]: create:mixing
	at MC-BOOTSTRAP/datafixerupper@8.0.16/com.mojang.serialization.DataResult$Error.getOrThrow(DataResult.java:287) ~[datafixerupper-8.0.16.jar%23121!/:?]
	at TRANSFORMER/minecraft@1.21.1/net.minecraft.world.item.crafting.RecipeManager.apply(RecipeManager.java:60) ~[neoforge-21.1.219-minecraft-merged.jar%23194!/:?]
	at TRANSFORMER/minecraft@1.21.1/net.minecraft.world.item.crafting.RecipeManager.apply(RecipeManager.java:36) ~[neoforge-21.1.219-minecraft-merged.jar%23194!/:?]
	at TRANSFORMER/minecraft@1.21.1/net.minecraft.server.packs.resources.SimplePreparableReloadListener.lambda$reload$1(SimplePreparableReloadListener.java:19) ~[neoforge-21.1.219-minecraft-merged.jar%23194!/:?]
	at java.base/java.util.concurrent.CompletableFuture$UniAccept.tryFire$$$capture(CompletableFuture.java:718) ~[?:?]
	at java.base/java.util.concurrent.CompletableFuture$UniAccept.tryFire(CompletableFuture.java) ~[?:?]
	at java.base/java.util.concurrent.CompletableFuture$Completion.run(CompletableFuture.java:482) ~[?:?]
	at TRANSFORMER/minecraft@1.21.1/net.minecraft.server.packs.resources.SimpleReloadInstance.lambda$new$3(SimpleReloadInstance.java:86) ~[neoforge-21.1.219-minecraft-merged.jar%23194!/:?]
	at TRANSFORMER/minecraft@1.21.1/net.minecraft.util.thread.BlockableEventLoop.doRunTask(BlockableEventLoop.java:151) ~[neoforge-21.1.219-minecraft-merged.jar%23194!/:?]
	at TRANSFORMER/minecraft@1.21.1/net.minecraft.util.thread.ReentrantBlockableEventLoop.doRunTask(ReentrantBlockableEventLoop.java:24) ~[neoforge-21.1.219-minecraft-merged.jar%23194!/:?]
	at TRANSFORMER/minecraft@1.21.1/net.minecraft.util.thread.BlockableEventLoop.pollTask(BlockableEventLoop.java:122) ~[neoforge-21.1.219-minecraft-merged.jar%23194!/:?]
	at TRANSFORMER/minecraft@1.21.1/net.minecraft.util.thread.BlockableEventLoop.managedBlock(BlockableEventLoop.java:135) ~[neoforge-21.1.219-minecraft-merged.jar%23194!/:?]
	at TRANSFORMER/minecraft@1.21.1/net.minecraft.client.gui.screens.worldselection.WorldOpenFlows.loadWorldDataBlocking(WorldOpenFlows.java:201) ~[neoforge-21.1.219-minecraft-merged.jar%23194!/:?]
	at TRANSFORMER/minecraft@1.21.1/net.minecraft.client.gui.screens.worldselection.WorldOpenFlows.loadWorldStem(WorldOpenFlows.java:142) ~[neoforge-21.1.219-minecraft-merged.jar%23194!/:?]
	at TRANSFORMER/minecraft@1.21.1/net.minecraft.client.gui.screens.worldselection.WorldOpenFlows.openWorldLoadLevelStem(WorldOpenFlows.java:346) ~[neoforge-21.1.219-minecraft-merged.jar%23194!/:?]
	at TRANSFORMER/minecraft@1.21.1/net.minecraft.client.gui.screens.worldselection.WorldOpenFlows.openWorldCheckVersionCompatibility(WorldOpenFlows.java:335) ~[neoforge-21.1.219-minecraft-merged.jar%23194!/:?]
	at TRANSFORMER/minecraft@1.21.1/net.minecraft.client.gui.screens.worldselection.WorldOpenFlows.openWorldLoadLevelData(WorldOpenFlows.java:297) ~[neoforge-21.1.219-minecraft-merged.jar%23194!/:?]
	at TRANSFORMER/minecraft@1.21.1/net.minecraft.client.gui.screens.worldselection.WorldOpenFlows.openWorld(WorldOpenFlows.java:261) ~[neoforge-21.1.219-minecraft-merged.jar%23194!/:?]
	at TRANSFORMER/minecraft@1.21.1/net.minecraft.client.gui.screens.worldselection.WorldSelectionList$WorldListEntry.joinWorld(WorldSelectionList.java:516) ~[neoforge-21.1.219-minecraft-merged.jar%23194!/:?]
	at TRANSFORMER/minecraft@1.21.1/net.minecraft.client.gui.screens.worldselection.WorldSelectionList$WorldListEntry.mouseClicked(WorldSelectionList.java:499) ~[neoforge-21.1.219-minecraft-merged.jar%23194!/:?]
	at TRANSFORMER/minecraft@1.21.1/net.minecraft.client.gui.components.AbstractSelectionList.mouseClicked(AbstractSelectionList.java:303) ~[neoforge-21.1.219-minecraft-merged.jar%23194!/:?]
	at TRANSFORMER/minecraft@1.21.1/net.minecraft.client.gui.components.events.ContainerEventHandler.mouseClicked(ContainerEventHandler.java:52) ~[neoforge-21.1.219-minecraft-merged.jar%23194!/:?]
	at TRANSFORMER/minecraft@1.21.1/net.minecraft.client.MouseHandler.lambda$onPress$0(MouseHandler.java:103) ~[neoforge-21.1.219-minecraft-merged.jar%23194!/:?]
	at TRANSFORMER/minecraft@1.21.1/net.minecraft.client.gui.screens.Screen.wrapScreenError(Screen.java:471) ~[neoforge-21.1.219-minecraft-merged.jar%23194!/:?]
	at TRANSFORMER/minecraft@1.21.1/net.minecraft.client.MouseHandler.onPress(MouseHandler.java:100) ~[neoforge-21.1.219-minecraft-merged.jar%23194!/:?]
	at TRANSFORMER/minecraft@1.21.1/net.minecraft.client.MouseHandler.lambda$setup$4(MouseHandler.java:212) ~[neoforge-21.1.219-minecraft-merged.jar%23194!/:?]
	at TRANSFORMER/minecraft@1.21.1/net.minecraft.util.thread.BlockableEventLoop.execute(BlockableEventLoop.java:98) ~[neoforge-21.1.219-minecraft-merged.jar%23194!/:?]
	at TRANSFORMER/minecraft@1.21.1/net.minecraft.client.MouseHandler.lambda$setup$5(MouseHandler.java:212) ~[neoforge-21.1.219-minecraft-merged.jar%23194!/:?]
	at MC-BOOTSTRAP/org.lwjgl.glfw@3.3.3+5/org.lwjgl.glfw.GLFWMouseButtonCallbackI.callback(GLFWMouseButtonCallbackI.java:43) ~[lwjgl-glfw-3.3.3.jar%23172!/:build 5]
	at MC-BOOTSTRAP/org.lwjgl@3.3.3+5/org.lwjgl.system.JNI.invokeV(Native Method) ~[lwjgl-3.3.3.jar%23183!/:build 5]
	at MC-BOOTSTRAP/org.lwjgl.glfw@3.3.3+5/org.lwjgl.glfw.GLFW.glfwWaitEventsTimeout(GLFW.java:3509) ~[lwjgl-glfw-3.3.3.jar%23172!/:build 5]
	at TRANSFORMER/minecraft@1.21.1/com.mojang.blaze3d.systems.RenderSystem.limitDisplayFPS(RenderSystem.java:162) ~[neoforge-21.1.219-minecraft-merged.jar%23194!/:?]
	at TRANSFORMER/minecraft@1.21.1/net.minecraft.client.Minecraft.runTick(Minecraft.java:1226) ~[neoforge-21.1.219-minecraft-merged.jar%23194!/:?]
	at TRANSFORMER/minecraft@1.21.1/net.minecraft.client.Minecraft.run(Minecraft.java:813) ~[neoforge-21.1.219-minecraft-merged.jar%23194!/:?]
	at TRANSFORMER/minecraft@1.21.1/net.minecraft.client.main.Main.main(Main.java:230) ~[neoforge-21.1.219-minecraft-merged.jar%23194!/:?]
	at java.base/jdk.internal.reflect.DirectMethodHandleAccessor.invoke(DirectMethodHandleAccessor.java:103) ~[?:?]
	at java.base/java.lang.reflect.Method.invoke(Method.java:580) ~[?:?]
	at MC-BOOTSTRAP/fml_loader@4.0.42/net.neoforged.fml.loading.targets.CommonLaunchHandler.runTarget(CommonLaunchHandler.java:136) ~[loader-4.0.42.jar%23146!/:4.0]
	at MC-BOOTSTRAP/fml_loader@4.0.42/net.neoforged.fml.loading.targets.CommonLaunchHandler.clientService(CommonLaunchHandler.java:124) ~[loader-4.0.42.jar%23146!/:4.0]
	at MC-BOOTSTRAP/fml_loader@4.0.42/net.neoforged.fml.loading.targets.NeoForgeClientDevLaunchHandler.runService(NeoForgeClientDevLaunchHandler.java:23) ~[loader-4.0.42.jar%23146!/:4.0]
	at MC-BOOTSTRAP/fml_loader@4.0.42/net.neoforged.fml.loading.targets.CommonLaunchHandler.lambda$launchService$4(CommonLaunchHandler.java:118) ~[loader-4.0.42.jar%23146!/:4.0]
	at MC-BOOTSTRAP/cpw.mods.modlauncher@11.0.5/cpw.mods.modlauncher.LaunchServiceHandlerDecorator.launch(LaunchServiceHandlerDecorator.java:30) [modlauncher-11.0.5.jar%23128!/:?]
	at MC-BOOTSTRAP/cpw.mods.modlauncher@11.0.5/cpw.mods.modlauncher.LaunchServiceHandler.launch(LaunchServiceHandler.java:53) [modlauncher-11.0.5.jar%23128!/:?]
	at MC-BOOTSTRAP/cpw.mods.modlauncher@11.0.5/cpw.mods.modlauncher.LaunchServiceHandler.launch(LaunchServiceHandler.java:71) [modlauncher-11.0.5.jar%23128!/:?]
	at MC-BOOTSTRAP/cpw.mods.modlauncher@11.0.5/cpw.mods.modlauncher.Launcher.run(Launcher.java:103) [modlauncher-11.0.5.jar%23128!/:?]
	at MC-BOOTSTRAP/cpw.mods.modlauncher@11.0.5/cpw.mods.modlauncher.Launcher.main(Launcher.java:74) [modlauncher-11.0.5.jar%23128!/:?]
	at MC-BOOTSTRAP/cpw.mods.modlauncher@11.0.5/cpw.mods.modlauncher.BootstrapLaunchConsumer.accept(BootstrapLaunchConsumer.java:26) [modlauncher-11.0.5.jar%23128!/:?]
	at MC-BOOTSTRAP/cpw.mods.modlauncher@11.0.5/cpw.mods.modlauncher.BootstrapLaunchConsumer.accept(BootstrapLaunchConsumer.java:23) [modlauncher-11.0.5.jar%23128!/:?]
	at cpw.mods.bootstraplauncher@2.0.2/cpw.mods.bootstraplauncher.BootstrapLauncher.run(BootstrapLauncher.java:210) [bootstraplauncher-2.0.2.jar:?]
	at cpw.mods.bootstraplauncher@2.0.2/cpw.mods.bootstraplauncher.BootstrapLauncher.main(BootstrapLauncher.java:69) [bootstraplauncher-2.0.2.jar:?]
	at java.base/jdk.internal.reflect.DirectMethodHandleAccessor.invoke(DirectMethodHandleAccessor.java:103) ~[?:?]
	at java.base/java.lang.reflect.Method.invoke(Method.java:580) ~[?:?]
	at DevLaunch@1.0.1/net.neoforged.devlaunch.Main.main(Main.java:55) [DevLaunch-1.0.1.jar:?]
[27Mar2026 12:28:06.791] [Render thread/ERROR] [net.minecraft.world.item.crafting.RecipeManager/]: Parsing error loading recipe create:compacting/crypt_key
com.google.gson.JsonParseException: Unknown registry key in ResourceKey[minecraft:root / minecraft:recipe_serializer]: create:compacting
	at MC-BOOTSTRAP/datafixerupper@8.0.16/com.mojang.serialization.DataResult$Error.getOrThrow(DataResult.java:287) ~[datafixerupper-8.0.16.jar%23121!/:?]
	at TRANSFORMER/minecraft@1.21.1/net.minecraft.world.item.crafting.RecipeManager.apply(RecipeManager.java:60) ~[neoforge-21.1.219-minecraft-merged.jar%23194!/:?]
	at TRANSFORMER/minecraft@1.21.1/net.minecraft.world.item.crafting.RecipeManager.apply(RecipeManager.java:36) ~[neoforge-21.1.219-minecraft-merged.jar%23194!/:?]
	at TRANSFORMER/minecraft@1.21.1/net.minecraft.server.packs.resources.SimplePreparableReloadListener.lambda$reload$1(SimplePreparableReloadListener.java:19) ~[neoforge-21.1.219-minecraft-merged.jar%23194!/:?]
	at java.base/java.util.concurrent.CompletableFuture$UniAccept.tryFire$$$capture(CompletableFuture.java:718) ~[?:?]
	at java.base/java.util.concurrent.CompletableFuture$UniAccept.tryFire(CompletableFuture.java) ~[?:?]
	at java.base/java.util.concurrent.CompletableFuture$Completion.run(CompletableFuture.java:482) ~[?:?]
	at TRANSFORMER/minecraft@1.21.1/net.minecraft.server.packs.resources.SimpleReloadInstance.lambda$new$3(SimpleReloadInstance.java:86) ~[neoforge-21.1.219-minecraft-merged.jar%23194!/:?]
	at TRANSFORMER/minecraft@1.21.1/net.minecraft.util.thread.BlockableEventLoop.doRunTask(BlockableEventLoop.java:151) ~[neoforge-21.1.219-minecraft-merged.jar%23194!/:?]
	at TRANSFORMER/minecraft@1.21.1/net.minecraft.util.thread.ReentrantBlockableEventLoop.doRunTask(ReentrantBlockableEventLoop.java:24) ~[neoforge-21.1.219-minecraft-merged.jar%23194!/:?]
	at TRANSFORMER/minecraft@1.21.1/net.minecraft.util.thread.BlockableEventLoop.pollTask(BlockableEventLoop.java:122) ~[neoforge-21.1.219-minecraft-merged.jar%23194!/:?]
	at TRANSFORMER/minecraft@1.21.1/net.minecraft.util.thread.BlockableEventLoop.managedBlock(BlockableEventLoop.java:135) ~[neoforge-21.1.219-minecraft-merged.jar%23194!/:?]
	at TRANSFORMER/minecraft@1.21.1/net.minecraft.client.gui.screens.worldselection.WorldOpenFlows.loadWorldDataBlocking(WorldOpenFlows.java:201) ~[neoforge-21.1.219-minecraft-merged.jar%23194!/:?]
	at TRANSFORMER/minecraft@1.21.1/net.minecraft.client.gui.screens.worldselection.WorldOpenFlows.loadWorldStem(WorldOpenFlows.java:142) ~[neoforge-21.1.219-minecraft-merged.jar%23194!/:?]
	at TRANSFORMER/minecraft@1.21.1/net.minecraft.client.gui.screens.worldselection.WorldOpenFlows.openWorldLoadLevelStem(WorldOpenFlows.java:346) ~[neoforge-21.1.219-minecraft-merged.jar%23194!/:?]
	at TRANSFORMER/minecraft@1.21.1/net.minecraft.client.gui.screens.worldselection.WorldOpenFlows.openWorldCheckVersionCompatibility(WorldOpenFlows.java:335) ~[neoforge-21.1.219-minecraft-merged.jar%23194!/:?]
	at TRANSFORMER/minecraft@1.21.1/net.minecraft.client.gui.screens.worldselection.WorldOpenFlows.openWorldLoadLevelData(WorldOpenFlows.java:297) ~[neoforge-21.1.219-minecraft-merged.jar%23194!/:?]
	at TRANSFORMER/minecraft@1.21.1/net.minecraft.client.gui.screens.worldselection.WorldOpenFlows.openWorld(WorldOpenFlows.java:261) ~[neoforge-21.1.219-minecraft-merged.jar%23194!/:?]
	at TRANSFORMER/minecraft@1.21.1/net.minecraft.client.gui.screens.worldselection.WorldSelectionList$WorldListEntry.joinWorld(WorldSelectionList.java:516) ~[neoforge-21.1.219-minecraft-merged.jar%23194!/:?]
	at TRANSFORMER/minecraft@1.21.1/net.minecraft.client.gui.screens.worldselection.WorldSelectionList$WorldListEntry.mouseClicked(WorldSelectionList.java:499) ~[neoforge-21.1.219-minecraft-merged.jar%23194!/:?]
	at TRANSFORMER/minecraft@1.21.1/net.minecraft.client.gui.components.AbstractSelectionList.mouseClicked(AbstractSelectionList.java:303) ~[neoforge-21.1.219-minecraft-merged.jar%23194!/:?]
	at TRANSFORMER/minecraft@1.21.1/net.minecraft.client.gui.components.events.ContainerEventHandler.mouseClicked(ContainerEventHandler.java:52) ~[neoforge-21.1.219-minecraft-merged.jar%23194!/:?]
	at TRANSFORMER/minecraft@1.21.1/net.minecraft.client.MouseHandler.lambda$onPress$0(MouseHandler.java:103) ~[neoforge-21.1.219-minecraft-merged.jar%23194!/:?]
	at TRANSFORMER/minecraft@1.21.1/net.minecraft.client.gui.screens.Screen.wrapScreenError(Screen.java:471) ~[neoforge-21.1.219-minecraft-merged.jar%23194!/:?]
	at TRANSFORMER/minecraft@1.21.1/net.minecraft.client.MouseHandler.onPress(MouseHandler.java:100) ~[neoforge-21.1.219-minecraft-merged.jar%23194!/:?]
	at TRANSFORMER/minecraft@1.21.1/net.minecraft.client.MouseHandler.lambda$setup$4(MouseHandler.java:212) ~[neoforge-21.1.219-minecraft-merged.jar%23194!/:?]
	at TRANSFORMER/minecraft@1.21.1/net.minecraft.util.thread.BlockableEventLoop.execute(BlockableEventLoop.java:98) ~[neoforge-21.1.219-minecraft-merged.jar%23194!/:?]
	at TRANSFORMER/minecraft@1.21.1/net.minecraft.client.MouseHandler.lambda$setup$5(MouseHandler.java:212) ~[neoforge-21.1.219-minecraft-merged.jar%23194!/:?]
	at MC-BOOTSTRAP/org.lwjgl.glfw@3.3.3+5/org.lwjgl.glfw.GLFWMouseButtonCallbackI.callback(GLFWMouseButtonCallbackI.java:43) ~[lwjgl-glfw-3.3.3.jar%23172!/:build 5]
	at MC-BOOTSTRAP/org.lwjgl@3.3.3+5/org.lwjgl.system.JNI.invokeV(Native Method) ~[lwjgl-3.3.3.jar%23183!/:build 5]
	at MC-BOOTSTRAP/org.lwjgl.glfw@3.3.3+5/org.lwjgl.glfw.GLFW.glfwWaitEventsTimeout(GLFW.java:3509) ~[lwjgl-glfw-3.3.3.jar%23172!/:build 5]
	at TRANSFORMER/minecraft@1.21.1/com.mojang.blaze3d.systems.RenderSystem.limitDisplayFPS(RenderSystem.java:162) ~[neoforge-21.1.219-minecraft-merged.jar%23194!/:?]
	at TRANSFORMER/minecraft@1.21.1/net.minecraft.client.Minecraft.runTick(Minecraft.java:1226) ~[neoforge-21.1.219-minecraft-merged.jar%23194!/:?]
	at TRANSFORMER/minecraft@1.21.1/net.minecraft.client.Minecraft.run(Minecraft.java:813) ~[neoforge-21.1.219-minecraft-merged.jar%23194!/:?]
	at TRANSFORMER/minecraft@1.21.1/net.minecraft.client.main.Main.main(Main.java:230) ~[neoforge-21.1.219-minecraft-merged.jar%23194!/:?]
	at java.base/jdk.internal.reflect.DirectMethodHandleAccessor.invoke(DirectMethodHandleAccessor.java:103) ~[?:?]
	at java.base/java.lang.reflect.Method.invoke(Method.java:580) ~[?:?]
	at MC-BOOTSTRAP/fml_loader@4.0.42/net.neoforged.fml.loading.targets.CommonLaunchHandler.runTarget(CommonLaunchHandler.java:136) ~[loader-4.0.42.jar%23146!/:4.0]
	at MC-BOOTSTRAP/fml_loader@4.0.42/net.neoforged.fml.loading.targets.CommonLaunchHandler.clientService(CommonLaunchHandler.java:124) ~[loader-4.0.42.jar%23146!/:4.0]
	at MC-BOOTSTRAP/fml_loader@4.0.42/net.neoforged.fml.loading.targets.NeoForgeClientDevLaunchHandler.runService(NeoForgeClientDevLaunchHandler.java:23) ~[loader-4.0.42.jar%23146!/:4.0]
	at MC-BOOTSTRAP/fml_loader@4.0.42/net.neoforged.fml.loading.targets.CommonLaunchHandler.lambda$launchService$4(CommonLaunchHandler.java:118) ~[loader-4.0.42.jar%23146!/:4.0]
	at MC-BOOTSTRAP/cpw.mods.modlauncher@11.0.5/cpw.mods.modlauncher.LaunchServiceHandlerDecorator.launch(LaunchServiceHandlerDecorator.java:30) [modlauncher-11.0.5.jar%23128!/:?]
	at MC-BOOTSTRAP/cpw.mods.modlauncher@11.0.5/cpw.mods.modlauncher.LaunchServiceHandler.launch(LaunchServiceHandler.java:53) [modlauncher-11.0.5.jar%23128!/:?]
	at MC-BOOTSTRAP/cpw.mods.modlauncher@11.0.5/cpw.mods.modlauncher.LaunchServiceHandler.launch(LaunchServiceHandler.java:71) [modlauncher-11.0.5.jar%23128!/:?]
	at MC-BOOTSTRAP/cpw.mods.modlauncher@11.0.5/cpw.mods.modlauncher.Launcher.run(Launcher.java:103) [modlauncher-11.0.5.jar%23128!/:?]
	at MC-BOOTSTRAP/cpw.mods.modlauncher@11.0.5/cpw.mods.modlauncher.Launcher.main(Launcher.java:74) [modlauncher-11.0.5.jar%23128!/:?]
	at MC-BOOTSTRAP/cpw.mods.modlauncher@11.0.5/cpw.mods.modlauncher.BootstrapLaunchConsumer.accept(BootstrapLaunchConsumer.java:26) [modlauncher-11.0.5.jar%23128!/:?]
	at MC-BOOTSTRAP/cpw.mods.modlauncher@11.0.5/cpw.mods.modlauncher.BootstrapLaunchConsumer.accept(BootstrapLaunchConsumer.java:23) [modlauncher-11.0.5.jar%23128!/:?]
	at cpw.mods.bootstraplauncher@2.0.2/cpw.mods.bootstraplauncher.BootstrapLauncher.run(BootstrapLauncher.java:210) [bootstraplauncher-2.0.2.jar:?]
	at cpw.mods.bootstraplauncher@2.0.2/cpw.mods.bootstraplauncher.BootstrapLauncher.main(BootstrapLauncher.java:69) [bootstraplauncher-2.0.2.jar:?]
	at java.base/jdk.internal.reflect.DirectMethodHandleAccessor.invoke(DirectMethodHandleAccessor.java:103) ~[?:?]
	at java.base/java.lang.reflect.Method.invoke(Method.java:580) ~[?:?]
	at DevLaunch@1.0.1/net.neoforged.devlaunch.Main.main(Main.java:55) [DevLaunch-1.0.1.jar:?]
[27Mar2026 12:28:06.794] [Render thread/INFO] [net.minecraft.world.item.crafting.RecipeManager/]: Loaded 1592 recipes
[27Mar2026 12:28:07.025] [Render thread/ERROR] [net.minecraft.advancements.AdvancementTree/]: Couldn't load advancements: [jahdoo:augment, jahdoo:augment_core]
[27Mar2026 12:28:07.025] [Render thread/INFO] [net.minecraft.advancements.AdvancementTree/]: Loaded 1513 advancements
[27Mar2026 12:28:07.037] [Render thread/INFO] [Curios API/]: Loaded 19 curio slots
[27Mar2026 12:28:07.042] [Render thread/INFO] [Curios API/]: Loaded 1 curio entities
[27Mar2026 12:28:07.051] [Render thread/INFO] [Moonlight/]: Failed to load custom color set definition {"id":"quark:rune","colors":{"default":"quark:blank_rune"},"replace":false}. Ignoring
[27Mar2026 12:28:07.051] [Render thread/INFO] [Moonlight/]: Failed to load custom color set definition {"id":"suppsquared:sack","colors":{"default":"supplementaries:sack"},"replace":false}. Ignoring
[27Mar2026 12:28:07.051] [Render thread/INFO] [Moonlight/]: Failed to load custom color set definition {"id":"quark:shard","colors":{"default":"quark:clear_shard"},"replace":false}. Ignoring
[27Mar2026 12:28:07.065] [Render thread/WARN] [net.minecraft.core.MappedRegistry/]: Not all defined tags for registry ResourceKey[minecraft:root / minecraft:block] are present in data pack: cataclysm:needs_black_steel_tool, cataclysm:needs_monstrosity_tool
[27Mar2026 12:28:07.682] [Server thread/INFO] [net.minecraft.client.server.IntegratedServer/]: Starting integrated minecraft server version 1.21.1
[27Mar2026 12:28:07.682] [Server thread/INFO] [net.minecraft.server.MinecraftServer/]: Generating keypair
[27Mar2026 12:28:07.832] [Server thread/INFO] [net.bettercombat.logic.WeaponRegistry/]: Encoded Weapon Attribute registry size (with package overhead): 3343 bytes (in 1 string chunks with the size of 10000)
[27Mar2026 12:28:08.058] [Server thread/INFO] [net.minecraft.server.MinecraftServer/]: Preparing start region for dimension minecraft:overworld
[27Mar2026 12:28:08.246] [progressListener/INFO] [net.minecraft.server.level.progress.LoggerChunkProgressListener/]: Preparing spawn area: 0%
[27Mar2026 12:28:08.303] [Server thread/INFO] [net.neoforged.neoforge.server.permission.PermissionAPI/]: Successfully initialized permission handler neoforge:default_handler
[27Mar2026 12:28:08.304] [Server thread/WARN] [net.neoforged.neoforge.common.TagConventionLogWarning/]: 
   Dev warning - Legacy Tags detected. Please migrate your 'forge' namespace tags to the 'c' namespace! See net.neoforged.neoforge.common.Tags.java for all tags.
   NOTE: Many tags have been moved around or renamed. Some new ones were added so please review the new tags.
    And make sure you follow tag conventions for new tags! The convention is `c` with nouns generally being plural and adjectives being singular.
   You can disable this message in NeoForge's common config by setting `logLegacyTagWarnings` to "SILENCED" or see individual tags with "DEV_VERBOSE".

[27Mar2026 12:28:08.317] [progressListener/INFO] [net.minecraft.server.level.progress.LoggerChunkProgressListener/]: Time elapsed: 243 ms
[27Mar2026 12:28:08.439] [Server thread/INFO] [net.minecraft.client.server.IntegratedServer/]: Changing view distance to 15, from 10
[27Mar2026 12:28:08.440] [Server thread/INFO] [net.minecraft.client.server.IntegratedServer/]: Changing simulation distance to 13, from 0
[27Mar2026 12:28:08.973] [Render thread/INFO] [net.bettercombat.BetterCombatMod/]: Received config sync packet
[27Mar2026 12:28:08.990] [Render thread/INFO] [net.bettercombat.logic.WeaponRegistry/]: Decoded Weapon Attribute registry in 1 string chunks
[27Mar2026 12:28:09.434] [Server thread/INFO] [net.minecraft.server.players.PlayerList/]: Shaydeejay[local:E:e5e20138] logged in with entity id 1 at (7.540990497436304, -60.0, 21.047196293836503)
[27Mar2026 12:28:09.523] [Server thread/INFO] [net.minecraft.server.MinecraftServer/]: Shaydeejay joined the game
[27Mar2026 12:28:09.523] [Render thread/INFO] [Iris/]: Reloading pipeline on dimension change: minecraft:overworld => minecraft:overworld
[27Mar2026 12:28:09.524] [Render thread/INFO] [Iris/]: Destroying pipeline minecraft:overworld
[27Mar2026 12:28:09.525] [Render thread/INFO] [Iris/]: Creating pipeline for dimension minecraft:overworld
[27Mar2026 12:28:09.708] [Render thread/INFO] [ChunkBuilder/]: Started 2 worker threads
[27Mar2026 12:28:09.965] [Render thread/WARN] [net.minecraft.client.ClientRecipeBook/]: Unknown recipe category: cataclysm:weapon_fusion/cataclysm:weapon_infusion/wrath_of_the_desert
[27Mar2026 12:28:09.965] [Render thread/WARN] [net.minecraft.client.ClientRecipeBook/]: Unknown recipe category: cataclysm:weapon_fusion/cataclysm:weapon_infusion/void_forge
[27Mar2026 12:28:09.965] [Render thread/WARN] [net.minecraft.client.ClientRecipeBook/]: Unknown recipe category: cataclysm:weapon_fusion/cataclysm:weapon_infusion/brontes
[27Mar2026 12:28:09.965] [Render thread/WARN] [net.minecraft.client.ClientRecipeBook/]: Unknown recipe category: cataclysm:weapon_fusion/cataclysm:weapon_infusion/gauntlet_of_bulwark
[27Mar2026 12:28:09.965] [Render thread/WARN] [net.minecraft.client.ClientRecipeBook/]: Unknown recipe category: cataclysm:weapon_fusion/cataclysm:weapon_infusion/the_immolator
[27Mar2026 12:28:09.965] [Render thread/WARN] [net.minecraft.client.ClientRecipeBook/]: Unknown recipe category: cataclysm:weapon_fusion/cataclysm:weapon_infusion/gauntlet_of_maelstrom
[27Mar2026 12:28:09.965] [Render thread/WARN] [net.minecraft.client.ClientRecipeBook/]: Unknown recipe category: cataclysm:weapon_fusion/cataclysm:weapon_infusion/ignitium_elytra_chestplate
[27Mar2026 12:28:09.965] [Render thread/WARN] [net.minecraft.client.ClientRecipeBook/]: Unknown recipe category: cataclysm:weapon_fusion/cataclysm:weapon_infusion/void_assault_shoulder_weapon
[27Mar2026 12:28:09.965] [Render thread/WARN] [net.minecraft.client.ClientRecipeBook/]: Unknown recipe category: cataclysm:amethyst_bless/cataclysm:amethyst_bless/blessed_amethyst_crab_meat
[27Mar2026 12:28:10.016] [Render thread/INFO] [Moonlight/]: Overriding configs moonlight-common.toml with synced configs (editable)
[27Mar2026 12:28:10.038] [Render thread/INFO] [Moonlight/]: Detected config change in moonlight-common.toml, from neoforge config event
[27Mar2026 12:28:10.045] [Render thread/INFO] [Moonlight/]: Detected config change in moonlight-common.toml, from neoforge config event
[27Mar2026 12:28:10.046] [Render thread/INFO] [Moonlight/]: Synced moonlight-common.toml configs
[27Mar2026 12:28:10.059] [Render thread/INFO] [net.minecraft.advancements.AdvancementTree/]: Loaded 148 advancements
[27Mar2026 12:28:10.551] [FileWatcher-1-thread-1/INFO] [Moonlight/]: Detected config change in moonlight-common.toml, from neoforge config event
[27Mar2026 12:28:12.556] [Server thread/INFO] [net.minecraft.client.server.IntegratedServer/]: Saving and pausing game...
[27Mar2026 12:28:12.598] [Server thread/INFO] [net.minecraft.server.MinecraftServer/]: Saving chunks for level 'ServerLevel[New World]'/minecraft:overworld
[27Mar2026 12:28:12.668] [Server thread/INFO] [net.minecraft.server.MinecraftServer/]: Saving chunks for level 'ServerLevel[New World]'/minecraft:the_nether
[27Mar2026 12:28:12.668] [Server thread/INFO] [net.minecraft.server.MinecraftServer/]: Saving chunks for level 'ServerLevel[New World]'/minecraft:the_end
[27Mar2026 12:28:12.669] [Server thread/INFO] [net.minecraft.server.MinecraftServer/]: Saving chunks for level 'ServerLevel[New World]'/jahdoo:the_trial_nexus-8d423a2d-629d-4c23-8239-302433255f4b
[27Mar2026 12:28:12.678] [Server thread/INFO] [net.minecraft.server.MinecraftServer/]: Saving chunks for level 'ServerLevel[New World]'/jahdoo:shaydeejays_home
[27Mar2026 12:28:20.506] [Server thread/INFO] [net.minecraft.client.server.IntegratedServer/]: Saving and pausing game...
[27Mar2026 12:28:20.519] [Server thread/INFO] [net.minecraft.server.MinecraftServer/]: Saving chunks for level 'ServerLevel[New World]'/minecraft:overworld
[27Mar2026 12:28:20.522] [Server thread/INFO] [net.minecraft.server.MinecraftServer/]: Saving chunks for level 'ServerLevel[New World]'/minecraft:the_nether
[27Mar2026 12:28:20.522] [Server thread/INFO] [net.minecraft.server.MinecraftServer/]: Saving chunks for level 'ServerLevel[New World]'/minecraft:the_end
[27Mar2026 12:28:20.522] [Server thread/INFO] [net.minecraft.server.MinecraftServer/]: Saving chunks for level 'ServerLevel[New World]'/jahdoo:the_trial_nexus-8d423a2d-629d-4c23-8239-302433255f4b
[27Mar2026 12:28:20.524] [Server thread/INFO] [net.minecraft.server.MinecraftServer/]: Saving chunks for level 'ServerLevel[New World]'/jahdoo:shaydeejays_home
[27Mar2026 12:28:21.424] [Render thread/INFO] [net.minecraft.client.Minecraft/]: Stopping!
[27Mar2026 12:28:21.461] [Server thread/INFO] [net.minecraft.server.network.ServerGamePacketListenerImpl/]: Shaydeejay lost connection: Disconnected
[27Mar2026 12:28:21.461] [Server thread/INFO] [net.minecraft.server.MinecraftServer/]: Shaydeejay left the game
[27Mar2026 12:28:21.479] [Server thread/INFO] [net.minecraft.server.network.ServerCommonPacketListenerImpl/]: Stopping singleplayer server as player logged out
[27Mar2026 12:28:21.507] [Server thread/INFO] [net.minecraft.server.MinecraftServer/]: Stopping server
[27Mar2026 12:28:21.507] [Server thread/INFO] [net.minecraft.server.MinecraftServer/]: Saving players
[27Mar2026 12:28:21.507] [Server thread/INFO] [net.minecraft.server.MinecraftServer/]: Saving worlds
[27Mar2026 12:28:21.590] [Server thread/INFO] [net.minecraft.server.MinecraftServer/]: Saving chunks for level 'ServerLevel[New World]'/minecraft:overworld
[27Mar2026 12:28:21.643] [Server thread/INFO] [net.minecraft.server.MinecraftServer/]: Saving chunks for level 'ServerLevel[New World]'/minecraft:the_nether
[27Mar2026 12:28:21.647] [Server thread/INFO] [net.minecraft.server.MinecraftServer/]: Saving chunks for level 'ServerLevel[New World]'/minecraft:the_end
[27Mar2026 12:28:21.651] [Server thread/INFO] [net.minecraft.server.MinecraftServer/]: Saving chunks for level 'ServerLevel[New World]'/jahdoo:the_trial_nexus-8d423a2d-629d-4c23-8239-302433255f4b
[27Mar2026 12:28:21.656] [Server thread/INFO] [net.minecraft.server.MinecraftServer/]: Saving chunks for level 'ServerLevel[New World]'/jahdoo:shaydeejays_home
[27Mar2026 12:28:21.669] [Server thread/INFO] [net.minecraft.server.MinecraftServer/]: ThreadedAnvilChunkStorage (New World (1)): All chunks are saved
[27Mar2026 12:28:21.669] [Server thread/INFO] [net.minecraft.server.MinecraftServer/]: ThreadedAnvilChunkStorage (DIM-1): All chunks are saved
[27Mar2026 12:28:21.669] [Server thread/INFO] [net.minecraft.server.MinecraftServer/]: ThreadedAnvilChunkStorage (DIM1): All chunks are saved
[27Mar2026 12:28:21.669] [Server thread/INFO] [net.minecraft.server.MinecraftServer/]: ThreadedAnvilChunkStorage (the_trial_nexus-8d423a2d-629d-4c23-8239-302433255f4b): All chunks are saved
[27Mar2026 12:28:21.669] [Server thread/INFO] [net.minecraft.server.MinecraftServer/]: ThreadedAnvilChunkStorage (shaydeejays_home): All chunks are saved
[27Mar2026 12:28:21.669] [Server thread/INFO] [net.minecraft.server.MinecraftServer/]: ThreadedAnvilChunkStorage: All dimensions are saved
[27Mar2026 12:28:21.710] [Render thread/INFO] [ChunkBuilder/]: Stopping worker threads
